⚠ Port 3000 is in use by process 15944, using available port 3001 instead.
▲ Next.js 16.2.10 (Turbopack)
- Local:         http://localhost:3001
- Network:       http://100.95.70.29:3001
✓ Ready in 495ms
⨯ Another next dev server is already running.

- Local:        http://localhost:3000
- PID:          15944
- Dir:          C:\Users\L O Q\Documents\BIMA\BIMA-BASE-STATION\gcs_js
- Log:          .next\dev\logs\next-development.log

Run taskkill /PID 15944 /F to stop it.
[?25h
▲ Next.js 16.2.10 (Turbopack)
- Local:         http://localhost:3000
- Network:       http://100.95.70.29:3000
✓ Ready in 428ms

 GET /mission 200 in 923ms (next.js: 648ms, application-code: 275ms)
 GET /mission 200 in 945ms (next.js: 849ms, application-code: 96ms)
 GET /mission 200 in 55ms (next.js: 3ms, application-code: 52ms)
 GET /mission 200 in 78ms (next.js: 6ms, application-code: 72ms)
 GET /mission 200 in 50ms (next.js: 3ms, application-code: 47ms)
 GET /mission 200 in 47ms (next.js: 3ms, application-code: 44ms)
 GET / 200 in 123ms (next.js: 51ms, application-code: 73ms)
 GET / 200 in 24ms (next.js: 6ms, application-code: 19ms)
 GET /mission 200 in 20ms (next.js: 3ms, application-code: 17ms)
 GET /mission 200 in 100ms (next.js: 7ms, application-code: 93ms)
 GET /mission 200 in 43ms (next.js: 5ms, application-code: 39ms)
 GET /mission 200 in 48ms (next.js: 4ms, application-code: 44ms)
 GET /mission 200 in 82ms (next.js: 6ms, application-code: 76ms)
 GET /mission 200 in 90ms (next.js: 7ms, application-code: 84ms)
⚠ Blocked cross-origin request to Next.js dev resource /_next/webpack-hmr from "127.0.0.1".
Cross-origin access to Next.js dev resources is blocked by default for safety.

To allow this host in development, add it to "allowedDevOrigins" in next.config.js and restart the dev server:

// next.config.js
module.exports = {
  allowedDevOrigins: ['127.0.0.1'],
}

Read more: https://nextjs.org/docs/app/api-reference/config/next-config-js/allowedDevOrigins
 GET /params 200 in 107ms (next.js: 51ms, application-code: 55ms)
 GET /mission 200 in 48ms (next.js: 2ms, application-code: 46ms)
 GET /mission 200 in 46ms (next.js: 3ms, application-code: 43ms)
 GET /mission 200 in 47ms (next.js: 3ms, application-code: 44ms)
 GET /params 200 in 54ms (next.js: 3ms, application-code: 51ms)
 GET /mission 200 in 58ms (next.js: 4ms, application-code: 54ms)
 GET /params 200 in 37ms (next.js: 3ms, application-code: 34ms)
 GET /mission 200 in 46ms (next.js: 1881µs, application-code: 44ms)
 GET /mission 200 in 71ms (next.js: 3ms, application-code: 68ms)
 GET /params 200 in 42ms (next.js: 3ms, application-code: 39ms)
 GET /params 200 in 25ms (next.js: 3ms, application-code: 22ms)
 GET /mission 200 in 46ms (next.js: 3ms, application-code: 42ms)
 GET /mission 200 in 23ms (next.js: 2ms, application-code: 21ms)
 GET /mission 200 in 58ms (next.js: 2ms, application-code: 56ms)
 GET /mission 200 in 41ms (next.js: 4ms, application-code: 38ms)
 GET / 200 in 26ms (next.js: 6ms, application-code: 20ms)
 GET /mission 200 in 37ms (next.js: 2ms, application-code: 35ms)
 GET /mission 200 in 42ms (next.js: 4ms, application-code: 39ms)
 GET /mission 200 in 42ms (next.js: 3ms, application-code: 39ms)
 GET /mission 200 in 38ms (next.js: 3ms, application-code: 35ms)
 GET /mission 200 in 90ms (next.js: 8ms, application-code: 82ms)
 GET /mission 200 in 55ms (next.js: 6ms, application-code: 49ms)
 GET /mission 200 in 52ms (next.js: 3ms, application-code: 49ms)
 GET /mission 200 in 29ms (next.js: 3ms, application-code: 26ms)
 GET /params 200 in 30ms (next.js: 9ms, application-code: 22ms)
 GET /mission 200 in 21ms (next.js: 3ms, application-code: 18ms)
 GET /mission 200 in 56ms (next.js: 3ms, application-code: 53ms)
 GET /mission 200 in 42ms (next.js: 3ms, application-code: 39ms)
 GET /mission 200 in 43ms (next.js: 3ms, application-code: 40ms)
 GET /mission 200 in 65ms (next.js: 3ms, application-code: 63ms)
 GET /mission 200 in 58ms (next.js: 4ms, application-code: 54ms)
 GET /mission 200 in 102ms (next.js: 4ms, application-code: 98ms)
 GET /mission 200 in 49ms (next.js: 5ms, application-code: 43ms)
 GET /mission 200 in 55ms (next.js: 2ms, application-code: 52ms)
 GET /mission 200 in 64ms (next.js: 4ms, application-code: 60ms)
 GET /mission 200 in 424ms (next.js: 221ms, application-code: 203ms)
 GET /mission 200 in 436ms (next.js: 275ms, application-code: 160ms)
 GET /mission 200 in 150ms (next.js: 58ms, application-code: 92ms)
 GET /mission 200 in 60ms (next.js: 7ms, application-code: 53ms)
 GET /params 200 in 46ms (next.js: 21ms, application-code: 24ms)
 GET /mission 200 in 44ms (next.js: 5ms, application-code: 39ms)
 GET /mission 200 in 195ms (next.js: 3ms, application-code: 192ms)
 GET /mission 200 in 71ms (next.js: 4ms, application-code: 67ms)
▲ Next.js 16.2.10 (Turbopack)
- Local:         http://localhost:3000
- Network:       http://100.95.70.29:3000
✓ Ready in 690ms

 GET /mission 200 in 629ms (next.js: 191ms, application-code: 438ms)
 GET /mission 200 in 234ms (next.js: 21ms, application-code: 213ms)
 GET /mission 200 in 168ms (next.js: 13ms, application-code: 155ms)
 GET /mission 200 in 310ms (next.js: 62ms, application-code: 248ms)
 GET /mission 200 in 68ms (next.js: 4ms, application-code: 65ms)
 GET /mission 200 in 86ms (next.js: 7ms, application-code: 80ms)
 GET /mission 200 in 52ms (next.js: 5ms, application-code: 47ms)
▲ Next.js 16.2.10 (Turbopack)
- Local:         http://localhost:3000
- Network:       http://100.95.70.29:3000
✓ Ready in 845ms

○ Compiling /mission ...
⚠ [next]/internal/font/google/jetbrains_mono_d5591ac2.module.css
Error while requesting resource
There was an issue establishing a connection while requesting https://fonts.googleapis.com/css2?family=JetBrains+Mono:wght@100..800&display=swap

Import trace:
  Server Component:
    [next]/internal/font/google/jetbrains_mono_d5591ac2.module.css
    [next]/internal/font/google/jetbrains_mono_d5591ac2.js
    ./src/app/layout.tsx


⚠ [next]/internal/font/google/jetbrains_mono_d5591ac2.module.css
next/font: warning:
Failed to download `JetBrains Mono` from Google Fonts. Using fallback font instead.

Import trace:
  Server Component:
    [next]/internal/font/google/jetbrains_mono_d5591ac2.module.css
    [next]/internal/font/google/jetbrains_mono_d5591ac2.js
    ./src/app/layout.tsx


⚠ [next]/internal/font/google/jetbrains_mono_d5591ac2.module.css
Error while requesting resource
There was an issue establishing a connection while requesting https://fonts.googleapis.com/css2?family=JetBrains+Mono:wght@100..800&display=swap

Import trace:
  Server Component:
    [next]/internal/font/google/jetbrains_mono_d5591ac2.module.css
    [next]/internal/font/google/jetbrains_mono_d5591ac2.js
    ./src/app/layout.tsx


⚠ [next]/internal/font/google/jetbrains_mono_d5591ac2.module.css
next/font: warning:
Failed to download `JetBrains Mono` from Google Fonts. Using fallback font instead.

Import trace:
  Server Component:
    [next]/internal/font/google/jetbrains_mono_d5591ac2.module.css
    [next]/internal/font/google/jetbrains_mono_d5591ac2.js
    ./src/app/layout.tsx


⚠ [next]/internal/font/google/jetbrains_mono_d5591ac2.module.css
Error while requesting resource
There was an issue establishing a connection while requesting https://fonts.googleapis.com/css2?family=JetBrains+Mono:wght@100..800&display=swap

Import trace:
  Server Component:
    [next]/internal/font/google/jetbrains_mono_d5591ac2.module.css
    [next]/internal/font/google/jetbrains_mono_d5591ac2.js
    ./src/app/layout.tsx


⚠ [next]/internal/font/google/jetbrains_mono_d5591ac2.module.css
next/font: warning:
Failed to download `JetBrains Mono` from Google Fonts. Using fallback font instead.

Import trace:
  Server Component:
    [next]/internal/font/google/jetbrains_mono_d5591ac2.module.css
    [next]/internal/font/google/jetbrains_mono_d5591ac2.js
    ./src/app/layout.tsx


 GET /mission 200 in 4.2s (next.js: 3.7s, application-code: 524ms)
 GET /mission 200 in 4.2s (next.js: 3.8s, application-code: 430ms)
 GET /mission 200 in 123ms (next.js: 10ms, application-code: 113ms)
⚠ [next]/internal/font/google/jetbrains_mono_d5591ac2.module.css
Error while requesting resource
There was an issue establishing a connection while requesting https://fonts.googleapis.com/css2?family=JetBrains+Mono:wght@100..800&display=swap

Import trace:
  Server Component:
    [next]/internal/font/google/jetbrains_mono_d5591ac2.module.css
    [next]/internal/font/google/jetbrains_mono_d5591ac2.js
    ./src/app/layout.tsx


⚠ [next]/internal/font/google/jetbrains_mono_d5591ac2.module.css
next/font: warning:
Failed to download `JetBrains Mono` from Google Fonts. Using fallback font instead.

Import trace:
  Server Component:
    [next]/internal/font/google/jetbrains_mono_d5591ac2.module.css
    [next]/internal/font/google/jetbrains_mono_d5591ac2.js
    ./src/app/layout.tsx


⚠ [next]/internal/font/google/jetbrains_mono_d5591ac2.module.css
Error while requesting resource
There was an issue establishing a connection while requesting https://fonts.googleapis.com/css2?family=JetBrains+Mono:wght@100..800&display=swap

Import trace:
  Server Component:
    [next]/internal/font/google/jetbrains_mono_d5591ac2.module.css
    [next]/internal/font/google/jetbrains_mono_d5591ac2.js
    ./src/app/layout.tsx


⚠ [next]/internal/font/google/jetbrains_mono_d5591ac2.module.css
next/font: warning:
Failed to download `JetBrains Mono` from Google Fonts. Using fallback font instead.

Import trace:
  Server Component:
    [next]/internal/font/google/jetbrains_mono_d5591ac2.module.css
    [next]/internal/font/google/jetbrains_mono_d5591ac2.js
    ./src/app/layout.tsx


⚠ [next]/internal/font/google/jetbrains_mono_d5591ac2.module.css
Error while requesting resource
There was an issue establishing a connection while requesting https://fonts.googleapis.com/css2?family=JetBrains+Mono:wght@100..800&display=swap

Import trace:
  Server Component:
    [next]/internal/font/google/jetbrains_mono_d5591ac2.module.css
    [next]/internal/font/google/jetbrains_mono_d5591ac2.js
    ./src/app/layout.tsx


⚠ [next]/internal/font/google/jetbrains_mono_d5591ac2.module.css
next/font: warning:
Failed to download `JetBrains Mono` from Google Fonts. Using fallback font instead.

Import trace:
  Server Component:
    [next]/internal/font/google/jetbrains_mono_d5591ac2.module.css
    [next]/internal/font/google/jetbrains_mono_d5591ac2.js
    ./src/app/layout.tsx


⚠ [next]/internal/font/google/jetbrains_mono_d5591ac2.module.css
Error while requesting resource
There was an issue establishing a connection while requesting https://fonts.googleapis.com/css2?family=JetBrains+Mono:wght@100..800&display=swap

Import trace:
  Server Component:
    [next]/internal/font/google/jetbrains_mono_d5591ac2.module.css
    [next]/internal/font/google/jetbrains_mono_d5591ac2.js
    ./src/app/layout.tsx


⚠ [next]/internal/font/google/jetbrains_mono_d5591ac2.module.css
next/font: warning:
Failed to download `JetBrains Mono` from Google Fonts. Using fallback font instead.

Import trace:
  Server Component:
    [next]/internal/font/google/jetbrains_mono_d5591ac2.module.css
    [next]/internal/font/google/jetbrains_mono_d5591ac2.js
    ./src/app/layout.tsx


⚠ [next]/internal/font/google/jetbrains_mono_d5591ac2.module.css
Error while requesting resource
There was an issue establishing a connection while requesting https://fonts.googleapis.com/css2?family=JetBrains+Mono:wght@100..800&display=swap

Import trace:
  Server Component:
    [next]/internal/font/google/jetbrains_mono_d5591ac2.module.css
    [next]/internal/font/google/jetbrains_mono_d5591ac2.js
    ./src/app/layout.tsx


⚠ [next]/internal/font/google/jetbrains_mono_d5591ac2.module.css
next/font: warning:
Failed to download `JetBrains Mono` from Google Fonts. Using fallback font instead.

Import trace:
  Server Component:
    [next]/internal/font/google/jetbrains_mono_d5591ac2.module.css
    [next]/internal/font/google/jetbrains_mono_d5591ac2.js
    ./src/app/layout.tsx


 GET /mission 200 in 20ms (next.js: 8ms, application-code: 12ms)
⚠ [next]/internal/font/google/jetbrains_mono_d5591ac2.module.css
Error while requesting resource
There was an issue establishing a connection while requesting https://fonts.googleapis.com/css2?family=JetBrains+Mono:wght@100..800&display=swap

Import trace:
  Server Component:
    [next]/internal/font/google/jetbrains_mono_d5591ac2.module.css
    [next]/internal/font/google/jetbrains_mono_d5591ac2.js
    ./src/app/layout.tsx


⚠ [next]/internal/font/google/jetbrains_mono_d5591ac2.module.css
next/font: warning:
Failed to download `JetBrains Mono` from Google Fonts. Using fallback font instead.

Import trace:
  Server Component:
    [next]/internal/font/google/jetbrains_mono_d5591ac2.module.css
    [next]/internal/font/google/jetbrains_mono_d5591ac2.js
    ./src/app/layout.tsx


 GET /mission 200 in 21ms (next.js: 4ms, application-code: 17ms)
⚠ [next]/internal/font/google/jetbrains_mono_d5591ac2.module.css
Error while requesting resource
There was an issue establishing a connection while requesting https://fonts.googleapis.com/css2?family=JetBrains+Mono:wght@100..800&display=swap

Import trace:
  Server Component:
    [next]/internal/font/google/jetbrains_mono_d5591ac2.module.css
    [next]/internal/font/google/jetbrains_mono_d5591ac2.js
    ./src/app/layout.tsx


⚠ [next]/internal/font/google/jetbrains_mono_d5591ac2.module.css
next/font: warning:
Failed to download `JetBrains Mono` from Google Fonts. Using fallback font instead.

Import trace:
  Server Component:
    [next]/internal/font/google/jetbrains_mono_d5591ac2.module.css
    [next]/internal/font/google/jetbrains_mono_d5591ac2.js
    ./src/app/layout.tsx


 GET / 200 in 435ms (next.js: 408ms, application-code: 28ms)
⚠ [next]/internal/font/google/jetbrains_mono_d5591ac2.module.css
Error while requesting resource
There was an issue establishing a connection while requesting https://fonts.googleapis.com/css2?family=JetBrains+Mono:wght@100..800&display=swap

Import trace:
  Server Component:
    [next]/internal/font/google/jetbrains_mono_d5591ac2.module.css
    [next]/internal/font/google/jetbrains_mono_d5591ac2.js
    ./src/app/layout.tsx


⚠ [next]/internal/font/google/jetbrains_mono_d5591ac2.module.css
next/font: warning:
Failed to download `JetBrains Mono` from Google Fonts. Using fallback font instead.

Import trace:
  Server Component:
    [next]/internal/font/google/jetbrains_mono_d5591ac2.module.css
    [next]/internal/font/google/jetbrains_mono_d5591ac2.js
    ./src/app/layout.tsx


 GET / 200 in 31ms (next.js: 6ms, application-code: 25ms)
⚠ [next]/internal/font/google/jetbrains_mono_d5591ac2.module.css
Error while requesting resource
There was an issue establishing a connection while requesting https://fonts.googleapis.com/css2?family=JetBrains+Mono:wght@100..800&display=swap

Import trace:
  Server Component:
    [next]/internal/font/google/jetbrains_mono_d5591ac2.module.css
    [next]/internal/font/google/jetbrains_mono_d5591ac2.js
    ./src/app/layout.tsx


⚠ [next]/internal/font/google/jetbrains_mono_d5591ac2.module.css
next/font: warning:
Failed to download `JetBrains Mono` from Google Fonts. Using fallback font instead.

Import trace:
  Server Component:
    [next]/internal/font/google/jetbrains_mono_d5591ac2.module.css
    [next]/internal/font/google/jetbrains_mono_d5591ac2.js
    ./src/app/layout.tsx


 GET /params 200 in 384ms (next.js: 359ms, application-code: 25ms)
⚠ [next]/internal/font/google/jetbrains_mono_d5591ac2.module.css
Error while requesting resource
There was an issue establishing a connection while requesting https://fonts.googleapis.com/css2?family=JetBrains+Mono:wght@100..800&display=swap

Import trace:
  Server Component:
    [next]/internal/font/google/jetbrains_mono_d5591ac2.module.css
    [next]/internal/font/google/jetbrains_mono_d5591ac2.js
    ./src/app/layout.tsx


⚠ [next]/internal/font/google/jetbrains_mono_d5591ac2.module.css
next/font: warning:
Failed to download `JetBrains Mono` from Google Fonts. Using fallback font instead.

Import trace:
  Server Component:
    [next]/internal/font/google/jetbrains_mono_d5591ac2.module.css
    [next]/internal/font/google/jetbrains_mono_d5591ac2.js
    ./src/app/layout.tsx


 GET / 200 in 22ms (next.js: 4ms, application-code: 19ms)
⚠ [next]/internal/font/google/jetbrains_mono_d5591ac2.module.css
Error while requesting resource
There was an issue establishing a connection while requesting https://fonts.googleapis.com/css2?family=JetBrains+Mono:wght@100..800&display=swap

Import trace:
  Server Component:
    [next]/internal/font/google/jetbrains_mono_d5591ac2.module.css
    [next]/internal/font/google/jetbrains_mono_d5591ac2.js
    ./src/app/layout.tsx


⚠ [next]/internal/font/google/jetbrains_mono_d5591ac2.module.css
next/font: warning:
Failed to download `JetBrains Mono` from Google Fonts. Using fallback font instead.

Import trace:
  Server Component:
    [next]/internal/font/google/jetbrains_mono_d5591ac2.module.css
    [next]/internal/font/google/jetbrains_mono_d5591ac2.js
    ./src/app/layout.tsx


 GET /mission 200 in 25ms (next.js: 4ms, application-code: 21ms)
⚠ [next]/internal/font/google/jetbrains_mono_d5591ac2.module.css
Error while requesting resource
There was an issue establishing a connection while requesting https://fonts.googleapis.com/css2?family=JetBrains+Mono:wght@100..800&display=swap

Import trace:
  Server Component:
    [next]/internal/font/google/jetbrains_mono_d5591ac2.module.css
    [next]/internal/font/google/jetbrains_mono_d5591ac2.js
    ./src/app/layout.tsx


⚠ [next]/internal/font/google/jetbrains_mono_d5591ac2.module.css
next/font: warning:
Failed to download `JetBrains Mono` from Google Fonts. Using fallback font instead.

Import trace:
  Server Component:
    [next]/internal/font/google/jetbrains_mono_d5591ac2.module.css
    [next]/internal/font/google/jetbrains_mono_d5591ac2.js
    ./src/app/layout.tsx


 GET /params 200 in 28ms (next.js: 5ms, application-code: 22ms)
✓ Compiled in 79ms
⚠ [next]/internal/font/google/jetbrains_mono_d5591ac2.module.css
Error while requesting resource
There was an issue establishing a connection while requesting https://fonts.googleapis.com/css2?family=JetBrains+Mono:wght@100..800&display=swap

Import trace:
  Server Component:
    [next]/internal/font/google/jetbrains_mono_d5591ac2.module.css
    [next]/internal/font/google/jetbrains_mono_d5591ac2.js
    ./src/app/layout.tsx


⚠ [next]/internal/font/google/jetbrains_mono_d5591ac2.module.css
next/font: warning:
Failed to download `JetBrains Mono` from Google Fonts. Using fallback font instead.

Import trace:
  Server Component:
    [next]/internal/font/google/jetbrains_mono_d5591ac2.module.css
    [next]/internal/font/google/jetbrains_mono_d5591ac2.js
    ./src/app/layout.tsx


 GET /mission 200 in 54ms (next.js: 6ms, application-code: 48ms)
⚠ [next]/internal/font/google/jetbrains_mono_d5591ac2.module.css
Error while requesting resource
There was an issue establishing a connection while requesting https://fonts.googleapis.com/css2?family=JetBrains+Mono:wght@100..800&display=swap

Import trace:
  Server Component:
    [next]/internal/font/google/jetbrains_mono_d5591ac2.module.css
    [next]/internal/font/google/jetbrains_mono_d5591ac2.js
    ./src/app/layout.tsx


⚠ [next]/internal/font/google/jetbrains_mono_d5591ac2.module.css
next/font: warning:
Failed to download `JetBrains Mono` from Google Fonts. Using fallback font instead.

Import trace:
  Server Component:
    [next]/internal/font/google/jetbrains_mono_d5591ac2.module.css
    [next]/internal/font/google/jetbrains_mono_d5591ac2.js
    ./src/app/layout.tsx


⚠ [next]/internal/font/google/jetbrains_mono_d5591ac2.module.css
Error while requesting resource
There was an issue establishing a connection while requesting https://fonts.googleapis.com/css2?family=JetBrains+Mono:wght@100..800&display=swap

Import trace:
  Server Component:
    [next]/internal/font/google/jetbrains_mono_d5591ac2.module.css
    [next]/internal/font/google/jetbrains_mono_d5591ac2.js
    ./src/app/layout.tsx


⚠ [next]/internal/font/google/jetbrains_mono_d5591ac2.module.css
next/font: warning:
Failed to download `JetBrains Mono` from Google Fonts. Using fallback font instead.

Import trace:
  Server Component:
    [next]/internal/font/google/jetbrains_mono_d5591ac2.module.css
    [next]/internal/font/google/jetbrains_mono_d5591ac2.js
    ./src/app/layout.tsx


⚠ [next]/internal/font/google/jetbrains_mono_d5591ac2.module.css
Error while requesting resource
There was an issue establishing a connection while requesting https://fonts.googleapis.com/css2?family=JetBrains+Mono:wght@100..800&display=swap

Import trace:
  Server Component:
    [next]/internal/font/google/jetbrains_mono_d5591ac2.module.css
    [next]/internal/font/google/jetbrains_mono_d5591ac2.js
    ./src/app/layout.tsx


⚠ [next]/internal/font/google/jetbrains_mono_d5591ac2.module.css
next/font: warning:
Failed to download `JetBrains Mono` from Google Fonts. Using fallback font instead.

Import trace:
  Server Component:
    [next]/internal/font/google/jetbrains_mono_d5591ac2.module.css
    [next]/internal/font/google/jetbrains_mono_d5591ac2.js
    ./src/app/layout.tsx


⚠ [next]/internal/font/google/jetbrains_mono_d5591ac2.module.css
Error while requesting resource
There was an issue establishing a connection while requesting https://fonts.googleapis.com/css2?family=JetBrains+Mono:wght@100..800&display=swap

Import trace:
  Server Component:
    [next]/internal/font/google/jetbrains_mono_d5591ac2.module.css
    [next]/internal/font/google/jetbrains_mono_d5591ac2.js
    ./src/app/layout.tsx


⚠ [next]/internal/font/google/jetbrains_mono_d5591ac2.module.css
next/font: warning:
Failed to download `JetBrains Mono` from Google Fonts. Using fallback font instead.

Import trace:
  Server Component:
    [next]/internal/font/google/jetbrains_mono_d5591ac2.module.css
    [next]/internal/font/google/jetbrains_mono_d5591ac2.js
    ./src/app/layout.tsx


 GET /mission 200 in 24ms (next.js: 5ms, application-code: 19ms)
⚠ [next]/internal/font/google/jetbrains_mono_d5591ac2.module.css
Error while requesting resource
There was an issue establishing a connection while requesting https://fonts.googleapis.com/css2?family=JetBrains+Mono:wght@100..800&display=swap

Import trace:
  Server Component:
    [next]/internal/font/google/jetbrains_mono_d5591ac2.module.css
    [next]/internal/font/google/jetbrains_mono_d5591ac2.js
    ./src/app/layout.tsx


⚠ [next]/internal/font/google/jetbrains_mono_d5591ac2.module.css
next/font: warning:
Failed to download `JetBrains Mono` from Google Fonts. Using fallback font instead.

Import trace:
  Server Component:
    [next]/internal/font/google/jetbrains_mono_d5591ac2.module.css
    [next]/internal/font/google/jetbrains_mono_d5591ac2.js
    ./src/app/layout.tsx


 GET /mission 200 in 48ms (next.js: 3ms, application-code: 45ms)
⚠ [next]/internal/font/google/jetbrains_mono_d5591ac2.module.css
Error while requesting resource
There was an issue establishing a connection while requesting https://fonts.googleapis.com/css2?family=JetBrains+Mono:wght@100..800&display=swap

Import trace:
  Server Component:
    [next]/internal/font/google/jetbrains_mono_d5591ac2.module.css
    [next]/internal/font/google/jetbrains_mono_d5591ac2.js
    ./src/app/layout.tsx


⚠ [next]/internal/font/google/jetbrains_mono_d5591ac2.module.css
next/font: warning:
Failed to download `JetBrains Mono` from Google Fonts. Using fallback font instead.

Import trace:
  Server Component:
    [next]/internal/font/google/jetbrains_mono_d5591ac2.module.css
    [next]/internal/font/google/jetbrains_mono_d5591ac2.js
    ./src/app/layout.tsx


⚠ [next]/internal/font/google/jetbrains_mono_d5591ac2.module.css
Error while requesting resource
There was an issue establishing a connection while requesting https://fonts.googleapis.com/css2?family=JetBrains+Mono:wght@100..800&display=swap

Import trace:
  Server Component:
    [next]/internal/font/google/jetbrains_mono_d5591ac2.module.css
    [next]/internal/font/google/jetbrains_mono_d5591ac2.js
    ./src/app/layout.tsx


⚠ [next]/internal/font/google/jetbrains_mono_d5591ac2.module.css
next/font: warning:
Failed to download `JetBrains Mono` from Google Fonts. Using fallback font instead.

Import trace:
  Server Component:
    [next]/internal/font/google/jetbrains_mono_d5591ac2.module.css
    [next]/internal/font/google/jetbrains_mono_d5591ac2.js
    ./src/app/layout.tsx


⚠ [next]/internal/font/google/jetbrains_mono_d5591ac2.module.css
Error while requesting resource
There was an issue establishing a connection while requesting https://fonts.googleapis.com/css2?family=JetBrains+Mono:wght@100..800&display=swap

Import trace:
  Server Component:
    [next]/internal/font/google/jetbrains_mono_d5591ac2.module.css
    [next]/internal/font/google/jetbrains_mono_d5591ac2.js
    ./src/app/layout.tsx


⚠ [next]/internal/font/google/jetbrains_mono_d5591ac2.module.css
next/font: warning:
Failed to download `JetBrains Mono` from Google Fonts. Using fallback font instead.

Import trace:
  Server Component:
    [next]/internal/font/google/jetbrains_mono_d5591ac2.module.css
    [next]/internal/font/google/jetbrains_mono_d5591ac2.js
    ./src/app/layout.tsx


▲ Next.js 16.2.10 (Turbopack)
- Local:         http://localhost:3000
- Network:       http://100.95.70.29:3000
✓ Ready in 782ms

⚠ [next]/internal/font/google/jetbrains_mono_d5591ac2.module.css
Error while requesting resource
There was an issue establishing a connection while requesting https://fonts.googleapis.com/css2?family=JetBrains+Mono:wght@100..800&display=swap

Import trace:
  Server Component:
    [next]/internal/font/google/jetbrains_mono_d5591ac2.module.css
    [next]/internal/font/google/jetbrains_mono_d5591ac2.js
    ./src/app/layout.tsx


⚠ [next]/internal/font/google/jetbrains_mono_d5591ac2.module.css
next/font: warning:
Failed to download `JetBrains Mono` from Google Fonts. Using fallback font instead.

Import trace:
  Server Component:
    [next]/internal/font/google/jetbrains_mono_d5591ac2.module.css
    [next]/internal/font/google/jetbrains_mono_d5591ac2.js
    ./src/app/layout.tsx


⚠ [next]/internal/font/google/jetbrains_mono_d5591ac2.module.css
Error while requesting resource
There was an issue establishing a connection while requesting https://fonts.googleapis.com/css2?family=JetBrains+Mono:wght@100..800&display=swap

Import trace:
  Server Component:
    [next]/internal/font/google/jetbrains_mono_d5591ac2.module.css
    [next]/internal/font/google/jetbrains_mono_d5591ac2.js
    ./src/app/layout.tsx


⚠ [next]/internal/font/google/jetbrains_mono_d5591ac2.module.css
next/font: warning:
Failed to download `JetBrains Mono` from Google Fonts. Using fallback font instead.

Import trace:
  Server Component:
    [next]/internal/font/google/jetbrains_mono_d5591ac2.module.css
    [next]/internal/font/google/jetbrains_mono_d5591ac2.js
    ./src/app/layout.tsx


⚠ [next]/internal/font/google/jetbrains_mono_d5591ac2.module.css
Error while requesting resource
There was an issue establishing a connection while requesting https://fonts.googleapis.com/css2?family=JetBrains+Mono:wght@100..800&display=swap

Import trace:
  Server Component:
    [next]/internal/font/google/jetbrains_mono_d5591ac2.module.css
    [next]/internal/font/google/jetbrains_mono_d5591ac2.js
    ./src/app/layout.tsx


⚠ [next]/internal/font/google/jetbrains_mono_d5591ac2.module.css
next/font: warning:
Failed to download `JetBrains Mono` from Google Fonts. Using fallback font instead.

Import trace:
  Server Component:
    [next]/internal/font/google/jetbrains_mono_d5591ac2.module.css
    [next]/internal/font/google/jetbrains_mono_d5591ac2.js
    ./src/app/layout.tsx


 GET /mission 200 in 3.2s (next.js: 2.8s, application-code: 420ms)
 GET /mission 200 in 3.1s (next.js: 2.8s, application-code: 356ms)
 GET /mission 200 in 118ms (next.js: 9ms, application-code: 109ms)
⚠ [next]/internal/font/google/jetbrains_mono_d5591ac2.module.css
Error while requesting resource
There was an issue establishing a connection while requesting https://fonts.googleapis.com/css2?family=JetBrains+Mono:wght@100..800&display=swap

Import trace:
  Server Component:
    [next]/internal/font/google/jetbrains_mono_d5591ac2.module.css
    [next]/internal/font/google/jetbrains_mono_d5591ac2.js
    ./src/app/layout.tsx


⚠ [next]/internal/font/google/jetbrains_mono_d5591ac2.module.css
next/font: warning:
Failed to download `JetBrains Mono` from Google Fonts. Using fallback font instead.

Import trace:
  Server Component:
    [next]/internal/font/google/jetbrains_mono_d5591ac2.module.css
    [next]/internal/font/google/jetbrains_mono_d5591ac2.js
    ./src/app/layout.tsx


⚠ [next]/internal/font/google/jetbrains_mono_d5591ac2.module.css
Error while requesting resource
There was an issue establishing a connection while requesting https://fonts.googleapis.com/css2?family=JetBrains+Mono:wght@100..800&display=swap

Import trace:
  Server Component:
    [next]/internal/font/google/jetbrains_mono_d5591ac2.module.css
    [next]/internal/font/google/jetbrains_mono_d5591ac2.js
    ./src/app/layout.tsx


⚠ [next]/internal/font/google/jetbrains_mono_d5591ac2.module.css
next/font: warning:
Failed to download `JetBrains Mono` from Google Fonts. Using fallback font instead.

Import trace:
  Server Component:
    [next]/internal/font/google/jetbrains_mono_d5591ac2.module.css
    [next]/internal/font/google/jetbrains_mono_d5591ac2.js
    ./src/app/layout.tsx


⚠ [next]/internal/font/google/jetbrains_mono_d5591ac2.module.css
Error while requesting resource
There was an issue establishing a connection while requesting https://fonts.googleapis.com/css2?family=JetBrains+Mono:wght@100..800&display=swap

Import trace:
  Server Component:
    [next]/internal/font/google/jetbrains_mono_d5591ac2.module.css
    [next]/internal/font/google/jetbrains_mono_d5591ac2.js
    ./src/app/layout.tsx


⚠ [next]/internal/font/google/jetbrains_mono_d5591ac2.module.css
next/font: warning:
Failed to download `JetBrains Mono` from Google Fonts. Using fallback font instead.

Import trace:
  Server Component:
    [next]/internal/font/google/jetbrains_mono_d5591ac2.module.css
    [next]/internal/font/google/jetbrains_mono_d5591ac2.js
    ./src/app/layout.tsx


⚠ [next]/internal/font/google/jetbrains_mono_d5591ac2.module.css
Error while requesting resource
There was an issue establishing a connection while requesting https://fonts.googleapis.com/css2?family=JetBrains+Mono:wght@100..800&display=swap

Import trace:
  Server Component:
    [next]/internal/font/google/jetbrains_mono_d5591ac2.module.css
    [next]/internal/font/google/jetbrains_mono_d5591ac2.js
    ./src/app/layout.tsx


⚠ [next]/internal/font/google/jetbrains_mono_d5591ac2.module.css
next/font: warning:
Failed to download `JetBrains Mono` from Google Fonts. Using fallback font instead.

Import trace:
  Server Component:
    [next]/internal/font/google/jetbrains_mono_d5591ac2.module.css
    [next]/internal/font/google/jetbrains_mono_d5591ac2.js
    ./src/app/layout.tsx


 GET /mission 200 in 86ms (next.js: 6ms, application-code: 80ms)
⚠ [next]/internal/font/google/jetbrains_mono_d5591ac2.module.css
Error while requesting resource
There was an issue establishing a connection while requesting https://fonts.googleapis.com/css2?family=JetBrains+Mono:wght@100..800&display=swap

Import trace:
  Server Component:
    [next]/internal/font/google/jetbrains_mono_d5591ac2.module.css
    [next]/internal/font/google/jetbrains_mono_d5591ac2.js
    ./src/app/layout.tsx


⚠ [next]/internal/font/google/jetbrains_mono_d5591ac2.module.css
next/font: warning:
Failed to download `JetBrains Mono` from Google Fonts. Using fallback font instead.

Import trace:
  Server Component:
    [next]/internal/font/google/jetbrains_mono_d5591ac2.module.css
    [next]/internal/font/google/jetbrains_mono_d5591ac2.js
    ./src/app/layout.tsx


⚠ [next]/internal/font/google/jetbrains_mono_d5591ac2.module.css
Error while requesting resource
There was an issue establishing a connection while requesting https://fonts.googleapis.com/css2?family=JetBrains+Mono:wght@100..800&display=swap

Import trace:
  Server Component:
    [next]/internal/font/google/jetbrains_mono_d5591ac2.module.css
    [next]/internal/font/google/jetbrains_mono_d5591ac2.js
    ./src/app/layout.tsx


⚠ [next]/internal/font/google/jetbrains_mono_d5591ac2.module.css
next/font: warning:
Failed to download `JetBrains Mono` from Google Fonts. Using fallback font instead.

Import trace:
  Server Component:
    [next]/internal/font/google/jetbrains_mono_d5591ac2.module.css
    [next]/internal/font/google/jetbrains_mono_d5591ac2.js
    ./src/app/layout.tsx


 GET / 200 in 943ms (next.js: 860ms, application-code: 83ms)
⚠ [next]/internal/font/google/jetbrains_mono_d5591ac2.module.css
Error while requesting resource
There was an issue establishing a connection while requesting https://fonts.googleapis.com/css2?family=JetBrains+Mono:wght@100..800&display=swap

Import trace:
  Server Component:
    [next]/internal/font/google/jetbrains_mono_d5591ac2.module.css
    [next]/internal/font/google/jetbrains_mono_d5591ac2.js
    ./src/app/layout.tsx


⚠ [next]/internal/font/google/jetbrains_mono_d5591ac2.module.css
next/font: warning:
Failed to download `JetBrains Mono` from Google Fonts. Using fallback font instead.

Import trace:
  Server Component:
    [next]/internal/font/google/jetbrains_mono_d5591ac2.module.css
    [next]/internal/font/google/jetbrains_mono_d5591ac2.js
    ./src/app/layout.tsx


 GET / 200 in 88ms (next.js: 12ms, application-code: 76ms)
⚠ [next]/internal/font/google/jetbrains_mono_d5591ac2.module.css
Error while requesting resource
There was an issue establishing a connection while requesting https://fonts.googleapis.com/css2?family=JetBrains+Mono:wght@100..800&display=swap

Import trace:
  Server Component:
    [next]/internal/font/google/jetbrains_mono_d5591ac2.module.css
    [next]/internal/font/google/jetbrains_mono_d5591ac2.js
    ./src/app/layout.tsx


⚠ [next]/internal/font/google/jetbrains_mono_d5591ac2.module.css
next/font: warning:
Failed to download `JetBrains Mono` from Google Fonts. Using fallback font instead.

Import trace:
  Server Component:
    [next]/internal/font/google/jetbrains_mono_d5591ac2.module.css
    [next]/internal/font/google/jetbrains_mono_d5591ac2.js
    ./src/app/layout.tsx


⚠ [next]/internal/font/google/jetbrains_mono_d5591ac2.module.css
Error while requesting resource
There was an issue establishing a connection while requesting https://fonts.googleapis.com/css2?family=JetBrains+Mono:wght@100..800&display=swap

Import trace:
  Server Component:
    [next]/internal/font/google/jetbrains_mono_d5591ac2.module.css
    [next]/internal/font/google/jetbrains_mono_d5591ac2.js
    ./src/app/layout.tsx


⚠ [next]/internal/font/google/jetbrains_mono_d5591ac2.module.css
next/font: warning:
Failed to download `JetBrains Mono` from Google Fonts. Using fallback font instead.

Import trace:
  Server Component:
    [next]/internal/font/google/jetbrains_mono_d5591ac2.module.css
    [next]/internal/font/google/jetbrains_mono_d5591ac2.js
    ./src/app/layout.tsx


⚠ [next]/internal/font/google/jetbrains_mono_d5591ac2.module.css
Error while requesting resource
There was an issue establishing a connection while requesting https://fonts.googleapis.com/css2?family=JetBrains+Mono:wght@100..800&display=swap

Import trace:
  Server Component:
    [next]/internal/font/google/jetbrains_mono_d5591ac2.module.css
    [next]/internal/font/google/jetbrains_mono_d5591ac2.js
    ./src/app/layout.tsx


⚠ [next]/internal/font/google/jetbrains_mono_d5591ac2.module.css
next/font: warning:
Failed to download `JetBrains Mono` from Google Fonts. Using fallback font instead.

Import trace:
  Server Component:
    [next]/internal/font/google/jetbrains_mono_d5591ac2.module.css
    [next]/internal/font/google/jetbrains_mono_d5591ac2.js
    ./src/app/layout.tsx


 GET /mission 200 in 34ms (next.js: 9ms, application-code: 26ms)
⚠ [next]/internal/font/google/jetbrains_mono_d5591ac2.module.css
Error while requesting resource
There was an issue establishing a connection while requesting https://fonts.googleapis.com/css2?family=JetBrains+Mono:wght@100..800&display=swap

Import trace:
  Server Component:
    [next]/internal/font/google/jetbrains_mono_d5591ac2.module.css
    [next]/internal/font/google/jetbrains_mono_d5591ac2.js
    ./src/app/layout.tsx


⚠ [next]/internal/font/google/jetbrains_mono_d5591ac2.module.css
next/font: warning:
Failed to download `JetBrains Mono` from Google Fonts. Using fallback font instead.

Import trace:
  Server Component:
    [next]/internal/font/google/jetbrains_mono_d5591ac2.module.css
    [next]/internal/font/google/jetbrains_mono_d5591ac2.js
    ./src/app/layout.tsx


⚠ [next]/internal/font/google/jetbrains_mono_d5591ac2.module.css
Error while requesting resource
There was an issue establishing a connection while requesting https://fonts.googleapis.com/css2?family=JetBrains+Mono:wght@100..800&display=swap

Import trace:
  Server Component:
    [next]/internal/font/google/jetbrains_mono_d5591ac2.module.css
    [next]/internal/font/google/jetbrains_mono_d5591ac2.js
    ./src/app/layout.tsx


⚠ [next]/internal/font/google/jetbrains_mono_d5591ac2.module.css
next/font: warning:
Failed to download `JetBrains Mono` from Google Fonts. Using fallback font instead.

Import trace:
  Server Component:
    [next]/internal/font/google/jetbrains_mono_d5591ac2.module.css
    [next]/internal/font/google/jetbrains_mono_d5591ac2.js
    ./src/app/layout.tsx


⚠ [next]/internal/font/google/jetbrains_mono_d5591ac2.module.css
Error while requesting resource
There was an issue establishing a connection while requesting https://fonts.googleapis.com/css2?family=JetBrains+Mono:wght@100..800&display=swap

Import trace:
  Server Component:
    [next]/internal/font/google/jetbrains_mono_d5591ac2.module.css
    [next]/internal/font/google/jetbrains_mono_d5591ac2.js
    ./src/app/layout.tsx


⚠ [next]/internal/font/google/jetbrains_mono_d5591ac2.module.css
next/font: warning:
Failed to download `JetBrains Mono` from Google Fonts. Using fallback font instead.

Import trace:
  Server Component:
    [next]/internal/font/google/jetbrains_mono_d5591ac2.module.css
    [next]/internal/font/google/jetbrains_mono_d5591ac2.js
    ./src/app/layout.tsx


✓ Compiled in 165ms
⚠ [next]/internal/font/google/jetbrains_mono_d5591ac2.module.css
Error while requesting resource
There was an issue establishing a connection while requesting https://fonts.googleapis.com/css2?family=JetBrains+Mono:wght@100..800&display=swap

Import trace:
  Server Component:
    [next]/internal/font/google/jetbrains_mono_d5591ac2.module.css
    [next]/internal/font/google/jetbrains_mono_d5591ac2.js
    ./src/app/layout.tsx


⚠ [next]/internal/font/google/jetbrains_mono_d5591ac2.module.css
next/font: warning:
Failed to download `JetBrains Mono` from Google Fonts. Using fallback font instead.

Import trace:
  Server Component:
    [next]/internal/font/google/jetbrains_mono_d5591ac2.module.css
    [next]/internal/font/google/jetbrains_mono_d5591ac2.js
    ./src/app/layout.tsx


 GET /mission 200 in 161ms (next.js: 93ms, application-code: 68ms)
 GET /mission 200 in 34ms (next.js: 7ms, application-code: 27ms)
⚠ [next]/internal/font/google/jetbrains_mono_d5591ac2.module.css
Error while requesting resource
There was an issue establishing a connection while requesting https://fonts.googleapis.com/css2?family=JetBrains+Mono:wght@100..800&display=swap

Import trace:
  Server Component:
    [next]/internal/font/google/jetbrains_mono_d5591ac2.module.css
    [next]/internal/font/google/jetbrains_mono_d5591ac2.js
    ./src/app/layout.tsx


⚠ [next]/internal/font/google/jetbrains_mono_d5591ac2.module.css
next/font: warning:
Failed to download `JetBrains Mono` from Google Fonts. Using fallback font instead.

Import trace:
  Server Component:
    [next]/internal/font/google/jetbrains_mono_d5591ac2.module.css
    [next]/internal/font/google/jetbrains_mono_d5591ac2.js
    ./src/app/layout.tsx


✓ Compiled in 66ms
⚠ [next]/internal/font/google/jetbrains_mono_d5591ac2.module.css
Error while requesting resource
There was an issue establishing a connection while requesting https://fonts.googleapis.com/css2?family=JetBrains+Mono:wght@100..800&display=swap

Import trace:
  Server Component:
    [next]/internal/font/google/jetbrains_mono_d5591ac2.module.css
    [next]/internal/font/google/jetbrains_mono_d5591ac2.js
    ./src/app/layout.tsx


⚠ [next]/internal/font/google/jetbrains_mono_d5591ac2.module.css
next/font: warning:
Failed to download `JetBrains Mono` from Google Fonts. Using fallback font instead.

Import trace:
  Server Component:
    [next]/internal/font/google/jetbrains_mono_d5591ac2.module.css
    [next]/internal/font/google/jetbrains_mono_d5591ac2.js
    ./src/app/layout.tsx


 GET /mission 200 in 135ms (next.js: 44ms, application-code: 91ms)
 GET /mission 200 in 61ms (next.js: 7ms, application-code: 54ms)
✓ Compiled in 154ms
⚠ [next]/internal/font/google/jetbrains_mono_d5591ac2.module.css
Error while requesting resource
There was an issue establishing a connection while requesting https://fonts.googleapis.com/css2?family=JetBrains+Mono:wght@100..800&display=swap

Import trace:
  Server Component:
    [next]/internal/font/google/jetbrains_mono_d5591ac2.module.css
    [next]/internal/font/google/jetbrains_mono_d5591ac2.js
    ./src/app/layout.tsx


⚠ [next]/internal/font/google/jetbrains_mono_d5591ac2.module.css
next/font: warning:
Failed to download `JetBrains Mono` from Google Fonts. Using fallback font instead.

Import trace:
  Server Component:
    [next]/internal/font/google/jetbrains_mono_d5591ac2.module.css
    [next]/internal/font/google/jetbrains_mono_d5591ac2.js
    ./src/app/layout.tsx


 GET /mission 200 in 163ms (next.js: 5ms, application-code: 158ms)
⚠ [next]/internal/font/google/jetbrains_mono_d5591ac2.module.css
Error while requesting resource
There was an issue establishing a connection while requesting https://fonts.googleapis.com/css2?family=JetBrains+Mono:wght@100..800&display=swap

Import trace:
  Server Component:
    [next]/internal/font/google/jetbrains_mono_d5591ac2.module.css
    [next]/internal/font/google/jetbrains_mono_d5591ac2.js
    ./src/app/layout.tsx


⚠ [next]/internal/font/google/jetbrains_mono_d5591ac2.module.css
next/font: warning:
Failed to download `JetBrains Mono` from Google Fonts. Using fallback font instead.

Import trace:
  Server Component:
    [next]/internal/font/google/jetbrains_mono_d5591ac2.module.css
    [next]/internal/font/google/jetbrains_mono_d5591ac2.js
    ./src/app/layout.tsx


⚠ [next]/internal/font/google/jetbrains_mono_d5591ac2.module.css
Error while requesting resource
There was an issue establishing a connection while requesting https://fonts.googleapis.com/css2?family=JetBrains+Mono:wght@100..800&display=swap

Import trace:
  Server Component:
    [next]/internal/font/google/jetbrains_mono_d5591ac2.module.css
    [next]/internal/font/google/jetbrains_mono_d5591ac2.js
    ./src/app/layout.tsx


⚠ [next]/internal/font/google/jetbrains_mono_d5591ac2.module.css
next/font: warning:
Failed to download `JetBrains Mono` from Google Fonts. Using fallback font instead.

Import trace:
  Server Component:
    [next]/internal/font/google/jetbrains_mono_d5591ac2.module.css
    [next]/internal/font/google/jetbrains_mono_d5591ac2.js
    ./src/app/layout.tsx


▲ Next.js 16.2.10 (Turbopack)
- Local:         http://localhost:3000
- Network:       http://100.95.70.29:3000
✓ Ready in 596ms

⚠ [next]/internal/font/google/jetbrains_mono_d5591ac2.module.css
Error while requesting resource
There was an issue establishing a connection while requesting https://fonts.googleapis.com/css2?family=JetBrains+Mono:wght@100..800&display=swap

Import trace:
  Server Component:
    [next]/internal/font/google/jetbrains_mono_d5591ac2.module.css
    [next]/internal/font/google/jetbrains_mono_d5591ac2.js
    ./src/app/layout.tsx


⚠ [next]/internal/font/google/jetbrains_mono_d5591ac2.module.css
next/font: warning:
Failed to download `JetBrains Mono` from Google Fonts. Using fallback font instead.

Import trace:
  Server Component:
    [next]/internal/font/google/jetbrains_mono_d5591ac2.module.css
    [next]/internal/font/google/jetbrains_mono_d5591ac2.js
    ./src/app/layout.tsx


⚠ [next]/internal/font/google/jetbrains_mono_d5591ac2.module.css
Error while requesting resource
There was an issue establishing a connection while requesting https://fonts.googleapis.com/css2?family=JetBrains+Mono:wght@100..800&display=swap

Import trace:
  Server Component:
    [next]/internal/font/google/jetbrains_mono_d5591ac2.module.css
    [next]/internal/font/google/jetbrains_mono_d5591ac2.js
    ./src/app/layout.tsx


⚠ [next]/internal/font/google/jetbrains_mono_d5591ac2.module.css
next/font: warning:
Failed to download `JetBrains Mono` from Google Fonts. Using fallback font instead.

Import trace:
  Server Component:
    [next]/internal/font/google/jetbrains_mono_d5591ac2.module.css
    [next]/internal/font/google/jetbrains_mono_d5591ac2.js
    ./src/app/layout.tsx


 GET /mission 200 in 2.9s (next.js: 2.6s, application-code: 273ms)
 GET /mission 200 in 2.9s (next.js: 2.6s, application-code: 361ms)
⚠ [next]/internal/font/google/jetbrains_mono_d5591ac2.module.css
Error while requesting resource
There was an issue establishing a connection while requesting https://fonts.googleapis.com/css2?family=JetBrains+Mono:wght@100..800&display=swap

Import trace:
  Server Component:
    [next]/internal/font/google/jetbrains_mono_d5591ac2.module.css
    [next]/internal/font/google/jetbrains_mono_d5591ac2.js
    ./src/app/layout.tsx


⚠ [next]/internal/font/google/jetbrains_mono_d5591ac2.module.css
next/font: warning:
Failed to download `JetBrains Mono` from Google Fonts. Using fallback font instead.

Import trace:
  Server Component:
    [next]/internal/font/google/jetbrains_mono_d5591ac2.module.css
    [next]/internal/font/google/jetbrains_mono_d5591ac2.js
    ./src/app/layout.tsx


⚠ [next]/internal/font/google/jetbrains_mono_d5591ac2.module.css
Error while requesting resource
There was an issue establishing a connection while requesting https://fonts.googleapis.com/css2?family=JetBrains+Mono:wght@100..800&display=swap

Import trace:
  Server Component:
    [next]/internal/font/google/jetbrains_mono_d5591ac2.module.css
    [next]/internal/font/google/jetbrains_mono_d5591ac2.js
    ./src/app/layout.tsx


⚠ [next]/internal/font/google/jetbrains_mono_d5591ac2.module.css
next/font: warning:
Failed to download `JetBrains Mono` from Google Fonts. Using fallback font instead.

Import trace:
  Server Component:
    [next]/internal/font/google/jetbrains_mono_d5591ac2.module.css
    [next]/internal/font/google/jetbrains_mono_d5591ac2.js
    ./src/app/layout.tsx


⚠ [next]/internal/font/google/jetbrains_mono_d5591ac2.module.css
Error while requesting resource
There was an issue establishing a connection while requesting https://fonts.googleapis.com/css2?family=JetBrains+Mono:wght@100..800&display=swap

Import trace:
  Server Component:
    [next]/internal/font/google/jetbrains_mono_d5591ac2.module.css
    [next]/internal/font/google/jetbrains_mono_d5591ac2.js
    ./src/app/layout.tsx


⚠ [next]/internal/font/google/jetbrains_mono_d5591ac2.module.css
next/font: warning:
Failed to download `JetBrains Mono` from Google Fonts. Using fallback font instead.

Import trace:
  Server Component:
    [next]/internal/font/google/jetbrains_mono_d5591ac2.module.css
    [next]/internal/font/google/jetbrains_mono_d5591ac2.js
    ./src/app/layout.tsx


 GET /mission 200 in 106ms (next.js: 12ms, application-code: 95ms)
⚠ [next]/internal/font/google/jetbrains_mono_d5591ac2.module.css
Error while requesting resource
There was an issue establishing a connection while requesting https://fonts.googleapis.com/css2?family=JetBrains+Mono:wght@100..800&display=swap

Import trace:
  Server Component:
    [next]/internal/font/google/jetbrains_mono_d5591ac2.module.css
    [next]/internal/font/google/jetbrains_mono_d5591ac2.js
    ./src/app/layout.tsx


⚠ [next]/internal/font/google/jetbrains_mono_d5591ac2.module.css
next/font: warning:
Failed to download `JetBrains Mono` from Google Fonts. Using fallback font instead.

Import trace:
  Server Component:
    [next]/internal/font/google/jetbrains_mono_d5591ac2.module.css
    [next]/internal/font/google/jetbrains_mono_d5591ac2.js
    ./src/app/layout.tsx


⚠ [next]/internal/font/google/jetbrains_mono_d5591ac2.module.css
Error while requesting resource
There was an issue establishing a connection while requesting https://fonts.googleapis.com/css2?family=JetBrains+Mono:wght@100..800&display=swap

Import trace:
  Server Component:
    [next]/internal/font/google/jetbrains_mono_d5591ac2.module.css
    [next]/internal/font/google/jetbrains_mono_d5591ac2.js
    ./src/app/layout.tsx


⚠ [next]/internal/font/google/jetbrains_mono_d5591ac2.module.css
next/font: warning:
Failed to download `JetBrains Mono` from Google Fonts. Using fallback font instead.

Import trace:
  Server Component:
    [next]/internal/font/google/jetbrains_mono_d5591ac2.module.css
    [next]/internal/font/google/jetbrains_mono_d5591ac2.js
    ./src/app/layout.tsx


⚠ [next]/internal/font/google/jetbrains_mono_d5591ac2.module.css
Error while requesting resource
There was an issue establishing a connection while requesting https://fonts.googleapis.com/css2?family=JetBrains+Mono:wght@100..800&display=swap

Import trace:
  Server Component:
    [next]/internal/font/google/jetbrains_mono_d5591ac2.module.css
    [next]/internal/font/google/jetbrains_mono_d5591ac2.js
    ./src/app/layout.tsx


⚠ [next]/internal/font/google/jetbrains_mono_d5591ac2.module.css
next/font: warning:
Failed to download `JetBrains Mono` from Google Fonts. Using fallback font instead.

Import trace:
  Server Component:
    [next]/internal/font/google/jetbrains_mono_d5591ac2.module.css
    [next]/internal/font/google/jetbrains_mono_d5591ac2.js
    ./src/app/layout.tsx


⚠ [next]/internal/font/google/jetbrains_mono_d5591ac2.module.css
Error while requesting resource
There was an issue establishing a connection while requesting https://fonts.googleapis.com/css2?family=JetBrains+Mono:wght@100..800&display=swap

Import trace:
  Server Component:
    [next]/internal/font/google/jetbrains_mono_d5591ac2.module.css
    [next]/internal/font/google/jetbrains_mono_d5591ac2.js
    ./src/app/layout.tsx


⚠ [next]/internal/font/google/jetbrains_mono_d5591ac2.module.css
next/font: warning:
Failed to download `JetBrains Mono` from Google Fonts. Using fallback font instead.

Import trace:
  Server Component:
    [next]/internal/font/google/jetbrains_mono_d5591ac2.module.css
    [next]/internal/font/google/jetbrains_mono_d5591ac2.js
    ./src/app/layout.tsx


 GET / 200 in 435ms (next.js: 393ms, application-code: 42ms)
⚠ [next]/internal/font/google/jetbrains_mono_d5591ac2.module.css
Error while requesting resource
There was an issue establishing a connection while requesting https://fonts.googleapis.com/css2?family=JetBrains+Mono:wght@100..800&display=swap

Import trace:
  Server Component:
    [next]/internal/font/google/jetbrains_mono_d5591ac2.module.css
    [next]/internal/font/google/jetbrains_mono_d5591ac2.js
    ./src/app/layout.tsx


⚠ [next]/internal/font/google/jetbrains_mono_d5591ac2.module.css
next/font: warning:
Failed to download `JetBrains Mono` from Google Fonts. Using fallback font instead.

Import trace:
  Server Component:
    [next]/internal/font/google/jetbrains_mono_d5591ac2.module.css
    [next]/internal/font/google/jetbrains_mono_d5591ac2.js
    ./src/app/layout.tsx


 GET / 200 in 28ms (next.js: 4ms, application-code: 25ms)
⚠ [next]/internal/font/google/jetbrains_mono_d5591ac2.module.css
Error while requesting resource
There was an issue establishing a connection while requesting https://fonts.googleapis.com/css2?family=JetBrains+Mono:wght@100..800&display=swap

Import trace:
  Server Component:
    [next]/internal/font/google/jetbrains_mono_d5591ac2.module.css
    [next]/internal/font/google/jetbrains_mono_d5591ac2.js
    ./src/app/layout.tsx


⚠ [next]/internal/font/google/jetbrains_mono_d5591ac2.module.css
next/font: warning:
Failed to download `JetBrains Mono` from Google Fonts. Using fallback font instead.

Import trace:
  Server Component:
    [next]/internal/font/google/jetbrains_mono_d5591ac2.module.css
    [next]/internal/font/google/jetbrains_mono_d5591ac2.js
    ./src/app/layout.tsx


 GET /mission 200 in 28ms (next.js: 4ms, application-code: 24ms)
✓ Compiled in 81ms
⚠ [next]/internal/font/google/jetbrains_mono_d5591ac2.module.css
Error while requesting resource
There was an issue establishing a connection while requesting https://fonts.googleapis.com/css2?family=JetBrains+Mono:wght@100..800&display=swap

Import trace:
  Server Component:
    [next]/internal/font/google/jetbrains_mono_d5591ac2.module.css
    [next]/internal/font/google/jetbrains_mono_d5591ac2.js
    ./src/app/layout.tsx


⚠ [next]/internal/font/google/jetbrains_mono_d5591ac2.module.css
next/font: warning:
Failed to download `JetBrains Mono` from Google Fonts. Using fallback font instead.

Import trace:
  Server Component:
    [next]/internal/font/google/jetbrains_mono_d5591ac2.module.css
    [next]/internal/font/google/jetbrains_mono_d5591ac2.js
    ./src/app/layout.tsx


✓ Compiled in 92ms
⚠ [next]/internal/font/google/jetbrains_mono_d5591ac2.module.css
Error while requesting resource
There was an issue establishing a connection while requesting https://fonts.googleapis.com/css2?family=JetBrains+Mono:wght@100..800&display=swap

Import trace:
  Server Component:
    [next]/internal/font/google/jetbrains_mono_d5591ac2.module.css
    [next]/internal/font/google/jetbrains_mono_d5591ac2.js
    ./src/app/layout.tsx


⚠ [next]/internal/font/google/jetbrains_mono_d5591ac2.module.css
next/font: warning:
Failed to download `JetBrains Mono` from Google Fonts. Using fallback font instead.

Import trace:
  Server Component:
    [next]/internal/font/google/jetbrains_mono_d5591ac2.module.css
    [next]/internal/font/google/jetbrains_mono_d5591ac2.js
    ./src/app/layout.tsx


 GET /mission 200 in 196ms (next.js: 83ms, application-code: 114ms)
 GET /mission 200 in 40ms (next.js: 10ms, application-code: 29ms)
⚠ [next]/internal/font/google/jetbrains_mono_d5591ac2.module.css
Error while requesting resource
There was an issue establishing a connection while requesting https://fonts.googleapis.com/css2?family=JetBrains+Mono:wght@100..800&display=swap

Import trace:
  Server Component:
    [next]/internal/font/google/jetbrains_mono_d5591ac2.module.css
    [next]/internal/font/google/jetbrains_mono_d5591ac2.js
    ./src/app/layout.tsx


⚠ [next]/internal/font/google/jetbrains_mono_d5591ac2.module.css
next/font: warning:
Failed to download `JetBrains Mono` from Google Fonts. Using fallback font instead.

Import trace:
  Server Component:
    [next]/internal/font/google/jetbrains_mono_d5591ac2.module.css
    [next]/internal/font/google/jetbrains_mono_d5591ac2.js
    ./src/app/layout.tsx


⚠ [next]/internal/font/google/jetbrains_mono_d5591ac2.module.css
Error while requesting resource
There was an issue establishing a connection while requesting https://fonts.googleapis.com/css2?family=JetBrains+Mono:wght@100..800&display=swap

Import trace:
  Server Component:
    [next]/internal/font/google/jetbrains_mono_d5591ac2.module.css
    [next]/internal/font/google/jetbrains_mono_d5591ac2.js
    ./src/app/layout.tsx


⚠ [next]/internal/font/google/jetbrains_mono_d5591ac2.module.css
next/font: warning:
Failed to download `JetBrains Mono` from Google Fonts. Using fallback font instead.

Import trace:
  Server Component:
    [next]/internal/font/google/jetbrains_mono_d5591ac2.module.css
    [next]/internal/font/google/jetbrains_mono_d5591ac2.js
    ./src/app/layout.tsx


✓ Compiled in 84ms
 GET /mission 200 in 95ms (next.js: 43ms, application-code: 52ms)
 GET /mission 200 in 94ms (next.js: 67ms, application-code: 27ms)
[browser] Uncaught ReferenceError: stagingCoordinate is not defined
    at MissionUploadControl (file://C:/Users/L O Q/Documents/BIMA/BIMA-BASE-STATION/gcs_js/.next/dev/static/chunks/src_0nxyskm._.js?id=%255Bproject%255D%252Fsrc%252Fcomponents%252Fcontrol%252FMissionUploadControl.tsx+%255Bapp-client%255D+%2528ecmascript%2529:442:52)
    at Object.react_stack_bottom_frame (file://C:/Users/L O Q/Documents/BIMA/BIMA-BASE-STATION/gcs_js/.next/dev/static/chunks/node_modules_next_dist_compiled_react-dom_096_9a-._.js:15037:24)
    at renderWithHooks (file://C:/Users/L O Q/Documents/BIMA/BIMA-BASE-STATION/gcs_js/.next/dev/static/chunks/node_modules_next_dist_compiled_react-dom_096_9a-._.js:4620:24)
    at updateFunctionComponent (file://C:/Users/L O Q/Documents/BIMA/BIMA-BASE-STATION/gcs_js/.next/dev/static/chunks/node_modules_next_dist_compiled_react-dom_096_9a-._.js:6081:21)
    at beginWork (file://C:/Users/L O Q/Documents/BIMA/BIMA-BASE-STATION/gcs_js/.next/dev/static/chunks/node_modules_next_dist_compiled_react-dom_096_9a-._.js:6691:24)
    at runWithFiberInDEV (file://C:/Users/L O Q/Documents/BIMA/BIMA-BASE-STATION/gcs_js/.next/dev/static/chunks/node_modules_next_dist_compiled_react-dom_096_9a-._.js:965:74)
    at performUnitOfWork (file://C:/Users/L O Q/Documents/BIMA/BIMA-BASE-STATION/gcs_js/.next/dev/static/chunks/node_modules_next_dist_compiled_react-dom_096_9a-._.js:9555:97)
    at workLoopSync (file://C:/Users/L O Q/Documents/BIMA/BIMA-BASE-STATION/gcs_js/.next/dev/static/chunks/node_modules_next_dist_compiled_react-dom_096_9a-._.js:9449:40)
    at renderRootSync (file://C:/Users/L O Q/Documents/BIMA/BIMA-BASE-STATION/gcs_js/.next/dev/static/chunks/node_modules_next_dist_compiled_react-dom_096_9a-._.js:9433:13)
    at performWorkOnRoot (file://C:/Users/L O Q/Documents/BIMA/BIMA-BASE-STATION/gcs_js/.next/dev/static/chunks/node_modules_next_dist_compiled_react-dom_096_9a-._.js:9061:186)
    at performSyncWorkOnRoot (file://C:/Users/L O Q/Documents/BIMA/BIMA-BASE-STATION/gcs_js/.next/dev/static/chunks/node_modules_next_dist_compiled_react-dom_096_9a-._.js:10263:9)
    at flushSyncWorkAcrossRoots_impl (file://C:/Users/L O Q/Documents/BIMA/BIMA-BASE-STATION/gcs_js/.next/dev/static/chunks/node_modules_next_dist_compiled_react-dom_096_9a-._.js:10179:316)
    at processRootScheduleInMicrotask (file://C:/Users/L O Q/Documents/BIMA/BIMA-BASE-STATION/gcs_js/.next/dev/static/chunks/node_modules_next_dist_compiled_react-dom_096_9a-._.js:10200:106)
    at <unknown> (file://C:/Users/L O Q/Documents/BIMA/BIMA-BASE-STATION/gcs_js/.next/dev/static/chunks/node_modules_next_dist_compiled_react-dom_096_9a-._.js:10274:158)
    at MissionPage (src\app\mission\page.tsx:29:7)
  27 |         </div>
  28 |       </header>
> 29 |       <MissionUploadControl />
     |       ^
  30 |     </main>
  31 |   );
  32 | }
⚠ Fast Refresh had to perform a full reload due to a runtime error.
⚠ [next]/internal/font/google/jetbrains_mono_d5591ac2.module.css
Error while requesting resource
There was an issue establishing a connection while requesting https://fonts.googleapis.com/css2?family=JetBrains+Mono:wght@100..800&display=swap

Import trace:
  Server Component:
    [next]/internal/font/google/jetbrains_mono_d5591ac2.module.css
    [next]/internal/font/google/jetbrains_mono_d5591ac2.js
    ./src/app/layout.tsx


⚠ [next]/internal/font/google/jetbrains_mono_d5591ac2.module.css
next/font: warning:
Failed to download `JetBrains Mono` from Google Fonts. Using fallback font instead.

Import trace:
  Server Component:
    [next]/internal/font/google/jetbrains_mono_d5591ac2.module.css
    [next]/internal/font/google/jetbrains_mono_d5591ac2.js
    ./src/app/layout.tsx


⚠ Fast Refresh had to perform a full reload due to a runtime error.
✓ Compiled in 77ms
⚠ [next]/internal/font/google/jetbrains_mono_d5591ac2.module.css
Error while requesting resource
There was an issue establishing a connection while requesting https://fonts.googleapis.com/css2?family=JetBrains+Mono:wght@100..800&display=swap

Import trace:
  Server Component:
    [next]/internal/font/google/jetbrains_mono_d5591ac2.module.css
    [next]/internal/font/google/jetbrains_mono_d5591ac2.js
    ./src/app/layout.tsx


⚠ [next]/internal/font/google/jetbrains_mono_d5591ac2.module.css
next/font: warning:
Failed to download `JetBrains Mono` from Google Fonts. Using fallback font instead.

Import trace:
  Server Component:
    [next]/internal/font/google/jetbrains_mono_d5591ac2.module.css
    [next]/internal/font/google/jetbrains_mono_d5591ac2.js
    ./src/app/layout.tsx


 GET /mission 200 in 286ms (next.js: 61ms, application-code: 225ms)
 GET /mission 200 in 157ms (next.js: 14ms, application-code: 142ms)
⚠ [next]/internal/font/google/jetbrains_mono_d5591ac2.module.css
Error while requesting resource
There was an issue establishing a connection while requesting https://fonts.googleapis.com/css2?family=JetBrains+Mono:wght@100..800&display=swap

Import trace:
  Server Component:
    [next]/internal/font/google/jetbrains_mono_d5591ac2.module.css
    [next]/internal/font/google/jetbrains_mono_d5591ac2.js
    ./src/app/layout.tsx


⚠ [next]/internal/font/google/jetbrains_mono_d5591ac2.module.css
next/font: warning:
Failed to download `JetBrains Mono` from Google Fonts. Using fallback font instead.

Import trace:
  Server Component:
    [next]/internal/font/google/jetbrains_mono_d5591ac2.module.css
    [next]/internal/font/google/jetbrains_mono_d5591ac2.js
    ./src/app/layout.tsx


⚠ [next]/internal/font/google/jetbrains_mono_d5591ac2.module.css
Error while requesting resource
There was an issue establishing a connection while requesting https://fonts.googleapis.com/css2?family=JetBrains+Mono:wght@100..800&display=swap

Import trace:
  Server Component:
    [next]/internal/font/google/jetbrains_mono_d5591ac2.module.css
    [next]/internal/font/google/jetbrains_mono_d5591ac2.js
    ./src/app/layout.tsx


⚠ [next]/internal/font/google/jetbrains_mono_d5591ac2.module.css
next/font: warning:
Failed to download `JetBrains Mono` from Google Fonts. Using fallback font instead.

Import trace:
  Server Component:
    [next]/internal/font/google/jetbrains_mono_d5591ac2.module.css
    [next]/internal/font/google/jetbrains_mono_d5591ac2.js
    ./src/app/layout.tsx


⚠ [next]/internal/font/google/jetbrains_mono_d5591ac2.module.css
Error while requesting resource
There was an issue establishing a connection while requesting https://fonts.googleapis.com/css2?family=JetBrains+Mono:wght@100..800&display=swap

Import trace:
  Server Component:
    [next]/internal/font/google/jetbrains_mono_d5591ac2.module.css
    [next]/internal/font/google/jetbrains_mono_d5591ac2.js
    ./src/app/layout.tsx


⚠ [next]/internal/font/google/jetbrains_mono_d5591ac2.module.css
next/font: warning:
Failed to download `JetBrains Mono` from Google Fonts. Using fallback font instead.

Import trace:
  Server Component:
    [next]/internal/font/google/jetbrains_mono_d5591ac2.module.css
    [next]/internal/font/google/jetbrains_mono_d5591ac2.js
    ./src/app/layout.tsx


⚠ [next]/internal/font/google/jetbrains_mono_d5591ac2.module.css
Error while requesting resource
There was an issue establishing a connection while requesting https://fonts.googleapis.com/css2?family=JetBrains+Mono:wght@100..800&display=swap

Import trace:
  Server Component:
    [next]/internal/font/google/jetbrains_mono_d5591ac2.module.css
    [next]/internal/font/google/jetbrains_mono_d5591ac2.js
    ./src/app/layout.tsx


⚠ [next]/internal/font/google/jetbrains_mono_d5591ac2.module.css
next/font: warning:
Failed to download `JetBrains Mono` from Google Fonts. Using fallback font instead.

Import trace:
  Server Component:
    [next]/internal/font/google/jetbrains_mono_d5591ac2.module.css
    [next]/internal/font/google/jetbrains_mono_d5591ac2.js
    ./src/app/layout.tsx


✓ Compiled in 136ms
⚠ [next]/internal/font/google/jetbrains_mono_d5591ac2.module.css
Error while requesting resource
There was an issue establishing a connection while requesting https://fonts.googleapis.com/css2?family=JetBrains+Mono:wght@100..800&display=swap

Import trace:
  Server Component:
    [next]/internal/font/google/jetbrains_mono_d5591ac2.module.css
    [next]/internal/font/google/jetbrains_mono_d5591ac2.js
    ./src/app/layout.tsx


⚠ [next]/internal/font/google/jetbrains_mono_d5591ac2.module.css
next/font: warning:
Failed to download `JetBrains Mono` from Google Fonts. Using fallback font instead.

Import trace:
  Server Component:
    [next]/internal/font/google/jetbrains_mono_d5591ac2.module.css
    [next]/internal/font/google/jetbrains_mono_d5591ac2.js
    ./src/app/layout.tsx


 GET / 200 in 33ms (next.js: 13ms, application-code: 20ms)
⚠ [next]/internal/font/google/jetbrains_mono_d5591ac2.module.css
Error while requesting resource
There was an issue establishing a connection while requesting https://fonts.googleapis.com/css2?family=JetBrains+Mono:wght@100..800&display=swap

Import trace:
  Server Component:
    [next]/internal/font/google/jetbrains_mono_d5591ac2.module.css
    [next]/internal/font/google/jetbrains_mono_d5591ac2.js
    ./src/app/layout.tsx


⚠ [next]/internal/font/google/jetbrains_mono_d5591ac2.module.css
next/font: warning:
Failed to download `JetBrains Mono` from Google Fonts. Using fallback font instead.

Import trace:
  Server Component:
    [next]/internal/font/google/jetbrains_mono_d5591ac2.module.css
    [next]/internal/font/google/jetbrains_mono_d5591ac2.js
    ./src/app/layout.tsx


 GET /mission 200 in 43ms (next.js: 7ms, application-code: 36ms)
⚠ [next]/internal/font/google/jetbrains_mono_d5591ac2.module.css
Error while requesting resource
There was an issue establishing a connection while requesting https://fonts.googleapis.com/css2?family=JetBrains+Mono:wght@100..800&display=swap

Import trace:
  Server Component:
    [next]/internal/font/google/jetbrains_mono_d5591ac2.module.css
    [next]/internal/font/google/jetbrains_mono_d5591ac2.js
    ./src/app/layout.tsx


⚠ [next]/internal/font/google/jetbrains_mono_d5591ac2.module.css
next/font: warning:
Failed to download `JetBrains Mono` from Google Fonts. Using fallback font instead.

Import trace:
  Server Component:
    [next]/internal/font/google/jetbrains_mono_d5591ac2.module.css
    [next]/internal/font/google/jetbrains_mono_d5591ac2.js
    ./src/app/layout.tsx


 GET /params 200 in 428ms (next.js: 403ms, application-code: 26ms)
⚠ [next]/internal/font/google/jetbrains_mono_d5591ac2.module.css
Error while requesting resource
There was an issue establishing a connection while requesting https://fonts.googleapis.com/css2?family=JetBrains+Mono:wght@100..800&display=swap

Import trace:
  Server Component:
    [next]/internal/font/google/jetbrains_mono_d5591ac2.module.css
    [next]/internal/font/google/jetbrains_mono_d5591ac2.js
    ./src/app/layout.tsx


⚠ [next]/internal/font/google/jetbrains_mono_d5591ac2.module.css
next/font: warning:
Failed to download `JetBrains Mono` from Google Fonts. Using fallback font instead.

Import trace:
  Server Component:
    [next]/internal/font/google/jetbrains_mono_d5591ac2.module.css
    [next]/internal/font/google/jetbrains_mono_d5591ac2.js
    ./src/app/layout.tsx


 GET /mission 200 in 71ms (next.js: 7ms, application-code: 63ms)
⚠ [next]/internal/font/google/jetbrains_mono_d5591ac2.module.css
Error while requesting resource
There was an issue establishing a connection while requesting https://fonts.googleapis.com/css2?family=JetBrains+Mono:wght@100..800&display=swap

Import trace:
  Server Component:
    [next]/internal/font/google/jetbrains_mono_d5591ac2.module.css
    [next]/internal/font/google/jetbrains_mono_d5591ac2.js
    ./src/app/layout.tsx


⚠ [next]/internal/font/google/jetbrains_mono_d5591ac2.module.css
next/font: warning:
Failed to download `JetBrains Mono` from Google Fonts. Using fallback font instead.

Import trace:
  Server Component:
    [next]/internal/font/google/jetbrains_mono_d5591ac2.module.css
    [next]/internal/font/google/jetbrains_mono_d5591ac2.js
    ./src/app/layout.tsx


⚠ [next]/internal/font/google/jetbrains_mono_d5591ac2.module.css
Error while requesting resource
There was an issue establishing a connection while requesting https://fonts.googleapis.com/css2?family=JetBrains+Mono:wght@100..800&display=swap

Import trace:
  Server Component:
    [next]/internal/font/google/jetbrains_mono_d5591ac2.module.css
    [next]/internal/font/google/jetbrains_mono_d5591ac2.js
    ./src/app/layout.tsx


⚠ [next]/internal/font/google/jetbrains_mono_d5591ac2.module.css
next/font: warning:
Failed to download `JetBrains Mono` from Google Fonts. Using fallback font instead.

Import trace:
  Server Component:
    [next]/internal/font/google/jetbrains_mono_d5591ac2.module.css
    [next]/internal/font/google/jetbrains_mono_d5591ac2.js
    ./src/app/layout.tsx


⚠ [next]/internal/font/google/jetbrains_mono_d5591ac2.module.css
Error while requesting resource
There was an issue establishing a connection while requesting https://fonts.googleapis.com/css2?family=JetBrains+Mono:wght@100..800&display=swap

Import trace:
  Server Component:
    [next]/internal/font/google/jetbrains_mono_d5591ac2.module.css
    [next]/internal/font/google/jetbrains_mono_d5591ac2.js
    ./src/app/layout.tsx


⚠ [next]/internal/font/google/jetbrains_mono_d5591ac2.module.css
next/font: warning:
Failed to download `JetBrains Mono` from Google Fonts. Using fallback font instead.

Import trace:
  Server Component:
    [next]/internal/font/google/jetbrains_mono_d5591ac2.module.css
    [next]/internal/font/google/jetbrains_mono_d5591ac2.js
    ./src/app/layout.tsx


⚠ [next]/internal/font/google/jetbrains_mono_d5591ac2.module.css
Error while requesting resource
There was an issue establishing a connection while requesting https://fonts.googleapis.com/css2?family=JetBrains+Mono:wght@100..800&display=swap

Import trace:
  Server Component:
    [next]/internal/font/google/jetbrains_mono_d5591ac2.module.css
    [next]/internal/font/google/jetbrains_mono_d5591ac2.js
    ./src/app/layout.tsx


⚠ [next]/internal/font/google/jetbrains_mono_d5591ac2.module.css
next/font: warning:
Failed to download `JetBrains Mono` from Google Fonts. Using fallback font instead.

Import trace:
  Server Component:
    [next]/internal/font/google/jetbrains_mono_d5591ac2.module.css
    [next]/internal/font/google/jetbrains_mono_d5591ac2.js
    ./src/app/layout.tsx


 GET /mission 200 in 25ms (next.js: 3ms, application-code: 21ms)
⚠ [next]/internal/font/google/jetbrains_mono_d5591ac2.module.css
Error while requesting resource
There was an issue establishing a connection while requesting https://fonts.googleapis.com/css2?family=JetBrains+Mono:wght@100..800&display=swap

Import trace:
  Server Component:
    [next]/internal/font/google/jetbrains_mono_d5591ac2.module.css
    [next]/internal/font/google/jetbrains_mono_d5591ac2.js
    ./src/app/layout.tsx


⚠ [next]/internal/font/google/jetbrains_mono_d5591ac2.module.css
next/font: warning:
Failed to download `JetBrains Mono` from Google Fonts. Using fallback font instead.

Import trace:
  Server Component:
    [next]/internal/font/google/jetbrains_mono_d5591ac2.module.css
    [next]/internal/font/google/jetbrains_mono_d5591ac2.js
    ./src/app/layout.tsx


⚠ [next]/internal/font/google/jetbrains_mono_d5591ac2.module.css
Error while requesting resource
There was an issue establishing a connection while requesting https://fonts.googleapis.com/css2?family=JetBrains+Mono:wght@100..800&display=swap

Import trace:
  Server Component:
    [next]/internal/font/google/jetbrains_mono_d5591ac2.module.css
    [next]/internal/font/google/jetbrains_mono_d5591ac2.js
    ./src/app/layout.tsx


⚠ [next]/internal/font/google/jetbrains_mono_d5591ac2.module.css
next/font: warning:
Failed to download `JetBrains Mono` from Google Fonts. Using fallback font instead.

Import trace:
  Server Component:
    [next]/internal/font/google/jetbrains_mono_d5591ac2.module.css
    [next]/internal/font/google/jetbrains_mono_d5591ac2.js
    ./src/app/layout.tsx


⚠ [next]/internal/font/google/jetbrains_mono_d5591ac2.module.css
Error while requesting resource
There was an issue establishing a connection while requesting https://fonts.googleapis.com/css2?family=JetBrains+Mono:wght@100..800&display=swap

Import trace:
  Server Component:
    [next]/internal/font/google/jetbrains_mono_d5591ac2.module.css
    [next]/internal/font/google/jetbrains_mono_d5591ac2.js
    ./src/app/layout.tsx


⚠ [next]/internal/font/google/jetbrains_mono_d5591ac2.module.css
next/font: warning:
Failed to download `JetBrains Mono` from Google Fonts. Using fallback font instead.

Import trace:
  Server Component:
    [next]/internal/font/google/jetbrains_mono_d5591ac2.module.css
    [next]/internal/font/google/jetbrains_mono_d5591ac2.js
    ./src/app/layout.tsx


⚠ [next]/internal/font/google/jetbrains_mono_d5591ac2.module.css
Error while requesting resource
There was an issue establishing a connection while requesting https://fonts.googleapis.com/css2?family=JetBrains+Mono:wght@100..800&display=swap

Import trace:
  Server Component:
    [next]/internal/font/google/jetbrains_mono_d5591ac2.module.css
    [next]/internal/font/google/jetbrains_mono_d5591ac2.js
    ./src/app/layout.tsx


⚠ [next]/internal/font/google/jetbrains_mono_d5591ac2.module.css
next/font: warning:
Failed to download `JetBrains Mono` from Google Fonts. Using fallback font instead.

Import trace:
  Server Component:
    [next]/internal/font/google/jetbrains_mono_d5591ac2.module.css
    [next]/internal/font/google/jetbrains_mono_d5591ac2.js
    ./src/app/layout.tsx


 GET /mission 200 in 267ms (next.js: 72ms, application-code: 195ms)
⚠ [next]/internal/font/google/jetbrains_mono_d5591ac2.module.css
Error while requesting resource
There was an issue establishing a connection while requesting https://fonts.googleapis.com/css2?family=JetBrains+Mono:wght@100..800&display=swap

Import trace:
  Server Component:
    [next]/internal/font/google/jetbrains_mono_d5591ac2.module.css
    [next]/internal/font/google/jetbrains_mono_d5591ac2.js
    ./src/app/layout.tsx


⚠ [next]/internal/font/google/jetbrains_mono_d5591ac2.module.css
next/font: warning:
Failed to download `JetBrains Mono` from Google Fonts. Using fallback font instead.

Import trace:
  Server Component:
    [next]/internal/font/google/jetbrains_mono_d5591ac2.module.css
    [next]/internal/font/google/jetbrains_mono_d5591ac2.js
    ./src/app/layout.tsx


⚠ [next]/internal/font/google/jetbrains_mono_d5591ac2.module.css
Error while requesting resource
There was an issue establishing a connection while requesting https://fonts.googleapis.com/css2?family=JetBrains+Mono:wght@100..800&display=swap

Import trace:
  Server Component:
    [next]/internal/font/google/jetbrains_mono_d5591ac2.module.css
    [next]/internal/font/google/jetbrains_mono_d5591ac2.js
    ./src/app/layout.tsx


⚠ [next]/internal/font/google/jetbrains_mono_d5591ac2.module.css
next/font: warning:
Failed to download `JetBrains Mono` from Google Fonts. Using fallback font instead.

Import trace:
  Server Component:
    [next]/internal/font/google/jetbrains_mono_d5591ac2.module.css
    [next]/internal/font/google/jetbrains_mono_d5591ac2.js
    ./src/app/layout.tsx


 GET /mission 200 in 194ms (next.js: 10ms, application-code: 184ms)
 GET /mission 200 in 194ms (next.js: 43ms, application-code: 152ms)
 GET /mission 200 in 109ms (next.js: 8ms, application-code: 101ms)
 GET /mission 200 in 74ms (next.js: 4ms, application-code: 69ms)
 GET /mission 200 in 75ms (next.js: 32ms, application-code: 42ms)
⚠ [next]/internal/font/google/jetbrains_mono_d5591ac2.module.css
Error while requesting resource
There was an issue establishing a connection while requesting https://fonts.googleapis.com/css2?family=JetBrains+Mono:wght@100..800&display=swap

Import trace:
  Server Component:
    [next]/internal/font/google/jetbrains_mono_d5591ac2.module.css
    [next]/internal/font/google/jetbrains_mono_d5591ac2.js
    ./src/app/layout.tsx


⚠ [next]/internal/font/google/jetbrains_mono_d5591ac2.module.css
next/font: warning:
Failed to download `JetBrains Mono` from Google Fonts. Using fallback font instead.

Import trace:
  Server Component:
    [next]/internal/font/google/jetbrains_mono_d5591ac2.module.css
    [next]/internal/font/google/jetbrains_mono_d5591ac2.js
    ./src/app/layout.tsx


⚠ [next]/internal/font/google/jetbrains_mono_d5591ac2.module.css
Error while requesting resource
There was an issue establishing a connection while requesting https://fonts.googleapis.com/css2?family=JetBrains+Mono:wght@100..800&display=swap

Import trace:
  Server Component:
    [next]/internal/font/google/jetbrains_mono_d5591ac2.module.css
    [next]/internal/font/google/jetbrains_mono_d5591ac2.js
    ./src/app/layout.tsx


⚠ [next]/internal/font/google/jetbrains_mono_d5591ac2.module.css
next/font: warning:
Failed to download `JetBrains Mono` from Google Fonts. Using fallback font instead.

Import trace:
  Server Component:
    [next]/internal/font/google/jetbrains_mono_d5591ac2.module.css
    [next]/internal/font/google/jetbrains_mono_d5591ac2.js
    ./src/app/layout.tsx


✓ Compiled in 78ms
⚠ [next]/internal/font/google/jetbrains_mono_d5591ac2.module.css
Error while requesting resource
There was an issue establishing a connection while requesting https://fonts.googleapis.com/css2?family=JetBrains+Mono:wght@100..800&display=swap

Import trace:
  Server Component:
    [next]/internal/font/google/jetbrains_mono_d5591ac2.module.css
    [next]/internal/font/google/jetbrains_mono_d5591ac2.js
    ./src/app/layout.tsx


⚠ [next]/internal/font/google/jetbrains_mono_d5591ac2.module.css
next/font: warning:
Failed to download `JetBrains Mono` from Google Fonts. Using fallback font instead.

Import trace:
  Server Component:
    [next]/internal/font/google/jetbrains_mono_d5591ac2.module.css
    [next]/internal/font/google/jetbrains_mono_d5591ac2.js
    ./src/app/layout.tsx


 GET /mission 200 in 211ms (next.js: 104ms, application-code: 107ms)
 GET /mission 200 in 212ms (next.js: 138ms, application-code: 73ms)
 GET /mission 200 in 42ms (next.js: 7ms, application-code: 35ms)
▲ Next.js 16.2.10 (Turbopack)
- Local:         http://localhost:3000
- Network:       http://100.95.70.29:3000
✓ Ready in 670ms

⚠ [next]/internal/font/google/jetbrains_mono_d5591ac2.module.css
Error while requesting resource
There was an issue establishing a connection while requesting https://fonts.googleapis.com/css2?family=JetBrains+Mono:wght@100..800&display=swap

Import trace:
  Server Component:
    [next]/internal/font/google/jetbrains_mono_d5591ac2.module.css
    [next]/internal/font/google/jetbrains_mono_d5591ac2.js
    ./src/app/layout.tsx


⚠ [next]/internal/font/google/jetbrains_mono_d5591ac2.module.css
next/font: warning:
Failed to download `JetBrains Mono` from Google Fonts. Using fallback font instead.

Import trace:
  Server Component:
    [next]/internal/font/google/jetbrains_mono_d5591ac2.module.css
    [next]/internal/font/google/jetbrains_mono_d5591ac2.js
    ./src/app/layout.tsx


⚠ [next]/internal/font/google/jetbrains_mono_d5591ac2.module.css
Error while requesting resource
There was an issue establishing a connection while requesting https://fonts.googleapis.com/css2?family=JetBrains+Mono:wght@100..800&display=swap

Import trace:
  Server Component:
    [next]/internal/font/google/jetbrains_mono_d5591ac2.module.css
    [next]/internal/font/google/jetbrains_mono_d5591ac2.js
    ./src/app/layout.tsx


⚠ [next]/internal/font/google/jetbrains_mono_d5591ac2.module.css
next/font: warning:
Failed to download `JetBrains Mono` from Google Fonts. Using fallback font instead.

Import trace:
  Server Component:
    [next]/internal/font/google/jetbrains_mono_d5591ac2.module.css
    [next]/internal/font/google/jetbrains_mono_d5591ac2.js
    ./src/app/layout.tsx


 GET /mission 200 in 3.1s (next.js: 2.8s, application-code: 339ms)
 GET /mission 200 in 3.2s (next.js: 2.9s, application-code: 260ms)
⚠ [next]/internal/font/google/jetbrains_mono_d5591ac2.module.css
Error while requesting resource
There was an issue establishing a connection while requesting https://fonts.googleapis.com/css2?family=JetBrains+Mono:wght@100..800&display=swap

Import trace:
  Server Component:
    [next]/internal/font/google/jetbrains_mono_d5591ac2.module.css
    [next]/internal/font/google/jetbrains_mono_d5591ac2.js
    ./src/app/layout.tsx


⚠ [next]/internal/font/google/jetbrains_mono_d5591ac2.module.css
next/font: warning:
Failed to download `JetBrains Mono` from Google Fonts. Using fallback font instead.

Import trace:
  Server Component:
    [next]/internal/font/google/jetbrains_mono_d5591ac2.module.css
    [next]/internal/font/google/jetbrains_mono_d5591ac2.js
    ./src/app/layout.tsx


⚠ [next]/internal/font/google/jetbrains_mono_d5591ac2.module.css
Error while requesting resource
There was an issue establishing a connection while requesting https://fonts.googleapis.com/css2?family=JetBrains+Mono:wght@100..800&display=swap

Import trace:
  Server Component:
    [next]/internal/font/google/jetbrains_mono_d5591ac2.module.css
    [next]/internal/font/google/jetbrains_mono_d5591ac2.js
    ./src/app/layout.tsx


⚠ [next]/internal/font/google/jetbrains_mono_d5591ac2.module.css
next/font: warning:
Failed to download `JetBrains Mono` from Google Fonts. Using fallback font instead.

Import trace:
  Server Component:
    [next]/internal/font/google/jetbrains_mono_d5591ac2.module.css
    [next]/internal/font/google/jetbrains_mono_d5591ac2.js
    ./src/app/layout.tsx


⚠ [next]/internal/font/google/jetbrains_mono_d5591ac2.module.css
Error while requesting resource
There was an issue establishing a connection while requesting https://fonts.googleapis.com/css2?family=JetBrains+Mono:wght@100..800&display=swap

Import trace:
  Server Component:
    [next]/internal/font/google/jetbrains_mono_d5591ac2.module.css
    [next]/internal/font/google/jetbrains_mono_d5591ac2.js
    ./src/app/layout.tsx


⚠ [next]/internal/font/google/jetbrains_mono_d5591ac2.module.css
next/font: warning:
Failed to download `JetBrains Mono` from Google Fonts. Using fallback font instead.

Import trace:
  Server Component:
    [next]/internal/font/google/jetbrains_mono_d5591ac2.module.css
    [next]/internal/font/google/jetbrains_mono_d5591ac2.js
    ./src/app/layout.tsx


 GET /mission 200 in 58ms (next.js: 7ms, application-code: 51ms)
⚠ [next]/internal/font/google/jetbrains_mono_d5591ac2.module.css
Error while requesting resource
There was an issue establishing a connection while requesting https://fonts.googleapis.com/css2?family=JetBrains+Mono:wght@100..800&display=swap

Import trace:
  Server Component:
    [next]/internal/font/google/jetbrains_mono_d5591ac2.module.css
    [next]/internal/font/google/jetbrains_mono_d5591ac2.js
    ./src/app/layout.tsx


⚠ [next]/internal/font/google/jetbrains_mono_d5591ac2.module.css
next/font: warning:
Failed to download `JetBrains Mono` from Google Fonts. Using fallback font instead.

Import trace:
  Server Component:
    [next]/internal/font/google/jetbrains_mono_d5591ac2.module.css
    [next]/internal/font/google/jetbrains_mono_d5591ac2.js
    ./src/app/layout.tsx


⚠ [next]/internal/font/google/jetbrains_mono_d5591ac2.module.css
Error while requesting resource
There was an issue establishing a connection while requesting https://fonts.googleapis.com/css2?family=JetBrains+Mono:wght@100..800&display=swap

Import trace:
  Server Component:
    [next]/internal/font/google/jetbrains_mono_d5591ac2.module.css
    [next]/internal/font/google/jetbrains_mono_d5591ac2.js
    ./src/app/layout.tsx


⚠ [next]/internal/font/google/jetbrains_mono_d5591ac2.module.css
next/font: warning:
Failed to download `JetBrains Mono` from Google Fonts. Using fallback font instead.

Import trace:
  Server Component:
    [next]/internal/font/google/jetbrains_mono_d5591ac2.module.css
    [next]/internal/font/google/jetbrains_mono_d5591ac2.js
    ./src/app/layout.tsx


 GET /mission 200 in 62ms (next.js: 3ms, application-code: 58ms)
⚠ [next]/internal/font/google/jetbrains_mono_d5591ac2.module.css
Error while requesting resource
There was an issue establishing a connection while requesting https://fonts.googleapis.com/css2?family=JetBrains+Mono:wght@100..800&display=swap

Import trace:
  Server Component:
    [next]/internal/font/google/jetbrains_mono_d5591ac2.module.css
    [next]/internal/font/google/jetbrains_mono_d5591ac2.js
    ./src/app/layout.tsx


⚠ [next]/internal/font/google/jetbrains_mono_d5591ac2.module.css
next/font: warning:
Failed to download `JetBrains Mono` from Google Fonts. Using fallback font instead.

Import trace:
  Server Component:
    [next]/internal/font/google/jetbrains_mono_d5591ac2.module.css
    [next]/internal/font/google/jetbrains_mono_d5591ac2.js
    ./src/app/layout.tsx


⚠ [next]/internal/font/google/jetbrains_mono_d5591ac2.module.css
Error while requesting resource
There was an issue establishing a connection while requesting https://fonts.googleapis.com/css2?family=JetBrains+Mono:wght@100..800&display=swap

Import trace:
  Server Component:
    [next]/internal/font/google/jetbrains_mono_d5591ac2.module.css
    [next]/internal/font/google/jetbrains_mono_d5591ac2.js
    ./src/app/layout.tsx


⚠ [next]/internal/font/google/jetbrains_mono_d5591ac2.module.css
next/font: warning:
Failed to download `JetBrains Mono` from Google Fonts. Using fallback font instead.

Import trace:
  Server Component:
    [next]/internal/font/google/jetbrains_mono_d5591ac2.module.css
    [next]/internal/font/google/jetbrains_mono_d5591ac2.js
    ./src/app/layout.tsx


⚠ [next]/internal/font/google/jetbrains_mono_d5591ac2.module.css
Error while requesting resource
There was an issue establishing a connection while requesting https://fonts.googleapis.com/css2?family=JetBrains+Mono:wght@100..800&display=swap

Import trace:
  Server Component:
    [next]/internal/font/google/jetbrains_mono_d5591ac2.module.css
    [next]/internal/font/google/jetbrains_mono_d5591ac2.js
    ./src/app/layout.tsx


⚠ [next]/internal/font/google/jetbrains_mono_d5591ac2.module.css
next/font: warning:
Failed to download `JetBrains Mono` from Google Fonts. Using fallback font instead.

Import trace:
  Server Component:
    [next]/internal/font/google/jetbrains_mono_d5591ac2.module.css
    [next]/internal/font/google/jetbrains_mono_d5591ac2.js
    ./src/app/layout.tsx


 GET /mission 200 in 87ms (next.js: 9ms, application-code: 78ms)
⚠ [next]/internal/font/google/jetbrains_mono_d5591ac2.module.css
Error while requesting resource
There was an issue establishing a connection while requesting https://fonts.googleapis.com/css2?family=JetBrains+Mono:wght@100..800&display=swap

Import trace:
  Server Component:
    [next]/internal/font/google/jetbrains_mono_d5591ac2.module.css
    [next]/internal/font/google/jetbrains_mono_d5591ac2.js
    ./src/app/layout.tsx


⚠ [next]/internal/font/google/jetbrains_mono_d5591ac2.module.css
next/font: warning:
Failed to download `JetBrains Mono` from Google Fonts. Using fallback font instead.

Import trace:
  Server Component:
    [next]/internal/font/google/jetbrains_mono_d5591ac2.module.css
    [next]/internal/font/google/jetbrains_mono_d5591ac2.js
    ./src/app/layout.tsx


 GET /mission 200 in 49ms (next.js: 6ms, application-code: 43ms)
⚠ [next]/internal/font/google/jetbrains_mono_d5591ac2.module.css
Error while requesting resource
There was an issue establishing a connection while requesting https://fonts.googleapis.com/css2?family=JetBrains+Mono:wght@100..800&display=swap

Import trace:
  Server Component:
    [next]/internal/font/google/jetbrains_mono_d5591ac2.module.css
    [next]/internal/font/google/jetbrains_mono_d5591ac2.js
    ./src/app/layout.tsx


⚠ [next]/internal/font/google/jetbrains_mono_d5591ac2.module.css
next/font: warning:
Failed to download `JetBrains Mono` from Google Fonts. Using fallback font instead.

Import trace:
  Server Component:
    [next]/internal/font/google/jetbrains_mono_d5591ac2.module.css
    [next]/internal/font/google/jetbrains_mono_d5591ac2.js
    ./src/app/layout.tsx


⚠ [next]/internal/font/google/jetbrains_mono_d5591ac2.module.css
Error while requesting resource
There was an issue establishing a connection while requesting https://fonts.googleapis.com/css2?family=JetBrains+Mono:wght@100..800&display=swap

Import trace:
  Server Component:
    [next]/internal/font/google/jetbrains_mono_d5591ac2.module.css
    [next]/internal/font/google/jetbrains_mono_d5591ac2.js
    ./src/app/layout.tsx


⚠ [next]/internal/font/google/jetbrains_mono_d5591ac2.module.css
next/font: warning:
Failed to download `JetBrains Mono` from Google Fonts. Using fallback font instead.

Import trace:
  Server Component:
    [next]/internal/font/google/jetbrains_mono_d5591ac2.module.css
    [next]/internal/font/google/jetbrains_mono_d5591ac2.js
    ./src/app/layout.tsx


⚠ [next]/internal/font/google/jetbrains_mono_d5591ac2.module.css
Error while requesting resource
There was an issue establishing a connection while requesting https://fonts.googleapis.com/css2?family=JetBrains+Mono:wght@100..800&display=swap

Import trace:
  Server Component:
    [next]/internal/font/google/jetbrains_mono_d5591ac2.module.css
    [next]/internal/font/google/jetbrains_mono_d5591ac2.js
    ./src/app/layout.tsx


⚠ [next]/internal/font/google/jetbrains_mono_d5591ac2.module.css
next/font: warning:
Failed to download `JetBrains Mono` from Google Fonts. Using fallback font instead.

Import trace:
  Server Component:
    [next]/internal/font/google/jetbrains_mono_d5591ac2.module.css
    [next]/internal/font/google/jetbrains_mono_d5591ac2.js
    ./src/app/layout.tsx


 GET / 200 in 1171ms (next.js: 1071ms, application-code: 100ms)
⚠ Blocked cross-origin request to Next.js dev resource /_next/webpack-hmr from "127.0.0.1".
Cross-origin access to Next.js dev resources is blocked by default for safety.

To allow this host in development, add it to "allowedDevOrigins" in next.config.js and restart the dev server:

// next.config.js
module.exports = {
  allowedDevOrigins: ['127.0.0.1'],
}

Read more: https://nextjs.org/docs/app/api-reference/config/next-config-js/allowedDevOrigins
⚠ [next]/internal/font/google/jetbrains_mono_d5591ac2.module.css
Error while requesting resource
There was an issue establishing a connection while requesting https://fonts.googleapis.com/css2?family=JetBrains+Mono:wght@100..800&display=swap

Import trace:
  Server Component:
    [next]/internal/font/google/jetbrains_mono_d5591ac2.module.css
    [next]/internal/font/google/jetbrains_mono_d5591ac2.js
    ./src/app/layout.tsx


⚠ [next]/internal/font/google/jetbrains_mono_d5591ac2.module.css
next/font: warning:
Failed to download `JetBrains Mono` from Google Fonts. Using fallback font instead.

Import trace:
  Server Component:
    [next]/internal/font/google/jetbrains_mono_d5591ac2.module.css
    [next]/internal/font/google/jetbrains_mono_d5591ac2.js
    ./src/app/layout.tsx


 GET /mission 200 in 62ms (next.js: 11ms, application-code: 51ms)
⚠ [next]/internal/font/google/jetbrains_mono_d5591ac2.module.css
Error while requesting resource
There was an issue establishing a connection while requesting https://fonts.googleapis.com/css2?family=JetBrains+Mono:wght@100..800&display=swap

Import trace:
  Server Component:
    [next]/internal/font/google/jetbrains_mono_d5591ac2.module.css
    [next]/internal/font/google/jetbrains_mono_d5591ac2.js
    ./src/app/layout.tsx


⚠ [next]/internal/font/google/jetbrains_mono_d5591ac2.module.css
next/font: warning:
Failed to download `JetBrains Mono` from Google Fonts. Using fallback font instead.

Import trace:
  Server Component:
    [next]/internal/font/google/jetbrains_mono_d5591ac2.module.css
    [next]/internal/font/google/jetbrains_mono_d5591ac2.js
    ./src/app/layout.tsx


 GET /params 200 in 454ms (next.js: 372ms, application-code: 82ms)
⚠ [next]/internal/font/google/jetbrains_mono_d5591ac2.module.css
Error while requesting resource
There was an issue establishing a connection while requesting https://fonts.googleapis.com/css2?family=JetBrains+Mono:wght@100..800&display=swap

Import trace:
  Server Component:
    [next]/internal/font/google/jetbrains_mono_d5591ac2.module.css
    [next]/internal/font/google/jetbrains_mono_d5591ac2.js
    ./src/app/layout.tsx


⚠ [next]/internal/font/google/jetbrains_mono_d5591ac2.module.css
next/font: warning:
Failed to download `JetBrains Mono` from Google Fonts. Using fallback font instead.

Import trace:
  Server Component:
    [next]/internal/font/google/jetbrains_mono_d5591ac2.module.css
    [next]/internal/font/google/jetbrains_mono_d5591ac2.js
    ./src/app/layout.tsx


 GET /params 200 in 81ms (next.js: 8ms, application-code: 73ms)
⚠ [next]/internal/font/google/jetbrains_mono_d5591ac2.module.css
Error while requesting resource
There was an issue establishing a connection while requesting https://fonts.googleapis.com/css2?family=JetBrains+Mono:wght@100..800&display=swap

Import trace:
  Server Component:
    [next]/internal/font/google/jetbrains_mono_d5591ac2.module.css
    [next]/internal/font/google/jetbrains_mono_d5591ac2.js
    ./src/app/layout.tsx


⚠ [next]/internal/font/google/jetbrains_mono_d5591ac2.module.css
next/font: warning:
Failed to download `JetBrains Mono` from Google Fonts. Using fallback font instead.

Import trace:
  Server Component:
    [next]/internal/font/google/jetbrains_mono_d5591ac2.module.css
    [next]/internal/font/google/jetbrains_mono_d5591ac2.js
    ./src/app/layout.tsx


 GET / 200 in 57ms (next.js: 5ms, application-code: 52ms)
⚠ [next]/internal/font/google/jetbrains_mono_d5591ac2.module.css
Error while requesting resource
There was an issue establishing a connection while requesting https://fonts.googleapis.com/css2?family=JetBrains+Mono:wght@100..800&display=swap

Import trace:
  Server Component:
    [next]/internal/font/google/jetbrains_mono_d5591ac2.module.css
    [next]/internal/font/google/jetbrains_mono_d5591ac2.js
    ./src/app/layout.tsx


⚠ [next]/internal/font/google/jetbrains_mono_d5591ac2.module.css
next/font: warning:
Failed to download `JetBrains Mono` from Google Fonts. Using fallback font instead.

Import trace:
  Server Component:
    [next]/internal/font/google/jetbrains_mono_d5591ac2.module.css
    [next]/internal/font/google/jetbrains_mono_d5591ac2.js
    ./src/app/layout.tsx


 GET / 200 in 38ms (next.js: 3ms, application-code: 35ms)
⚠ [next]/internal/font/google/jetbrains_mono_d5591ac2.module.css
Error while requesting resource
There was an issue establishing a connection while requesting https://fonts.googleapis.com/css2?family=JetBrains+Mono:wght@100..800&display=swap

Import trace:
  Server Component:
    [next]/internal/font/google/jetbrains_mono_d5591ac2.module.css
    [next]/internal/font/google/jetbrains_mono_d5591ac2.js
    ./src/app/layout.tsx


⚠ [next]/internal/font/google/jetbrains_mono_d5591ac2.module.css
next/font: warning:
Failed to download `JetBrains Mono` from Google Fonts. Using fallback font instead.

Import trace:
  Server Component:
    [next]/internal/font/google/jetbrains_mono_d5591ac2.module.css
    [next]/internal/font/google/jetbrains_mono_d5591ac2.js
    ./src/app/layout.tsx


 GET / 200 in 64ms (next.js: 7ms, application-code: 57ms)
⚠ [next]/internal/font/google/jetbrains_mono_d5591ac2.module.css
Error while requesting resource
There was an issue establishing a connection while requesting https://fonts.googleapis.com/css2?family=JetBrains+Mono:wght@100..800&display=swap

Import trace:
  Server Component:
    [next]/internal/font/google/jetbrains_mono_d5591ac2.module.css
    [next]/internal/font/google/jetbrains_mono_d5591ac2.js
    ./src/app/layout.tsx


⚠ [next]/internal/font/google/jetbrains_mono_d5591ac2.module.css
next/font: warning:
Failed to download `JetBrains Mono` from Google Fonts. Using fallback font instead.

Import trace:
  Server Component:
    [next]/internal/font/google/jetbrains_mono_d5591ac2.module.css
    [next]/internal/font/google/jetbrains_mono_d5591ac2.js
    ./src/app/layout.tsx


 GET / 200 in 73ms (next.js: 4ms, application-code: 69ms)
⚠ [next]/internal/font/google/jetbrains_mono_d5591ac2.module.css
Error while requesting resource
There was an issue establishing a connection while requesting https://fonts.googleapis.com/css2?family=JetBrains+Mono:wght@100..800&display=swap

Import trace:
  Server Component:
    [next]/internal/font/google/jetbrains_mono_d5591ac2.module.css
    [next]/internal/font/google/jetbrains_mono_d5591ac2.js
    ./src/app/layout.tsx


⚠ [next]/internal/font/google/jetbrains_mono_d5591ac2.module.css
next/font: warning:
Failed to download `JetBrains Mono` from Google Fonts. Using fallback font instead.

Import trace:
  Server Component:
    [next]/internal/font/google/jetbrains_mono_d5591ac2.module.css
    [next]/internal/font/google/jetbrains_mono_d5591ac2.js
    ./src/app/layout.tsx


⚠ [next]/internal/font/google/jetbrains_mono_d5591ac2.module.css
Error while requesting resource
There was an issue establishing a connection while requesting https://fonts.googleapis.com/css2?family=JetBrains+Mono:wght@100..800&display=swap

Import trace:
  Server Component:
    [next]/internal/font/google/jetbrains_mono_d5591ac2.module.css
    [next]/internal/font/google/jetbrains_mono_d5591ac2.js
    ./src/app/layout.tsx


⚠ [next]/internal/font/google/jetbrains_mono_d5591ac2.module.css
next/font: warning:
Failed to download `JetBrains Mono` from Google Fonts. Using fallback font instead.

Import trace:
  Server Component:
    [next]/internal/font/google/jetbrains_mono_d5591ac2.module.css
    [next]/internal/font/google/jetbrains_mono_d5591ac2.js
    ./src/app/layout.tsx


⚠ [next]/internal/font/google/jetbrains_mono_d5591ac2.module.css
Error while requesting resource
There was an issue establishing a connection while requesting https://fonts.googleapis.com/css2?family=JetBrains+Mono:wght@100..800&display=swap

Import trace:
  Server Component:
    [next]/internal/font/google/jetbrains_mono_d5591ac2.module.css
    [next]/internal/font/google/jetbrains_mono_d5591ac2.js
    ./src/app/layout.tsx


⚠ [next]/internal/font/google/jetbrains_mono_d5591ac2.module.css
next/font: warning:
Failed to download `JetBrains Mono` from Google Fonts. Using fallback font instead.

Import trace:
  Server Component:
    [next]/internal/font/google/jetbrains_mono_d5591ac2.module.css
    [next]/internal/font/google/jetbrains_mono_d5591ac2.js
    ./src/app/layout.tsx


⚠ [next]/internal/font/google/jetbrains_mono_d5591ac2.module.css
Error while requesting resource
There was an issue establishing a connection while requesting https://fonts.googleapis.com/css2?family=JetBrains+Mono:wght@100..800&display=swap

Import trace:
  Server Component:
    [next]/internal/font/google/jetbrains_mono_d5591ac2.module.css
    [next]/internal/font/google/jetbrains_mono_d5591ac2.js
    ./src/app/layout.tsx


⚠ [next]/internal/font/google/jetbrains_mono_d5591ac2.module.css
next/font: warning:
Failed to download `JetBrains Mono` from Google Fonts. Using fallback font instead.

Import trace:
  Server Component:
    [next]/internal/font/google/jetbrains_mono_d5591ac2.module.css
    [next]/internal/font/google/jetbrains_mono_d5591ac2.js
    ./src/app/layout.tsx


 GET / 200 in 52ms (next.js: 5ms, application-code: 47ms)
✓ Compiled in 264ms
✓ Compiled in 67ms
✓ Compiled in 58ms
⚠ [next]/internal/font/google/barlow_condensed_e1508f94.module.css
Error while requesting resource
There was an issue establishing a connection while requesting https://fonts.googleapis.com/css2?family=Barlow+Condensed:wght@400;500;600;700&display=swap

Import trace:
  Server Component:
    [next]/internal/font/google/barlow_condensed_e1508f94.module.css
    [next]/internal/font/google/barlow_condensed_e1508f94.js
    ./src/app/layout.tsx


⚠ [next]/internal/font/google/ibm_plex_mono_d95a4c7c.module.css
Error while requesting resource
There was an issue establishing a connection while requesting https://fonts.googleapis.com/css2?family=IBM+Plex+Mono:wght@400;500;600&display=swap

Import trace:
  Server Component:
    [next]/internal/font/google/ibm_plex_mono_d95a4c7c.module.css
    [next]/internal/font/google/ibm_plex_mono_d95a4c7c.js
    ./src/app/layout.tsx


⚠ [next]/internal/font/google/barlow_condensed_e1508f94.module.css
next/font: warning:
Failed to download `Barlow Condensed` from Google Fonts. Using fallback font instead.

Import trace:
  Server Component:
    [next]/internal/font/google/barlow_condensed_e1508f94.module.css
    [next]/internal/font/google/barlow_condensed_e1508f94.js
    ./src/app/layout.tsx


⚠ [next]/internal/font/google/ibm_plex_mono_d95a4c7c.module.css
next/font: warning:
Failed to download `IBM Plex Mono` from Google Fonts. Using fallback font instead.

Import trace:
  Server Component:
    [next]/internal/font/google/ibm_plex_mono_d95a4c7c.module.css
    [next]/internal/font/google/ibm_plex_mono_d95a4c7c.js
    ./src/app/layout.tsx


⚠ [next]/internal/font/google/barlow_condensed_e1508f94.module.css
Error while requesting resource
There was an issue establishing a connection while requesting https://fonts.googleapis.com/css2?family=Barlow+Condensed:wght@400;500;600;700&display=swap

Import trace:
  Server Component:
    [next]/internal/font/google/barlow_condensed_e1508f94.module.css
    [next]/internal/font/google/barlow_condensed_e1508f94.js
    ./src/app/layout.tsx


⚠ [next]/internal/font/google/ibm_plex_mono_d95a4c7c.module.css
Error while requesting resource
There was an issue establishing a connection while requesting https://fonts.googleapis.com/css2?family=IBM+Plex+Mono:wght@400;500;600&display=swap

Import trace:
  Server Component:
    [next]/internal/font/google/ibm_plex_mono_d95a4c7c.module.css
    [next]/internal/font/google/ibm_plex_mono_d95a4c7c.js
    ./src/app/layout.tsx


⚠ [next]/internal/font/google/barlow_condensed_e1508f94.module.css
next/font: warning:
Failed to download `Barlow Condensed` from Google Fonts. Using fallback font instead.

Import trace:
  Server Component:
    [next]/internal/font/google/barlow_condensed_e1508f94.module.css
    [next]/internal/font/google/barlow_condensed_e1508f94.js
    ./src/app/layout.tsx


⚠ [next]/internal/font/google/ibm_plex_mono_d95a4c7c.module.css
next/font: warning:
Failed to download `IBM Plex Mono` from Google Fonts. Using fallback font instead.

Import trace:
  Server Component:
    [next]/internal/font/google/ibm_plex_mono_d95a4c7c.module.css
    [next]/internal/font/google/ibm_plex_mono_d95a4c7c.js
    ./src/app/layout.tsx


⚠ [next]/internal/font/google/barlow_condensed_e1508f94.module.css
Error while requesting resource
There was an issue establishing a connection while requesting https://fonts.googleapis.com/css2?family=Barlow+Condensed:wght@400;500;600;700&display=swap

Import trace:
  Server Component:
    [next]/internal/font/google/barlow_condensed_e1508f94.module.css
    [next]/internal/font/google/barlow_condensed_e1508f94.js
    ./src/app/layout.tsx


⚠ [next]/internal/font/google/ibm_plex_mono_d95a4c7c.module.css
Error while requesting resource
There was an issue establishing a connection while requesting https://fonts.googleapis.com/css2?family=IBM+Plex+Mono:wght@400;500;600&display=swap

Import trace:
  Server Component:
    [next]/internal/font/google/ibm_plex_mono_d95a4c7c.module.css
    [next]/internal/font/google/ibm_plex_mono_d95a4c7c.js
    ./src/app/layout.tsx


⚠ [next]/internal/font/google/barlow_condensed_e1508f94.module.css
next/font: warning:
Failed to download `Barlow Condensed` from Google Fonts. Using fallback font instead.

Import trace:
  Server Component:
    [next]/internal/font/google/barlow_condensed_e1508f94.module.css
    [next]/internal/font/google/barlow_condensed_e1508f94.js
    ./src/app/layout.tsx


⚠ [next]/internal/font/google/ibm_plex_mono_d95a4c7c.module.css
next/font: warning:
Failed to download `IBM Plex Mono` from Google Fonts. Using fallback font instead.

Import trace:
  Server Component:
    [next]/internal/font/google/ibm_plex_mono_d95a4c7c.module.css
    [next]/internal/font/google/ibm_plex_mono_d95a4c7c.js
    ./src/app/layout.tsx


⚠ [next]/internal/font/google/barlow_condensed_e1508f94.module.css
Error while requesting resource
There was an issue establishing a connection while requesting https://fonts.googleapis.com/css2?family=Barlow+Condensed:wght@400;500;600;700&display=swap

Import trace:
  Server Component:
    [next]/internal/font/google/barlow_condensed_e1508f94.module.css
    [next]/internal/font/google/barlow_condensed_e1508f94.js
    ./src/app/layout.tsx


⚠ [next]/internal/font/google/ibm_plex_mono_d95a4c7c.module.css
Error while requesting resource
There was an issue establishing a connection while requesting https://fonts.googleapis.com/css2?family=IBM+Plex+Mono:wght@400;500;600&display=swap

Import trace:
  Server Component:
    [next]/internal/font/google/ibm_plex_mono_d95a4c7c.module.css
    [next]/internal/font/google/ibm_plex_mono_d95a4c7c.js
    ./src/app/layout.tsx


⚠ [next]/internal/font/google/barlow_condensed_e1508f94.module.css
next/font: warning:
Failed to download `Barlow Condensed` from Google Fonts. Using fallback font instead.

Import trace:
  Server Component:
    [next]/internal/font/google/barlow_condensed_e1508f94.module.css
    [next]/internal/font/google/barlow_condensed_e1508f94.js
    ./src/app/layout.tsx


⚠ [next]/internal/font/google/ibm_plex_mono_d95a4c7c.module.css
next/font: warning:
Failed to download `IBM Plex Mono` from Google Fonts. Using fallback font instead.

Import trace:
  Server Component:
    [next]/internal/font/google/ibm_plex_mono_d95a4c7c.module.css
    [next]/internal/font/google/ibm_plex_mono_d95a4c7c.js
    ./src/app/layout.tsx


 GET / 200 in 250ms (next.js: 116ms, application-code: 135ms)
✓ Compiled in 163ms
⚠ [next]/internal/font/google/barlow_condensed_e1508f94.module.css
Error while requesting resource
There was an issue establishing a connection while requesting https://fonts.googleapis.com/css2?family=Barlow+Condensed:wght@400;500;600;700&display=swap

Import trace:
  Server Component:
    [next]/internal/font/google/barlow_condensed_e1508f94.module.css
    [next]/internal/font/google/barlow_condensed_e1508f94.js
    ./src/app/layout.tsx


⚠ [next]/internal/font/google/ibm_plex_mono_d95a4c7c.module.css
Error while requesting resource
There was an issue establishing a connection while requesting https://fonts.googleapis.com/css2?family=IBM+Plex+Mono:wght@400;500;600&display=swap

Import trace:
  Server Component:
    [next]/internal/font/google/ibm_plex_mono_d95a4c7c.module.css
    [next]/internal/font/google/ibm_plex_mono_d95a4c7c.js
    ./src/app/layout.tsx


⚠ [next]/internal/font/google/barlow_condensed_e1508f94.module.css
next/font: warning:
Failed to download `Barlow Condensed` from Google Fonts. Using fallback font instead.

Import trace:
  Server Component:
    [next]/internal/font/google/barlow_condensed_e1508f94.module.css
    [next]/internal/font/google/barlow_condensed_e1508f94.js
    ./src/app/layout.tsx


⚠ [next]/internal/font/google/ibm_plex_mono_d95a4c7c.module.css
next/font: warning:
Failed to download `IBM Plex Mono` from Google Fonts. Using fallback font instead.

Import trace:
  Server Component:
    [next]/internal/font/google/ibm_plex_mono_d95a4c7c.module.css
    [next]/internal/font/google/ibm_plex_mono_d95a4c7c.js
    ./src/app/layout.tsx


⚠ [next]/internal/font/google/barlow_condensed_e1508f94.module.css
Error while requesting resource
There was an issue establishing a connection while requesting https://fonts.googleapis.com/css2?family=Barlow+Condensed:wght@400;500;600;700&display=swap

Import trace:
  Server Component:
    [next]/internal/font/google/barlow_condensed_e1508f94.module.css
    [next]/internal/font/google/barlow_condensed_e1508f94.js
    ./src/app/layout.tsx


⚠ [next]/internal/font/google/ibm_plex_mono_d95a4c7c.module.css
Error while requesting resource
There was an issue establishing a connection while requesting https://fonts.googleapis.com/css2?family=IBM+Plex+Mono:wght@400;500;600&display=swap

Import trace:
  Server Component:
    [next]/internal/font/google/ibm_plex_mono_d95a4c7c.module.css
    [next]/internal/font/google/ibm_plex_mono_d95a4c7c.js
    ./src/app/layout.tsx


⚠ [next]/internal/font/google/barlow_condensed_e1508f94.module.css
next/font: warning:
Failed to download `Barlow Condensed` from Google Fonts. Using fallback font instead.

Import trace:
  Server Component:
    [next]/internal/font/google/barlow_condensed_e1508f94.module.css
    [next]/internal/font/google/barlow_condensed_e1508f94.js
    ./src/app/layout.tsx


⚠ [next]/internal/font/google/ibm_plex_mono_d95a4c7c.module.css
next/font: warning:
Failed to download `IBM Plex Mono` from Google Fonts. Using fallback font instead.

Import trace:
  Server Component:
    [next]/internal/font/google/ibm_plex_mono_d95a4c7c.module.css
    [next]/internal/font/google/ibm_plex_mono_d95a4c7c.js
    ./src/app/layout.tsx


⚠ [next]/internal/font/google/barlow_condensed_e1508f94.module.css
Error while requesting resource
There was an issue establishing a connection while requesting https://fonts.googleapis.com/css2?family=Barlow+Condensed:wght@400;500;600;700&display=swap

Import trace:
  Server Component:
    [next]/internal/font/google/barlow_condensed_e1508f94.module.css
    [next]/internal/font/google/barlow_condensed_e1508f94.js
    ./src/app/layout.tsx


⚠ [next]/internal/font/google/ibm_plex_mono_d95a4c7c.module.css
Error while requesting resource
There was an issue establishing a connection while requesting https://fonts.googleapis.com/css2?family=IBM+Plex+Mono:wght@400;500;600&display=swap

Import trace:
  Server Component:
    [next]/internal/font/google/ibm_plex_mono_d95a4c7c.module.css
    [next]/internal/font/google/ibm_plex_mono_d95a4c7c.js
    ./src/app/layout.tsx


⚠ [next]/internal/font/google/barlow_condensed_e1508f94.module.css
next/font: warning:
Failed to download `Barlow Condensed` from Google Fonts. Using fallback font instead.

Import trace:
  Server Component:
    [next]/internal/font/google/barlow_condensed_e1508f94.module.css
    [next]/internal/font/google/barlow_condensed_e1508f94.js
    ./src/app/layout.tsx


⚠ [next]/internal/font/google/ibm_plex_mono_d95a4c7c.module.css
next/font: warning:
Failed to download `IBM Plex Mono` from Google Fonts. Using fallback font instead.

Import trace:
  Server Component:
    [next]/internal/font/google/ibm_plex_mono_d95a4c7c.module.css
    [next]/internal/font/google/ibm_plex_mono_d95a4c7c.js
    ./src/app/layout.tsx


⚠ [next]/internal/font/google/barlow_condensed_e1508f94.module.css
Error while requesting resource
There was an issue establishing a connection while requesting https://fonts.googleapis.com/css2?family=Barlow+Condensed:wght@400;500;600;700&display=swap

Import trace:
  Server Component:
    [next]/internal/font/google/barlow_condensed_e1508f94.module.css
    [next]/internal/font/google/barlow_condensed_e1508f94.js
    ./src/app/layout.tsx


⚠ [next]/internal/font/google/ibm_plex_mono_d95a4c7c.module.css
Error while requesting resource
There was an issue establishing a connection while requesting https://fonts.googleapis.com/css2?family=IBM+Plex+Mono:wght@400;500;600&display=swap

Import trace:
  Server Component:
    [next]/internal/font/google/ibm_plex_mono_d95a4c7c.module.css
    [next]/internal/font/google/ibm_plex_mono_d95a4c7c.js
    ./src/app/layout.tsx


⚠ [next]/internal/font/google/barlow_condensed_e1508f94.module.css
next/font: warning:
Failed to download `Barlow Condensed` from Google Fonts. Using fallback font instead.

Import trace:
  Server Component:
    [next]/internal/font/google/barlow_condensed_e1508f94.module.css
    [next]/internal/font/google/barlow_condensed_e1508f94.js
    ./src/app/layout.tsx


⚠ [next]/internal/font/google/ibm_plex_mono_d95a4c7c.module.css
next/font: warning:
Failed to download `IBM Plex Mono` from Google Fonts. Using fallback font instead.

Import trace:
  Server Component:
    [next]/internal/font/google/ibm_plex_mono_d95a4c7c.module.css
    [next]/internal/font/google/ibm_plex_mono_d95a4c7c.js
    ./src/app/layout.tsx


 GET / 200 in 54ms (next.js: 5ms, application-code: 48ms)
⚠ [next]/internal/font/google/barlow_condensed_e1508f94.module.css
Error while requesting resource
There was an issue establishing a connection while requesting https://fonts.googleapis.com/css2?family=Barlow+Condensed:wght@400;500;600;700&display=swap

Import trace:
  Server Component:
    [next]/internal/font/google/barlow_condensed_e1508f94.module.css
    [next]/internal/font/google/barlow_condensed_e1508f94.js
    ./src/app/layout.tsx


⚠ [next]/internal/font/google/ibm_plex_mono_d95a4c7c.module.css
Error while requesting resource
There was an issue establishing a connection while requesting https://fonts.googleapis.com/css2?family=IBM+Plex+Mono:wght@400;500;600&display=swap

Import trace:
  Server Component:
    [next]/internal/font/google/ibm_plex_mono_d95a4c7c.module.css
    [next]/internal/font/google/ibm_plex_mono_d95a4c7c.js
    ./src/app/layout.tsx


⚠ [next]/internal/font/google/barlow_condensed_e1508f94.module.css
next/font: warning:
Failed to download `Barlow Condensed` from Google Fonts. Using fallback font instead.

Import trace:
  Server Component:
    [next]/internal/font/google/barlow_condensed_e1508f94.module.css
    [next]/internal/font/google/barlow_condensed_e1508f94.js
    ./src/app/layout.tsx


⚠ [next]/internal/font/google/ibm_plex_mono_d95a4c7c.module.css
next/font: warning:
Failed to download `IBM Plex Mono` from Google Fonts. Using fallback font instead.

Import trace:
  Server Component:
    [next]/internal/font/google/ibm_plex_mono_d95a4c7c.module.css
    [next]/internal/font/google/ibm_plex_mono_d95a4c7c.js
    ./src/app/layout.tsx


⚠ [next]/internal/font/google/barlow_condensed_e1508f94.module.css
Error while requesting resource
There was an issue establishing a connection while requesting https://fonts.googleapis.com/css2?family=Barlow+Condensed:wght@400;500;600;700&display=swap

Import trace:
  Server Component:
    [next]/internal/font/google/barlow_condensed_e1508f94.module.css
    [next]/internal/font/google/barlow_condensed_e1508f94.js
    ./src/app/layout.tsx


⚠ [next]/internal/font/google/ibm_plex_mono_d95a4c7c.module.css
Error while requesting resource
There was an issue establishing a connection while requesting https://fonts.googleapis.com/css2?family=IBM+Plex+Mono:wght@400;500;600&display=swap

Import trace:
  Server Component:
    [next]/internal/font/google/ibm_plex_mono_d95a4c7c.module.css
    [next]/internal/font/google/ibm_plex_mono_d95a4c7c.js
    ./src/app/layout.tsx


⚠ [next]/internal/font/google/barlow_condensed_e1508f94.module.css
next/font: warning:
Failed to download `Barlow Condensed` from Google Fonts. Using fallback font instead.

Import trace:
  Server Component:
    [next]/internal/font/google/barlow_condensed_e1508f94.module.css
    [next]/internal/font/google/barlow_condensed_e1508f94.js
    ./src/app/layout.tsx


⚠ [next]/internal/font/google/ibm_plex_mono_d95a4c7c.module.css
next/font: warning:
Failed to download `IBM Plex Mono` from Google Fonts. Using fallback font instead.

Import trace:
  Server Component:
    [next]/internal/font/google/ibm_plex_mono_d95a4c7c.module.css
    [next]/internal/font/google/ibm_plex_mono_d95a4c7c.js
    ./src/app/layout.tsx


⚠ [next]/internal/font/google/barlow_condensed_e1508f94.module.css
Error while requesting resource
There was an issue establishing a connection while requesting https://fonts.googleapis.com/css2?family=Barlow+Condensed:wght@400;500;600;700&display=swap

Import trace:
  Server Component:
    [next]/internal/font/google/barlow_condensed_e1508f94.module.css
    [next]/internal/font/google/barlow_condensed_e1508f94.js
    ./src/app/layout.tsx


⚠ [next]/internal/font/google/ibm_plex_mono_d95a4c7c.module.css
Error while requesting resource
There was an issue establishing a connection while requesting https://fonts.googleapis.com/css2?family=IBM+Plex+Mono:wght@400;500;600&display=swap

Import trace:
  Server Component:
    [next]/internal/font/google/ibm_plex_mono_d95a4c7c.module.css
    [next]/internal/font/google/ibm_plex_mono_d95a4c7c.js
    ./src/app/layout.tsx


⚠ [next]/internal/font/google/barlow_condensed_e1508f94.module.css
next/font: warning:
Failed to download `Barlow Condensed` from Google Fonts. Using fallback font instead.

Import trace:
  Server Component:
    [next]/internal/font/google/barlow_condensed_e1508f94.module.css
    [next]/internal/font/google/barlow_condensed_e1508f94.js
    ./src/app/layout.tsx


⚠ [next]/internal/font/google/ibm_plex_mono_d95a4c7c.module.css
next/font: warning:
Failed to download `IBM Plex Mono` from Google Fonts. Using fallback font instead.

Import trace:
  Server Component:
    [next]/internal/font/google/ibm_plex_mono_d95a4c7c.module.css
    [next]/internal/font/google/ibm_plex_mono_d95a4c7c.js
    ./src/app/layout.tsx


⚠ [next]/internal/font/google/barlow_condensed_e1508f94.module.css
Error while requesting resource
There was an issue establishing a connection while requesting https://fonts.googleapis.com/css2?family=Barlow+Condensed:wght@400;500;600;700&display=swap

Import trace:
  Server Component:
    [next]/internal/font/google/barlow_condensed_e1508f94.module.css
    [next]/internal/font/google/barlow_condensed_e1508f94.js
    ./src/app/layout.tsx


⚠ [next]/internal/font/google/ibm_plex_mono_d95a4c7c.module.css
Error while requesting resource
There was an issue establishing a connection while requesting https://fonts.googleapis.com/css2?family=IBM+Plex+Mono:wght@400;500;600&display=swap

Import trace:
  Server Component:
    [next]/internal/font/google/ibm_plex_mono_d95a4c7c.module.css
    [next]/internal/font/google/ibm_plex_mono_d95a4c7c.js
    ./src/app/layout.tsx


⚠ [next]/internal/font/google/barlow_condensed_e1508f94.module.css
next/font: warning:
Failed to download `Barlow Condensed` from Google Fonts. Using fallback font instead.

Import trace:
  Server Component:
    [next]/internal/font/google/barlow_condensed_e1508f94.module.css
    [next]/internal/font/google/barlow_condensed_e1508f94.js
    ./src/app/layout.tsx


⚠ [next]/internal/font/google/ibm_plex_mono_d95a4c7c.module.css
next/font: warning:
Failed to download `IBM Plex Mono` from Google Fonts. Using fallback font instead.

Import trace:
  Server Component:
    [next]/internal/font/google/ibm_plex_mono_d95a4c7c.module.css
    [next]/internal/font/google/ibm_plex_mono_d95a4c7c.js
    ./src/app/layout.tsx


 GET / 200 in 275ms (next.js: 91ms, application-code: 184ms)
⚠ [next]/internal/font/google/barlow_condensed_e1508f94.module.css
Error while requesting resource
There was an issue establishing a connection while requesting https://fonts.googleapis.com/css2?family=Barlow+Condensed:wght@400;500;600;700&display=swap

Import trace:
  Server Component:
    [next]/internal/font/google/barlow_condensed_e1508f94.module.css
    [next]/internal/font/google/barlow_condensed_e1508f94.js
    ./src/app/layout.tsx


⚠ [next]/internal/font/google/ibm_plex_mono_d95a4c7c.module.css
Error while requesting resource
There was an issue establishing a connection while requesting https://fonts.googleapis.com/css2?family=IBM+Plex+Mono:wght@400;500;600&display=swap

Import trace:
  Server Component:
    [next]/internal/font/google/ibm_plex_mono_d95a4c7c.module.css
    [next]/internal/font/google/ibm_plex_mono_d95a4c7c.js
    ./src/app/layout.tsx


⚠ [next]/internal/font/google/barlow_condensed_e1508f94.module.css
next/font: warning:
Failed to download `Barlow Condensed` from Google Fonts. Using fallback font instead.

Import trace:
  Server Component:
    [next]/internal/font/google/barlow_condensed_e1508f94.module.css
    [next]/internal/font/google/barlow_condensed_e1508f94.js
    ./src/app/layout.tsx


⚠ [next]/internal/font/google/ibm_plex_mono_d95a4c7c.module.css
next/font: warning:
Failed to download `IBM Plex Mono` from Google Fonts. Using fallback font instead.

Import trace:
  Server Component:
    [next]/internal/font/google/ibm_plex_mono_d95a4c7c.module.css
    [next]/internal/font/google/ibm_plex_mono_d95a4c7c.js
    ./src/app/layout.tsx


⚠ [next]/internal/font/google/barlow_condensed_e1508f94.module.css
Error while requesting resource
There was an issue establishing a connection while requesting https://fonts.googleapis.com/css2?family=Barlow+Condensed:wght@400;500;600;700&display=swap

Import trace:
  Server Component:
    [next]/internal/font/google/barlow_condensed_e1508f94.module.css
    [next]/internal/font/google/barlow_condensed_e1508f94.js
    ./src/app/layout.tsx


⚠ [next]/internal/font/google/ibm_plex_mono_d95a4c7c.module.css
Error while requesting resource
There was an issue establishing a connection while requesting https://fonts.googleapis.com/css2?family=IBM+Plex+Mono:wght@400;500;600&display=swap

Import trace:
  Server Component:
    [next]/internal/font/google/ibm_plex_mono_d95a4c7c.module.css
    [next]/internal/font/google/ibm_plex_mono_d95a4c7c.js
    ./src/app/layout.tsx


⚠ [next]/internal/font/google/barlow_condensed_e1508f94.module.css
next/font: warning:
Failed to download `Barlow Condensed` from Google Fonts. Using fallback font instead.

Import trace:
  Server Component:
    [next]/internal/font/google/barlow_condensed_e1508f94.module.css
    [next]/internal/font/google/barlow_condensed_e1508f94.js
    ./src/app/layout.tsx


⚠ [next]/internal/font/google/ibm_plex_mono_d95a4c7c.module.css
next/font: warning:
Failed to download `IBM Plex Mono` from Google Fonts. Using fallback font instead.

Import trace:
  Server Component:
    [next]/internal/font/google/ibm_plex_mono_d95a4c7c.module.css
    [next]/internal/font/google/ibm_plex_mono_d95a4c7c.js
    ./src/app/layout.tsx


⚠ [next]/internal/font/google/barlow_condensed_e1508f94.module.css
Error while requesting resource
There was an issue establishing a connection while requesting https://fonts.googleapis.com/css2?family=Barlow+Condensed:wght@400;500;600;700&display=swap

Import trace:
  Server Component:
    [next]/internal/font/google/barlow_condensed_e1508f94.module.css
    [next]/internal/font/google/barlow_condensed_e1508f94.js
    ./src/app/layout.tsx


⚠ [next]/internal/font/google/ibm_plex_mono_d95a4c7c.module.css
Error while requesting resource
There was an issue establishing a connection while requesting https://fonts.googleapis.com/css2?family=IBM+Plex+Mono:wght@400;500;600&display=swap

Import trace:
  Server Component:
    [next]/internal/font/google/ibm_plex_mono_d95a4c7c.module.css
    [next]/internal/font/google/ibm_plex_mono_d95a4c7c.js
    ./src/app/layout.tsx


⚠ [next]/internal/font/google/barlow_condensed_e1508f94.module.css
next/font: warning:
Failed to download `Barlow Condensed` from Google Fonts. Using fallback font instead.

Import trace:
  Server Component:
    [next]/internal/font/google/barlow_condensed_e1508f94.module.css
    [next]/internal/font/google/barlow_condensed_e1508f94.js
    ./src/app/layout.tsx


⚠ [next]/internal/font/google/ibm_plex_mono_d95a4c7c.module.css
next/font: warning:
Failed to download `IBM Plex Mono` from Google Fonts. Using fallback font instead.

Import trace:
  Server Component:
    [next]/internal/font/google/ibm_plex_mono_d95a4c7c.module.css
    [next]/internal/font/google/ibm_plex_mono_d95a4c7c.js
    ./src/app/layout.tsx


⚠ [next]/internal/font/google/barlow_condensed_e1508f94.module.css
Error while requesting resource
There was an issue establishing a connection while requesting https://fonts.googleapis.com/css2?family=Barlow+Condensed:wght@400;500;600;700&display=swap

Import trace:
  Server Component:
    [next]/internal/font/google/barlow_condensed_e1508f94.module.css
    [next]/internal/font/google/barlow_condensed_e1508f94.js
    ./src/app/layout.tsx


⚠ [next]/internal/font/google/ibm_plex_mono_d95a4c7c.module.css
Error while requesting resource
There was an issue establishing a connection while requesting https://fonts.googleapis.com/css2?family=IBM+Plex+Mono:wght@400;500;600&display=swap

Import trace:
  Server Component:
    [next]/internal/font/google/ibm_plex_mono_d95a4c7c.module.css
    [next]/internal/font/google/ibm_plex_mono_d95a4c7c.js
    ./src/app/layout.tsx


⚠ [next]/internal/font/google/barlow_condensed_e1508f94.module.css
next/font: warning:
Failed to download `Barlow Condensed` from Google Fonts. Using fallback font instead.

Import trace:
  Server Component:
    [next]/internal/font/google/barlow_condensed_e1508f94.module.css
    [next]/internal/font/google/barlow_condensed_e1508f94.js
    ./src/app/layout.tsx


⚠ [next]/internal/font/google/ibm_plex_mono_d95a4c7c.module.css
next/font: warning:
Failed to download `IBM Plex Mono` from Google Fonts. Using fallback font instead.

Import trace:
  Server Component:
    [next]/internal/font/google/ibm_plex_mono_d95a4c7c.module.css
    [next]/internal/font/google/ibm_plex_mono_d95a4c7c.js
    ./src/app/layout.tsx


 GET / 200 in 40ms (next.js: 3ms, application-code: 37ms)
⚠ [next]/internal/font/google/barlow_condensed_e1508f94.module.css
Error while requesting resource
There was an issue establishing a connection while requesting https://fonts.googleapis.com/css2?family=Barlow+Condensed:wght@400;500;600;700&display=swap

Import trace:
  Server Component:
    [next]/internal/font/google/barlow_condensed_e1508f94.module.css
    [next]/internal/font/google/barlow_condensed_e1508f94.js
    ./src/app/layout.tsx


⚠ [next]/internal/font/google/ibm_plex_mono_d95a4c7c.module.css
Error while requesting resource
There was an issue establishing a connection while requesting https://fonts.googleapis.com/css2?family=IBM+Plex+Mono:wght@400;500;600&display=swap

Import trace:
  Server Component:
    [next]/internal/font/google/ibm_plex_mono_d95a4c7c.module.css
    [next]/internal/font/google/ibm_plex_mono_d95a4c7c.js
    ./src/app/layout.tsx


⚠ [next]/internal/font/google/barlow_condensed_e1508f94.module.css
next/font: warning:
Failed to download `Barlow Condensed` from Google Fonts. Using fallback font instead.

Import trace:
  Server Component:
    [next]/internal/font/google/barlow_condensed_e1508f94.module.css
    [next]/internal/font/google/barlow_condensed_e1508f94.js
    ./src/app/layout.tsx


⚠ [next]/internal/font/google/ibm_plex_mono_d95a4c7c.module.css
next/font: warning:
Failed to download `IBM Plex Mono` from Google Fonts. Using fallback font instead.

Import trace:
  Server Component:
    [next]/internal/font/google/ibm_plex_mono_d95a4c7c.module.css
    [next]/internal/font/google/ibm_plex_mono_d95a4c7c.js
    ./src/app/layout.tsx


⚠ [next]/internal/font/google/barlow_condensed_e1508f94.module.css
Error while requesting resource
There was an issue establishing a connection while requesting https://fonts.googleapis.com/css2?family=Barlow+Condensed:wght@400;500;600;700&display=swap

Import trace:
  Server Component:
    [next]/internal/font/google/barlow_condensed_e1508f94.module.css
    [next]/internal/font/google/barlow_condensed_e1508f94.js
    ./src/app/layout.tsx


⚠ [next]/internal/font/google/ibm_plex_mono_d95a4c7c.module.css
Error while requesting resource
There was an issue establishing a connection while requesting https://fonts.googleapis.com/css2?family=IBM+Plex+Mono:wght@400;500;600&display=swap

Import trace:
  Server Component:
    [next]/internal/font/google/ibm_plex_mono_d95a4c7c.module.css
    [next]/internal/font/google/ibm_plex_mono_d95a4c7c.js
    ./src/app/layout.tsx


⚠ [next]/internal/font/google/barlow_condensed_e1508f94.module.css
next/font: warning:
Failed to download `Barlow Condensed` from Google Fonts. Using fallback font instead.

Import trace:
  Server Component:
    [next]/internal/font/google/barlow_condensed_e1508f94.module.css
    [next]/internal/font/google/barlow_condensed_e1508f94.js
    ./src/app/layout.tsx


⚠ [next]/internal/font/google/ibm_plex_mono_d95a4c7c.module.css
next/font: warning:
Failed to download `IBM Plex Mono` from Google Fonts. Using fallback font instead.

Import trace:
  Server Component:
    [next]/internal/font/google/ibm_plex_mono_d95a4c7c.module.css
    [next]/internal/font/google/ibm_plex_mono_d95a4c7c.js
    ./src/app/layout.tsx


⚠ [next]/internal/font/google/barlow_condensed_e1508f94.module.css
Error while requesting resource
There was an issue establishing a connection while requesting https://fonts.googleapis.com/css2?family=Barlow+Condensed:wght@400;500;600;700&display=swap

Import trace:
  Server Component:
    [next]/internal/font/google/barlow_condensed_e1508f94.module.css
    [next]/internal/font/google/barlow_condensed_e1508f94.js
    ./src/app/layout.tsx


⚠ [next]/internal/font/google/ibm_plex_mono_d95a4c7c.module.css
Error while requesting resource
There was an issue establishing a connection while requesting https://fonts.googleapis.com/css2?family=IBM+Plex+Mono:wght@400;500;600&display=swap

Import trace:
  Server Component:
    [next]/internal/font/google/ibm_plex_mono_d95a4c7c.module.css
    [next]/internal/font/google/ibm_plex_mono_d95a4c7c.js
    ./src/app/layout.tsx


⚠ [next]/internal/font/google/barlow_condensed_e1508f94.module.css
next/font: warning:
Failed to download `Barlow Condensed` from Google Fonts. Using fallback font instead.

Import trace:
  Server Component:
    [next]/internal/font/google/barlow_condensed_e1508f94.module.css
    [next]/internal/font/google/barlow_condensed_e1508f94.js
    ./src/app/layout.tsx


⚠ [next]/internal/font/google/ibm_plex_mono_d95a4c7c.module.css
next/font: warning:
Failed to download `IBM Plex Mono` from Google Fonts. Using fallback font instead.

Import trace:
  Server Component:
    [next]/internal/font/google/ibm_plex_mono_d95a4c7c.module.css
    [next]/internal/font/google/ibm_plex_mono_d95a4c7c.js
    ./src/app/layout.tsx


✓ Compiled in 139ms
⚠ [next]/internal/font/google/barlow_condensed_e1508f94.module.css
Error while requesting resource
There was an issue establishing a connection while requesting https://fonts.googleapis.com/css2?family=Barlow+Condensed:wght@400;500;600;700&display=swap

Import trace:
  Server Component:
    [next]/internal/font/google/barlow_condensed_e1508f94.module.css
    [next]/internal/font/google/barlow_condensed_e1508f94.js
    ./src/app/layout.tsx


⚠ [next]/internal/font/google/ibm_plex_mono_d95a4c7c.module.css
Error while requesting resource
There was an issue establishing a connection while requesting https://fonts.googleapis.com/css2?family=IBM+Plex+Mono:wght@400;500;600&display=swap

Import trace:
  Server Component:
    [next]/internal/font/google/ibm_plex_mono_d95a4c7c.module.css
    [next]/internal/font/google/ibm_plex_mono_d95a4c7c.js
    ./src/app/layout.tsx


⚠ [next]/internal/font/google/barlow_condensed_e1508f94.module.css
next/font: warning:
Failed to download `Barlow Condensed` from Google Fonts. Using fallback font instead.

Import trace:
  Server Component:
    [next]/internal/font/google/barlow_condensed_e1508f94.module.css
    [next]/internal/font/google/barlow_condensed_e1508f94.js
    ./src/app/layout.tsx


⚠ [next]/internal/font/google/ibm_plex_mono_d95a4c7c.module.css
next/font: warning:
Failed to download `IBM Plex Mono` from Google Fonts. Using fallback font instead.

Import trace:
  Server Component:
    [next]/internal/font/google/ibm_plex_mono_d95a4c7c.module.css
    [next]/internal/font/google/ibm_plex_mono_d95a4c7c.js
    ./src/app/layout.tsx


 GET / 200 in 56ms (next.js: 4ms, application-code: 52ms)
⚠ [next]/internal/font/google/barlow_condensed_e1508f94.module.css
Error while requesting resource
There was an issue establishing a connection while requesting https://fonts.googleapis.com/css2?family=Barlow+Condensed:wght@400;500;600;700&display=swap

Import trace:
  Server Component:
    [next]/internal/font/google/barlow_condensed_e1508f94.module.css
    [next]/internal/font/google/barlow_condensed_e1508f94.js
    ./src/app/layout.tsx


⚠ [next]/internal/font/google/ibm_plex_mono_d95a4c7c.module.css
Error while requesting resource
There was an issue establishing a connection while requesting https://fonts.googleapis.com/css2?family=IBM+Plex+Mono:wght@400;500;600&display=swap

Import trace:
  Server Component:
    [next]/internal/font/google/ibm_plex_mono_d95a4c7c.module.css
    [next]/internal/font/google/ibm_plex_mono_d95a4c7c.js
    ./src/app/layout.tsx


⚠ [next]/internal/font/google/barlow_condensed_e1508f94.module.css
next/font: warning:
Failed to download `Barlow Condensed` from Google Fonts. Using fallback font instead.

Import trace:
  Server Component:
    [next]/internal/font/google/barlow_condensed_e1508f94.module.css
    [next]/internal/font/google/barlow_condensed_e1508f94.js
    ./src/app/layout.tsx


⚠ [next]/internal/font/google/ibm_plex_mono_d95a4c7c.module.css
next/font: warning:
Failed to download `IBM Plex Mono` from Google Fonts. Using fallback font instead.

Import trace:
  Server Component:
    [next]/internal/font/google/ibm_plex_mono_d95a4c7c.module.css
    [next]/internal/font/google/ibm_plex_mono_d95a4c7c.js
    ./src/app/layout.tsx


⚠ [next]/internal/font/google/barlow_condensed_e1508f94.module.css
Error while requesting resource
There was an issue establishing a connection while requesting https://fonts.googleapis.com/css2?family=Barlow+Condensed:wght@400;500;600;700&display=swap

Import trace:
  Server Component:
    [next]/internal/font/google/barlow_condensed_e1508f94.module.css
    [next]/internal/font/google/barlow_condensed_e1508f94.js
    ./src/app/layout.tsx


⚠ [next]/internal/font/google/ibm_plex_mono_d95a4c7c.module.css
Error while requesting resource
There was an issue establishing a connection while requesting https://fonts.googleapis.com/css2?family=IBM+Plex+Mono:wght@400;500;600&display=swap

Import trace:
  Server Component:
    [next]/internal/font/google/ibm_plex_mono_d95a4c7c.module.css
    [next]/internal/font/google/ibm_plex_mono_d95a4c7c.js
    ./src/app/layout.tsx


⚠ [next]/internal/font/google/barlow_condensed_e1508f94.module.css
next/font: warning:
Failed to download `Barlow Condensed` from Google Fonts. Using fallback font instead.

Import trace:
  Server Component:
    [next]/internal/font/google/barlow_condensed_e1508f94.module.css
    [next]/internal/font/google/barlow_condensed_e1508f94.js
    ./src/app/layout.tsx


⚠ [next]/internal/font/google/ibm_plex_mono_d95a4c7c.module.css
next/font: warning:
Failed to download `IBM Plex Mono` from Google Fonts. Using fallback font instead.

Import trace:
  Server Component:
    [next]/internal/font/google/ibm_plex_mono_d95a4c7c.module.css
    [next]/internal/font/google/ibm_plex_mono_d95a4c7c.js
    ./src/app/layout.tsx


⚠ [next]/internal/font/google/barlow_condensed_e1508f94.module.css
Error while requesting resource
There was an issue establishing a connection while requesting https://fonts.googleapis.com/css2?family=Barlow+Condensed:wght@400;500;600;700&display=swap

Import trace:
  Server Component:
    [next]/internal/font/google/barlow_condensed_e1508f94.module.css
    [next]/internal/font/google/barlow_condensed_e1508f94.js
    ./src/app/layout.tsx


⚠ [next]/internal/font/google/ibm_plex_mono_d95a4c7c.module.css
Error while requesting resource
There was an issue establishing a connection while requesting https://fonts.googleapis.com/css2?family=IBM+Plex+Mono:wght@400;500;600&display=swap

Import trace:
  Server Component:
    [next]/internal/font/google/ibm_plex_mono_d95a4c7c.module.css
    [next]/internal/font/google/ibm_plex_mono_d95a4c7c.js
    ./src/app/layout.tsx


⚠ [next]/internal/font/google/barlow_condensed_e1508f94.module.css
next/font: warning:
Failed to download `Barlow Condensed` from Google Fonts. Using fallback font instead.

Import trace:
  Server Component:
    [next]/internal/font/google/barlow_condensed_e1508f94.module.css
    [next]/internal/font/google/barlow_condensed_e1508f94.js
    ./src/app/layout.tsx


⚠ [next]/internal/font/google/ibm_plex_mono_d95a4c7c.module.css
next/font: warning:
Failed to download `IBM Plex Mono` from Google Fonts. Using fallback font instead.

Import trace:
  Server Component:
    [next]/internal/font/google/ibm_plex_mono_d95a4c7c.module.css
    [next]/internal/font/google/ibm_plex_mono_d95a4c7c.js
    ./src/app/layout.tsx


[browser] ⨯ unhandledRejection: Error: No link element found for chunk /_next/static/chunks/%5Broot-of-the-server%5D__0m-4q1f._.css
    at new Promise (<anonymous>)
    at processTurbopackMessage (file://C:/Users/L O Q/Documents/BIMA/BIMA-BASE-STATION/gcs_js/.next/dev/static/chunks/node_modules_next_dist_client_0r5nbpw._.js:13494:13)
    at processMessage (file://C:/Users/L O Q/Documents/BIMA/BIMA-BASE-STATION/gcs_js/.next/dev/static/chunks/node_modules_next_dist_client_0r5nbpw._.js:14061:17)
    at WebSocket.handleMessage (file://C:/Users/L O Q/Documents/BIMA/BIMA-BASE-STATION/gcs_js/.next/dev/static/chunks/node_modules_next_dist_client_0r5nbpw._.js:13458:52)
⚠ [next]/internal/font/google/barlow_condensed_e1508f94.module.css
Error while requesting resource
There was an issue establishing a connection while requesting https://fonts.googleapis.com/css2?family=Barlow+Condensed:wght@400;500;600;700&display=swap

Import trace:
  Server Component:
    [next]/internal/font/google/barlow_condensed_e1508f94.module.css
    [next]/internal/font/google/barlow_condensed_e1508f94.js
    ./src/app/layout.tsx


⚠ [next]/internal/font/google/ibm_plex_mono_d95a4c7c.module.css
Error while requesting resource
There was an issue establishing a connection while requesting https://fonts.googleapis.com/css2?family=IBM+Plex+Mono:wght@400;500;600&display=swap

Import trace:
  Server Component:
    [next]/internal/font/google/ibm_plex_mono_d95a4c7c.module.css
    [next]/internal/font/google/ibm_plex_mono_d95a4c7c.js
    ./src/app/layout.tsx


⚠ [next]/internal/font/google/barlow_condensed_e1508f94.module.css
next/font: warning:
Failed to download `Barlow Condensed` from Google Fonts. Using fallback font instead.

Import trace:
  Server Component:
    [next]/internal/font/google/barlow_condensed_e1508f94.module.css
    [next]/internal/font/google/barlow_condensed_e1508f94.js
    ./src/app/layout.tsx


⚠ [next]/internal/font/google/ibm_plex_mono_d95a4c7c.module.css
next/font: warning:
Failed to download `IBM Plex Mono` from Google Fonts. Using fallback font instead.

Import trace:
  Server Component:
    [next]/internal/font/google/ibm_plex_mono_d95a4c7c.module.css
    [next]/internal/font/google/ibm_plex_mono_d95a4c7c.js
    ./src/app/layout.tsx


⚠ [next]/internal/font/google/barlow_condensed_e1508f94.module.css
Error while requesting resource
There was an issue establishing a connection while requesting https://fonts.googleapis.com/css2?family=Barlow+Condensed:wght@400;500;600;700&display=swap

Import trace:
  Server Component:
    [next]/internal/font/google/barlow_condensed_e1508f94.module.css
    [next]/internal/font/google/barlow_condensed_e1508f94.js
    ./src/app/layout.tsx


⚠ [next]/internal/font/google/ibm_plex_mono_d95a4c7c.module.css
Error while requesting resource
There was an issue establishing a connection while requesting https://fonts.googleapis.com/css2?family=IBM+Plex+Mono:wght@400;500;600&display=swap

Import trace:
  Server Component:
    [next]/internal/font/google/ibm_plex_mono_d95a4c7c.module.css
    [next]/internal/font/google/ibm_plex_mono_d95a4c7c.js
    ./src/app/layout.tsx


⚠ [next]/internal/font/google/barlow_condensed_e1508f94.module.css
next/font: warning:
Failed to download `Barlow Condensed` from Google Fonts. Using fallback font instead.

Import trace:
  Server Component:
    [next]/internal/font/google/barlow_condensed_e1508f94.module.css
    [next]/internal/font/google/barlow_condensed_e1508f94.js
    ./src/app/layout.tsx


⚠ [next]/internal/font/google/ibm_plex_mono_d95a4c7c.module.css
next/font: warning:
Failed to download `IBM Plex Mono` from Google Fonts. Using fallback font instead.

Import trace:
  Server Component:
    [next]/internal/font/google/ibm_plex_mono_d95a4c7c.module.css
    [next]/internal/font/google/ibm_plex_mono_d95a4c7c.js
    ./src/app/layout.tsx


⚠ [next]/internal/font/google/barlow_condensed_e1508f94.module.css
Error while requesting resource
There was an issue establishing a connection while requesting https://fonts.googleapis.com/css2?family=Barlow+Condensed:wght@400;500;600;700&display=swap

Import trace:
  Server Component:
    [next]/internal/font/google/barlow_condensed_e1508f94.module.css
    [next]/internal/font/google/barlow_condensed_e1508f94.js
    ./src/app/layout.tsx


⚠ [next]/internal/font/google/ibm_plex_mono_d95a4c7c.module.css
Error while requesting resource
There was an issue establishing a connection while requesting https://fonts.googleapis.com/css2?family=IBM+Plex+Mono:wght@400;500;600&display=swap

Import trace:
  Server Component:
    [next]/internal/font/google/ibm_plex_mono_d95a4c7c.module.css
    [next]/internal/font/google/ibm_plex_mono_d95a4c7c.js
    ./src/app/layout.tsx


⚠ [next]/internal/font/google/barlow_condensed_e1508f94.module.css
next/font: warning:
Failed to download `Barlow Condensed` from Google Fonts. Using fallback font instead.

Import trace:
  Server Component:
    [next]/internal/font/google/barlow_condensed_e1508f94.module.css
    [next]/internal/font/google/barlow_condensed_e1508f94.js
    ./src/app/layout.tsx


⚠ [next]/internal/font/google/ibm_plex_mono_d95a4c7c.module.css
next/font: warning:
Failed to download `IBM Plex Mono` from Google Fonts. Using fallback font instead.

Import trace:
  Server Component:
    [next]/internal/font/google/ibm_plex_mono_d95a4c7c.module.css
    [next]/internal/font/google/ibm_plex_mono_d95a4c7c.js
    ./src/app/layout.tsx


⚠ [next]/internal/font/google/barlow_condensed_e1508f94.module.css
Error while requesting resource
There was an issue establishing a connection while requesting https://fonts.googleapis.com/css2?family=Barlow+Condensed:wght@400;500;600;700&display=swap

Import trace:
  Server Component:
    [next]/internal/font/google/barlow_condensed_e1508f94.module.css
    [next]/internal/font/google/barlow_condensed_e1508f94.js
    ./src/app/layout.tsx


⚠ [next]/internal/font/google/ibm_plex_mono_d95a4c7c.module.css
Error while requesting resource
There was an issue establishing a connection while requesting https://fonts.googleapis.com/css2?family=IBM+Plex+Mono:wght@400;500;600&display=swap

Import trace:
  Server Component:
    [next]/internal/font/google/ibm_plex_mono_d95a4c7c.module.css
    [next]/internal/font/google/ibm_plex_mono_d95a4c7c.js
    ./src/app/layout.tsx


⚠ [next]/internal/font/google/barlow_condensed_e1508f94.module.css
next/font: warning:
Failed to download `Barlow Condensed` from Google Fonts. Using fallback font instead.

Import trace:
  Server Component:
    [next]/internal/font/google/barlow_condensed_e1508f94.module.css
    [next]/internal/font/google/barlow_condensed_e1508f94.js
    ./src/app/layout.tsx


⚠ [next]/internal/font/google/ibm_plex_mono_d95a4c7c.module.css
next/font: warning:
Failed to download `IBM Plex Mono` from Google Fonts. Using fallback font instead.

Import trace:
  Server Component:
    [next]/internal/font/google/ibm_plex_mono_d95a4c7c.module.css
    [next]/internal/font/google/ibm_plex_mono_d95a4c7c.js
    ./src/app/layout.tsx


 GET /mission 200 in 271ms (next.js: 109ms, application-code: 161ms)
⚠ [next]/internal/font/google/barlow_condensed_e1508f94.module.css
Error while requesting resource
There was an issue establishing a connection while requesting https://fonts.googleapis.com/css2?family=Barlow+Condensed:wght@400;500;600;700&display=swap

Import trace:
  Server Component:
    [next]/internal/font/google/barlow_condensed_e1508f94.module.css
    [next]/internal/font/google/barlow_condensed_e1508f94.js
    ./src/app/layout.tsx


⚠ [next]/internal/font/google/ibm_plex_mono_d95a4c7c.module.css
Error while requesting resource
There was an issue establishing a connection while requesting https://fonts.googleapis.com/css2?family=IBM+Plex+Mono:wght@400;500;600&display=swap

Import trace:
  Server Component:
    [next]/internal/font/google/ibm_plex_mono_d95a4c7c.module.css
    [next]/internal/font/google/ibm_plex_mono_d95a4c7c.js
    ./src/app/layout.tsx


⚠ [next]/internal/font/google/barlow_condensed_e1508f94.module.css
next/font: warning:
Failed to download `Barlow Condensed` from Google Fonts. Using fallback font instead.

Import trace:
  Server Component:
    [next]/internal/font/google/barlow_condensed_e1508f94.module.css
    [next]/internal/font/google/barlow_condensed_e1508f94.js
    ./src/app/layout.tsx


⚠ [next]/internal/font/google/ibm_plex_mono_d95a4c7c.module.css
next/font: warning:
Failed to download `IBM Plex Mono` from Google Fonts. Using fallback font instead.

Import trace:
  Server Component:
    [next]/internal/font/google/ibm_plex_mono_d95a4c7c.module.css
    [next]/internal/font/google/ibm_plex_mono_d95a4c7c.js
    ./src/app/layout.tsx


⚠ [next]/internal/font/google/barlow_condensed_e1508f94.module.css
Error while requesting resource
There was an issue establishing a connection while requesting https://fonts.googleapis.com/css2?family=Barlow+Condensed:wght@400;500;600;700&display=swap

Import trace:
  Server Component:
    [next]/internal/font/google/barlow_condensed_e1508f94.module.css
    [next]/internal/font/google/barlow_condensed_e1508f94.js
    ./src/app/layout.tsx


⚠ [next]/internal/font/google/ibm_plex_mono_d95a4c7c.module.css
Error while requesting resource
There was an issue establishing a connection while requesting https://fonts.googleapis.com/css2?family=IBM+Plex+Mono:wght@400;500;600&display=swap

Import trace:
  Server Component:
    [next]/internal/font/google/ibm_plex_mono_d95a4c7c.module.css
    [next]/internal/font/google/ibm_plex_mono_d95a4c7c.js
    ./src/app/layout.tsx


⚠ [next]/internal/font/google/barlow_condensed_e1508f94.module.css
next/font: warning:
Failed to download `Barlow Condensed` from Google Fonts. Using fallback font instead.

Import trace:
  Server Component:
    [next]/internal/font/google/barlow_condensed_e1508f94.module.css
    [next]/internal/font/google/barlow_condensed_e1508f94.js
    ./src/app/layout.tsx


⚠ [next]/internal/font/google/ibm_plex_mono_d95a4c7c.module.css
next/font: warning:
Failed to download `IBM Plex Mono` from Google Fonts. Using fallback font instead.

Import trace:
  Server Component:
    [next]/internal/font/google/ibm_plex_mono_d95a4c7c.module.css
    [next]/internal/font/google/ibm_plex_mono_d95a4c7c.js
    ./src/app/layout.tsx


⚠ [next]/internal/font/google/barlow_condensed_e1508f94.module.css
Error while requesting resource
There was an issue establishing a connection while requesting https://fonts.googleapis.com/css2?family=Barlow+Condensed:wght@400;500;600;700&display=swap

Import trace:
  Server Component:
    [next]/internal/font/google/barlow_condensed_e1508f94.module.css
    [next]/internal/font/google/barlow_condensed_e1508f94.js
    ./src/app/layout.tsx


⚠ [next]/internal/font/google/ibm_plex_mono_d95a4c7c.module.css
Error while requesting resource
There was an issue establishing a connection while requesting https://fonts.googleapis.com/css2?family=IBM+Plex+Mono:wght@400;500;600&display=swap

Import trace:
  Server Component:
    [next]/internal/font/google/ibm_plex_mono_d95a4c7c.module.css
    [next]/internal/font/google/ibm_plex_mono_d95a4c7c.js
    ./src/app/layout.tsx


⚠ [next]/internal/font/google/barlow_condensed_e1508f94.module.css
next/font: warning:
Failed to download `Barlow Condensed` from Google Fonts. Using fallback font instead.

Import trace:
  Server Component:
    [next]/internal/font/google/barlow_condensed_e1508f94.module.css
    [next]/internal/font/google/barlow_condensed_e1508f94.js
    ./src/app/layout.tsx


⚠ [next]/internal/font/google/ibm_plex_mono_d95a4c7c.module.css
next/font: warning:
Failed to download `IBM Plex Mono` from Google Fonts. Using fallback font instead.

Import trace:
  Server Component:
    [next]/internal/font/google/ibm_plex_mono_d95a4c7c.module.css
    [next]/internal/font/google/ibm_plex_mono_d95a4c7c.js
    ./src/app/layout.tsx


⚠ [next]/internal/font/google/barlow_condensed_e1508f94.module.css
Error while requesting resource
There was an issue establishing a connection while requesting https://fonts.googleapis.com/css2?family=Barlow+Condensed:wght@400;500;600;700&display=swap

Import trace:
  Server Component:
    [next]/internal/font/google/barlow_condensed_e1508f94.module.css
    [next]/internal/font/google/barlow_condensed_e1508f94.js
    ./src/app/layout.tsx


⚠ [next]/internal/font/google/ibm_plex_mono_d95a4c7c.module.css
Error while requesting resource
There was an issue establishing a connection while requesting https://fonts.googleapis.com/css2?family=IBM+Plex+Mono:wght@400;500;600&display=swap

Import trace:
  Server Component:
    [next]/internal/font/google/ibm_plex_mono_d95a4c7c.module.css
    [next]/internal/font/google/ibm_plex_mono_d95a4c7c.js
    ./src/app/layout.tsx


⚠ [next]/internal/font/google/barlow_condensed_e1508f94.module.css
next/font: warning:
Failed to download `Barlow Condensed` from Google Fonts. Using fallback font instead.

Import trace:
  Server Component:
    [next]/internal/font/google/barlow_condensed_e1508f94.module.css
    [next]/internal/font/google/barlow_condensed_e1508f94.js
    ./src/app/layout.tsx


⚠ [next]/internal/font/google/ibm_plex_mono_d95a4c7c.module.css
next/font: warning:
Failed to download `IBM Plex Mono` from Google Fonts. Using fallback font instead.

Import trace:
  Server Component:
    [next]/internal/font/google/ibm_plex_mono_d95a4c7c.module.css
    [next]/internal/font/google/ibm_plex_mono_d95a4c7c.js
    ./src/app/layout.tsx


 GET / 200 in 22ms (next.js: 4ms, application-code: 18ms)
⚠ [next]/internal/font/google/barlow_condensed_e1508f94.module.css
Error while requesting resource
There was an issue establishing a connection while requesting https://fonts.googleapis.com/css2?family=Barlow+Condensed:wght@400;500;600;700&display=swap

Import trace:
  Server Component:
    [next]/internal/font/google/barlow_condensed_e1508f94.module.css
    [next]/internal/font/google/barlow_condensed_e1508f94.js
    ./src/app/layout.tsx


⚠ [next]/internal/font/google/ibm_plex_mono_d95a4c7c.module.css
Error while requesting resource
There was an issue establishing a connection while requesting https://fonts.googleapis.com/css2?family=IBM+Plex+Mono:wght@400;500;600&display=swap

Import trace:
  Server Component:
    [next]/internal/font/google/ibm_plex_mono_d95a4c7c.module.css
    [next]/internal/font/google/ibm_plex_mono_d95a4c7c.js
    ./src/app/layout.tsx


⚠ [next]/internal/font/google/barlow_condensed_e1508f94.module.css
next/font: warning:
Failed to download `Barlow Condensed` from Google Fonts. Using fallback font instead.

Import trace:
  Server Component:
    [next]/internal/font/google/barlow_condensed_e1508f94.module.css
    [next]/internal/font/google/barlow_condensed_e1508f94.js
    ./src/app/layout.tsx


⚠ [next]/internal/font/google/ibm_plex_mono_d95a4c7c.module.css
next/font: warning:
Failed to download `IBM Plex Mono` from Google Fonts. Using fallback font instead.

Import trace:
  Server Component:
    [next]/internal/font/google/ibm_plex_mono_d95a4c7c.module.css
    [next]/internal/font/google/ibm_plex_mono_d95a4c7c.js
    ./src/app/layout.tsx


 GET /params 200 in 115ms (next.js: 76ms, application-code: 39ms)
⚠ [next]/internal/font/google/barlow_condensed_e1508f94.module.css
Error while requesting resource
There was an issue establishing a connection while requesting https://fonts.googleapis.com/css2?family=Barlow+Condensed:wght@400;500;600;700&display=swap

Import trace:
  Server Component:
    [next]/internal/font/google/barlow_condensed_e1508f94.module.css
    [next]/internal/font/google/barlow_condensed_e1508f94.js
    ./src/app/layout.tsx


⚠ [next]/internal/font/google/ibm_plex_mono_d95a4c7c.module.css
Error while requesting resource
There was an issue establishing a connection while requesting https://fonts.googleapis.com/css2?family=IBM+Plex+Mono:wght@400;500;600&display=swap

Import trace:
  Server Component:
    [next]/internal/font/google/ibm_plex_mono_d95a4c7c.module.css
    [next]/internal/font/google/ibm_plex_mono_d95a4c7c.js
    ./src/app/layout.tsx


⚠ [next]/internal/font/google/barlow_condensed_e1508f94.module.css
next/font: warning:
Failed to download `Barlow Condensed` from Google Fonts. Using fallback font instead.

Import trace:
  Server Component:
    [next]/internal/font/google/barlow_condensed_e1508f94.module.css
    [next]/internal/font/google/barlow_condensed_e1508f94.js
    ./src/app/layout.tsx


⚠ [next]/internal/font/google/ibm_plex_mono_d95a4c7c.module.css
next/font: warning:
Failed to download `IBM Plex Mono` from Google Fonts. Using fallback font instead.

Import trace:
  Server Component:
    [next]/internal/font/google/ibm_plex_mono_d95a4c7c.module.css
    [next]/internal/font/google/ibm_plex_mono_d95a4c7c.js
    ./src/app/layout.tsx


 GET /mission 200 in 35ms (next.js: 8ms, application-code: 27ms)
⚠ [next]/internal/font/google/barlow_condensed_e1508f94.module.css
Error while requesting resource
There was an issue establishing a connection while requesting https://fonts.googleapis.com/css2?family=Barlow+Condensed:wght@400;500;600;700&display=swap

Import trace:
  Server Component:
    [next]/internal/font/google/barlow_condensed_e1508f94.module.css
    [next]/internal/font/google/barlow_condensed_e1508f94.js
    ./src/app/layout.tsx


⚠ [next]/internal/font/google/ibm_plex_mono_d95a4c7c.module.css
Error while requesting resource
There was an issue establishing a connection while requesting https://fonts.googleapis.com/css2?family=IBM+Plex+Mono:wght@400;500;600&display=swap

Import trace:
  Server Component:
    [next]/internal/font/google/ibm_plex_mono_d95a4c7c.module.css
    [next]/internal/font/google/ibm_plex_mono_d95a4c7c.js
    ./src/app/layout.tsx


⚠ [next]/internal/font/google/barlow_condensed_e1508f94.module.css
next/font: warning:
Failed to download `Barlow Condensed` from Google Fonts. Using fallback font instead.

Import trace:
  Server Component:
    [next]/internal/font/google/barlow_condensed_e1508f94.module.css
    [next]/internal/font/google/barlow_condensed_e1508f94.js
    ./src/app/layout.tsx


⚠ [next]/internal/font/google/ibm_plex_mono_d95a4c7c.module.css
next/font: warning:
Failed to download `IBM Plex Mono` from Google Fonts. Using fallback font instead.

Import trace:
  Server Component:
    [next]/internal/font/google/ibm_plex_mono_d95a4c7c.module.css
    [next]/internal/font/google/ibm_plex_mono_d95a4c7c.js
    ./src/app/layout.tsx


 GET / 200 in 20ms (next.js: 5ms, application-code: 15ms)
⚠ [next]/internal/font/google/barlow_condensed_e1508f94.module.css
Error while requesting resource
There was an issue establishing a connection while requesting https://fonts.googleapis.com/css2?family=Barlow+Condensed:wght@400;500;600;700&display=swap

Import trace:
  Server Component:
    [next]/internal/font/google/barlow_condensed_e1508f94.module.css
    [next]/internal/font/google/barlow_condensed_e1508f94.js
    ./src/app/layout.tsx


⚠ [next]/internal/font/google/ibm_plex_mono_d95a4c7c.module.css
Error while requesting resource
There was an issue establishing a connection while requesting https://fonts.googleapis.com/css2?family=IBM+Plex+Mono:wght@400;500;600&display=swap

Import trace:
  Server Component:
    [next]/internal/font/google/ibm_plex_mono_d95a4c7c.module.css
    [next]/internal/font/google/ibm_plex_mono_d95a4c7c.js
    ./src/app/layout.tsx


⚠ [next]/internal/font/google/barlow_condensed_e1508f94.module.css
next/font: warning:
Failed to download `Barlow Condensed` from Google Fonts. Using fallback font instead.

Import trace:
  Server Component:
    [next]/internal/font/google/barlow_condensed_e1508f94.module.css
    [next]/internal/font/google/barlow_condensed_e1508f94.js
    ./src/app/layout.tsx


⚠ [next]/internal/font/google/ibm_plex_mono_d95a4c7c.module.css
next/font: warning:
Failed to download `IBM Plex Mono` from Google Fonts. Using fallback font instead.

Import trace:
  Server Component:
    [next]/internal/font/google/ibm_plex_mono_d95a4c7c.module.css
    [next]/internal/font/google/ibm_plex_mono_d95a4c7c.js
    ./src/app/layout.tsx


 GET / 200 in 83ms (next.js: 5ms, application-code: 79ms)
✓ Compiled in 189ms
✓ Compiled in 114ms
⚠ [next]/internal/font/google/barlow_condensed_e1508f94.module.css
Error while requesting resource
There was an issue establishing a connection while requesting https://fonts.googleapis.com/css2?family=Barlow+Condensed:wght@400;500;600;700&display=swap

Import trace:
  Server Component:
    [next]/internal/font/google/barlow_condensed_e1508f94.module.css
    [next]/internal/font/google/barlow_condensed_e1508f94.js
    ./src/app/layout.tsx


⚠ [next]/internal/font/google/ibm_plex_mono_d95a4c7c.module.css
Error while requesting resource
There was an issue establishing a connection while requesting https://fonts.googleapis.com/css2?family=IBM+Plex+Mono:wght@400;500;600&display=swap

Import trace:
  Server Component:
    [next]/internal/font/google/ibm_plex_mono_d95a4c7c.module.css
    [next]/internal/font/google/ibm_plex_mono_d95a4c7c.js
    ./src/app/layout.tsx


⚠ [next]/internal/font/google/barlow_condensed_e1508f94.module.css
next/font: warning:
Failed to download `Barlow Condensed` from Google Fonts. Using fallback font instead.

Import trace:
  Server Component:
    [next]/internal/font/google/barlow_condensed_e1508f94.module.css
    [next]/internal/font/google/barlow_condensed_e1508f94.js
    ./src/app/layout.tsx


⚠ [next]/internal/font/google/ibm_plex_mono_d95a4c7c.module.css
next/font: warning:
Failed to download `IBM Plex Mono` from Google Fonts. Using fallback font instead.

Import trace:
  Server Component:
    [next]/internal/font/google/ibm_plex_mono_d95a4c7c.module.css
    [next]/internal/font/google/ibm_plex_mono_d95a4c7c.js
    ./src/app/layout.tsx


 GET / 200 in 57ms (next.js: 8ms, application-code: 49ms)
✓ Compiled in 117ms
✓ Compiled in 257ms
⚠ [next]/internal/font/google/barlow_condensed_e1508f94.module.css
Error while requesting resource
There was an issue establishing a connection while requesting https://fonts.googleapis.com/css2?family=Barlow+Condensed:wght@400;500;600;700&display=swap

Import trace:
  Server Component:
    [next]/internal/font/google/barlow_condensed_e1508f94.module.css
    [next]/internal/font/google/barlow_condensed_e1508f94.js
    ./src/app/layout.tsx


⚠ [next]/internal/font/google/ibm_plex_mono_d95a4c7c.module.css
Error while requesting resource
There was an issue establishing a connection while requesting https://fonts.googleapis.com/css2?family=IBM+Plex+Mono:wght@400;500;600&display=swap

Import trace:
  Server Component:
    [next]/internal/font/google/ibm_plex_mono_d95a4c7c.module.css
    [next]/internal/font/google/ibm_plex_mono_d95a4c7c.js
    ./src/app/layout.tsx


⚠ [next]/internal/font/google/barlow_condensed_e1508f94.module.css
next/font: warning:
Failed to download `Barlow Condensed` from Google Fonts. Using fallback font instead.

Import trace:
  Server Component:
    [next]/internal/font/google/barlow_condensed_e1508f94.module.css
    [next]/internal/font/google/barlow_condensed_e1508f94.js
    ./src/app/layout.tsx


⚠ [next]/internal/font/google/ibm_plex_mono_d95a4c7c.module.css
next/font: warning:
Failed to download `IBM Plex Mono` from Google Fonts. Using fallback font instead.

Import trace:
  Server Component:
    [next]/internal/font/google/ibm_plex_mono_d95a4c7c.module.css
    [next]/internal/font/google/ibm_plex_mono_d95a4c7c.js
    ./src/app/layout.tsx


⚠ [next]/internal/font/google/barlow_condensed_e1508f94.module.css
Error while requesting resource
There was an issue establishing a connection while requesting https://fonts.googleapis.com/css2?family=Barlow+Condensed:wght@400;500;600;700&display=swap

Import trace:
  Server Component:
    [next]/internal/font/google/barlow_condensed_e1508f94.module.css
    [next]/internal/font/google/barlow_condensed_e1508f94.js
    ./src/app/layout.tsx


⚠ [next]/internal/font/google/ibm_plex_mono_d95a4c7c.module.css
Error while requesting resource
There was an issue establishing a connection while requesting https://fonts.googleapis.com/css2?family=IBM+Plex+Mono:wght@400;500;600&display=swap

Import trace:
  Server Component:
    [next]/internal/font/google/ibm_plex_mono_d95a4c7c.module.css
    [next]/internal/font/google/ibm_plex_mono_d95a4c7c.js
    ./src/app/layout.tsx


⚠ [next]/internal/font/google/barlow_condensed_e1508f94.module.css
next/font: warning:
Failed to download `Barlow Condensed` from Google Fonts. Using fallback font instead.

Import trace:
  Server Component:
    [next]/internal/font/google/barlow_condensed_e1508f94.module.css
    [next]/internal/font/google/barlow_condensed_e1508f94.js
    ./src/app/layout.tsx


⚠ [next]/internal/font/google/ibm_plex_mono_d95a4c7c.module.css
next/font: warning:
Failed to download `IBM Plex Mono` from Google Fonts. Using fallback font instead.

Import trace:
  Server Component:
    [next]/internal/font/google/ibm_plex_mono_d95a4c7c.module.css
    [next]/internal/font/google/ibm_plex_mono_d95a4c7c.js
    ./src/app/layout.tsx


⚠ [next]/internal/font/google/barlow_condensed_e1508f94.module.css
Error while requesting resource
There was an issue establishing a connection while requesting https://fonts.googleapis.com/css2?family=Barlow+Condensed:wght@400;500;600;700&display=swap

Import trace:
  Server Component:
    [next]/internal/font/google/barlow_condensed_e1508f94.module.css
    [next]/internal/font/google/barlow_condensed_e1508f94.js
    ./src/app/layout.tsx


⚠ [next]/internal/font/google/ibm_plex_mono_d95a4c7c.module.css
Error while requesting resource
There was an issue establishing a connection while requesting https://fonts.googleapis.com/css2?family=IBM+Plex+Mono:wght@400;500;600&display=swap

Import trace:
  Server Component:
    [next]/internal/font/google/ibm_plex_mono_d95a4c7c.module.css
    [next]/internal/font/google/ibm_plex_mono_d95a4c7c.js
    ./src/app/layout.tsx


⚠ [next]/internal/font/google/barlow_condensed_e1508f94.module.css
next/font: warning:
Failed to download `Barlow Condensed` from Google Fonts. Using fallback font instead.

Import trace:
  Server Component:
    [next]/internal/font/google/barlow_condensed_e1508f94.module.css
    [next]/internal/font/google/barlow_condensed_e1508f94.js
    ./src/app/layout.tsx


⚠ [next]/internal/font/google/ibm_plex_mono_d95a4c7c.module.css
next/font: warning:
Failed to download `IBM Plex Mono` from Google Fonts. Using fallback font instead.

Import trace:
  Server Component:
    [next]/internal/font/google/ibm_plex_mono_d95a4c7c.module.css
    [next]/internal/font/google/ibm_plex_mono_d95a4c7c.js
    ./src/app/layout.tsx


⚠ [next]/internal/font/google/barlow_condensed_e1508f94.module.css
Error while requesting resource
There was an issue establishing a connection while requesting https://fonts.googleapis.com/css2?family=Barlow+Condensed:wght@400;500;600;700&display=swap

Import trace:
  Server Component:
    [next]/internal/font/google/barlow_condensed_e1508f94.module.css
    [next]/internal/font/google/barlow_condensed_e1508f94.js
    ./src/app/layout.tsx


⚠ [next]/internal/font/google/ibm_plex_mono_d95a4c7c.module.css
Error while requesting resource
There was an issue establishing a connection while requesting https://fonts.googleapis.com/css2?family=IBM+Plex+Mono:wght@400;500;600&display=swap

Import trace:
  Server Component:
    [next]/internal/font/google/ibm_plex_mono_d95a4c7c.module.css
    [next]/internal/font/google/ibm_plex_mono_d95a4c7c.js
    ./src/app/layout.tsx


⚠ [next]/internal/font/google/barlow_condensed_e1508f94.module.css
next/font: warning:
Failed to download `Barlow Condensed` from Google Fonts. Using fallback font instead.

Import trace:
  Server Component:
    [next]/internal/font/google/barlow_condensed_e1508f94.module.css
    [next]/internal/font/google/barlow_condensed_e1508f94.js
    ./src/app/layout.tsx


⚠ [next]/internal/font/google/ibm_plex_mono_d95a4c7c.module.css
next/font: warning:
Failed to download `IBM Plex Mono` from Google Fonts. Using fallback font instead.

Import trace:
  Server Component:
    [next]/internal/font/google/ibm_plex_mono_d95a4c7c.module.css
    [next]/internal/font/google/ibm_plex_mono_d95a4c7c.js
    ./src/app/layout.tsx


 GET / 200 in 56ms (next.js: 5ms, application-code: 50ms)
⚠ [next]/internal/font/google/barlow_condensed_e1508f94.module.css
Error while requesting resource
There was an issue establishing a connection while requesting https://fonts.googleapis.com/css2?family=Barlow+Condensed:wght@400;500;600;700&display=swap

Import trace:
  Server Component:
    [next]/internal/font/google/barlow_condensed_e1508f94.module.css
    [next]/internal/font/google/barlow_condensed_e1508f94.js
    ./src/app/layout.tsx


⚠ [next]/internal/font/google/ibm_plex_mono_d95a4c7c.module.css
Error while requesting resource
There was an issue establishing a connection while requesting https://fonts.googleapis.com/css2?family=IBM+Plex+Mono:wght@400;500;600&display=swap

Import trace:
  Server Component:
    [next]/internal/font/google/ibm_plex_mono_d95a4c7c.module.css
    [next]/internal/font/google/ibm_plex_mono_d95a4c7c.js
    ./src/app/layout.tsx


⚠ [next]/internal/font/google/barlow_condensed_e1508f94.module.css
next/font: warning:
Failed to download `Barlow Condensed` from Google Fonts. Using fallback font instead.

Import trace:
  Server Component:
    [next]/internal/font/google/barlow_condensed_e1508f94.module.css
    [next]/internal/font/google/barlow_condensed_e1508f94.js
    ./src/app/layout.tsx


⚠ [next]/internal/font/google/ibm_plex_mono_d95a4c7c.module.css
next/font: warning:
Failed to download `IBM Plex Mono` from Google Fonts. Using fallback font instead.

Import trace:
  Server Component:
    [next]/internal/font/google/ibm_plex_mono_d95a4c7c.module.css
    [next]/internal/font/google/ibm_plex_mono_d95a4c7c.js
    ./src/app/layout.tsx


⚠ [next]/internal/font/google/barlow_condensed_e1508f94.module.css
Error while requesting resource
There was an issue establishing a connection while requesting https://fonts.googleapis.com/css2?family=Barlow+Condensed:wght@400;500;600;700&display=swap

Import trace:
  Server Component:
    [next]/internal/font/google/barlow_condensed_e1508f94.module.css
    [next]/internal/font/google/barlow_condensed_e1508f94.js
    ./src/app/layout.tsx


⚠ [next]/internal/font/google/ibm_plex_mono_d95a4c7c.module.css
Error while requesting resource
There was an issue establishing a connection while requesting https://fonts.googleapis.com/css2?family=IBM+Plex+Mono:wght@400;500;600&display=swap

Import trace:
  Server Component:
    [next]/internal/font/google/ibm_plex_mono_d95a4c7c.module.css
    [next]/internal/font/google/ibm_plex_mono_d95a4c7c.js
    ./src/app/layout.tsx


⚠ [next]/internal/font/google/barlow_condensed_e1508f94.module.css
next/font: warning:
Failed to download `Barlow Condensed` from Google Fonts. Using fallback font instead.

Import trace:
  Server Component:
    [next]/internal/font/google/barlow_condensed_e1508f94.module.css
    [next]/internal/font/google/barlow_condensed_e1508f94.js
    ./src/app/layout.tsx


⚠ [next]/internal/font/google/ibm_plex_mono_d95a4c7c.module.css
next/font: warning:
Failed to download `IBM Plex Mono` from Google Fonts. Using fallback font instead.

Import trace:
  Server Component:
    [next]/internal/font/google/ibm_plex_mono_d95a4c7c.module.css
    [next]/internal/font/google/ibm_plex_mono_d95a4c7c.js
    ./src/app/layout.tsx


⚠ [next]/internal/font/google/barlow_condensed_e1508f94.module.css
Error while requesting resource
There was an issue establishing a connection while requesting https://fonts.googleapis.com/css2?family=Barlow+Condensed:wght@400;500;600;700&display=swap

Import trace:
  Server Component:
    [next]/internal/font/google/barlow_condensed_e1508f94.module.css
    [next]/internal/font/google/barlow_condensed_e1508f94.js
    ./src/app/layout.tsx


⚠ [next]/internal/font/google/ibm_plex_mono_d95a4c7c.module.css
Error while requesting resource
There was an issue establishing a connection while requesting https://fonts.googleapis.com/css2?family=IBM+Plex+Mono:wght@400;500;600&display=swap

Import trace:
  Server Component:
    [next]/internal/font/google/ibm_plex_mono_d95a4c7c.module.css
    [next]/internal/font/google/ibm_plex_mono_d95a4c7c.js
    ./src/app/layout.tsx


⚠ [next]/internal/font/google/barlow_condensed_e1508f94.module.css
next/font: warning:
Failed to download `Barlow Condensed` from Google Fonts. Using fallback font instead.

Import trace:
  Server Component:
    [next]/internal/font/google/barlow_condensed_e1508f94.module.css
    [next]/internal/font/google/barlow_condensed_e1508f94.js
    ./src/app/layout.tsx


⚠ [next]/internal/font/google/ibm_plex_mono_d95a4c7c.module.css
next/font: warning:
Failed to download `IBM Plex Mono` from Google Fonts. Using fallback font instead.

Import trace:
  Server Component:
    [next]/internal/font/google/ibm_plex_mono_d95a4c7c.module.css
    [next]/internal/font/google/ibm_plex_mono_d95a4c7c.js
    ./src/app/layout.tsx


⚠ [next]/internal/font/google/barlow_condensed_e1508f94.module.css
Error while requesting resource
There was an issue establishing a connection while requesting https://fonts.googleapis.com/css2?family=Barlow+Condensed:wght@400;500;600;700&display=swap

Import trace:
  Server Component:
    [next]/internal/font/google/barlow_condensed_e1508f94.module.css
    [next]/internal/font/google/barlow_condensed_e1508f94.js
    ./src/app/layout.tsx


⚠ [next]/internal/font/google/ibm_plex_mono_d95a4c7c.module.css
Error while requesting resource
There was an issue establishing a connection while requesting https://fonts.googleapis.com/css2?family=IBM+Plex+Mono:wght@400;500;600&display=swap

Import trace:
  Server Component:
    [next]/internal/font/google/ibm_plex_mono_d95a4c7c.module.css
    [next]/internal/font/google/ibm_plex_mono_d95a4c7c.js
    ./src/app/layout.tsx


⚠ [next]/internal/font/google/barlow_condensed_e1508f94.module.css
next/font: warning:
Failed to download `Barlow Condensed` from Google Fonts. Using fallback font instead.

Import trace:
  Server Component:
    [next]/internal/font/google/barlow_condensed_e1508f94.module.css
    [next]/internal/font/google/barlow_condensed_e1508f94.js
    ./src/app/layout.tsx


⚠ [next]/internal/font/google/ibm_plex_mono_d95a4c7c.module.css
next/font: warning:
Failed to download `IBM Plex Mono` from Google Fonts. Using fallback font instead.

Import trace:
  Server Component:
    [next]/internal/font/google/ibm_plex_mono_d95a4c7c.module.css
    [next]/internal/font/google/ibm_plex_mono_d95a4c7c.js
    ./src/app/layout.tsx


 GET /mission 200 in 35ms (next.js: 7ms, application-code: 27ms)
⚠ [next]/internal/font/google/barlow_condensed_e1508f94.module.css
Error while requesting resource
There was an issue establishing a connection while requesting https://fonts.googleapis.com/css2?family=Barlow+Condensed:wght@400;500;600;700&display=swap

Import trace:
  Server Component:
    [next]/internal/font/google/barlow_condensed_e1508f94.module.css
    [next]/internal/font/google/barlow_condensed_e1508f94.js
    ./src/app/layout.tsx


⚠ [next]/internal/font/google/ibm_plex_mono_d95a4c7c.module.css
Error while requesting resource
There was an issue establishing a connection while requesting https://fonts.googleapis.com/css2?family=IBM+Plex+Mono:wght@400;500;600&display=swap

Import trace:
  Server Component:
    [next]/internal/font/google/ibm_plex_mono_d95a4c7c.module.css
    [next]/internal/font/google/ibm_plex_mono_d95a4c7c.js
    ./src/app/layout.tsx


⚠ [next]/internal/font/google/barlow_condensed_e1508f94.module.css
next/font: warning:
Failed to download `Barlow Condensed` from Google Fonts. Using fallback font instead.

Import trace:
  Server Component:
    [next]/internal/font/google/barlow_condensed_e1508f94.module.css
    [next]/internal/font/google/barlow_condensed_e1508f94.js
    ./src/app/layout.tsx


⚠ [next]/internal/font/google/ibm_plex_mono_d95a4c7c.module.css
next/font: warning:
Failed to download `IBM Plex Mono` from Google Fonts. Using fallback font instead.

Import trace:
  Server Component:
    [next]/internal/font/google/ibm_plex_mono_d95a4c7c.module.css
    [next]/internal/font/google/ibm_plex_mono_d95a4c7c.js
    ./src/app/layout.tsx


 GET /params 200 in 27ms (next.js: 7ms, application-code: 20ms)
✓ Compiled in 145ms
✓ Compiled in 162ms
✓ Compiled in 123ms
⚠ [next]/internal/font/google/barlow_condensed_e1508f94.module.css
Error while requesting resource
There was an issue establishing a connection while requesting https://fonts.googleapis.com/css2?family=Barlow+Condensed:wght@400;500;600;700&display=swap

Import trace:
  Server Component:
    [next]/internal/font/google/barlow_condensed_e1508f94.module.css
    [next]/internal/font/google/barlow_condensed_e1508f94.js
    ./src/app/layout.tsx


⚠ [next]/internal/font/google/ibm_plex_mono_d95a4c7c.module.css
Error while requesting resource
There was an issue establishing a connection while requesting https://fonts.googleapis.com/css2?family=IBM+Plex+Mono:wght@400;500;600&display=swap

Import trace:
  Server Component:
    [next]/internal/font/google/ibm_plex_mono_d95a4c7c.module.css
    [next]/internal/font/google/ibm_plex_mono_d95a4c7c.js
    ./src/app/layout.tsx


⚠ [next]/internal/font/google/barlow_condensed_e1508f94.module.css
next/font: warning:
Failed to download `Barlow Condensed` from Google Fonts. Using fallback font instead.

Import trace:
  Server Component:
    [next]/internal/font/google/barlow_condensed_e1508f94.module.css
    [next]/internal/font/google/barlow_condensed_e1508f94.js
    ./src/app/layout.tsx


⚠ [next]/internal/font/google/ibm_plex_mono_d95a4c7c.module.css
next/font: warning:
Failed to download `IBM Plex Mono` from Google Fonts. Using fallback font instead.

Import trace:
  Server Component:
    [next]/internal/font/google/ibm_plex_mono_d95a4c7c.module.css
    [next]/internal/font/google/ibm_plex_mono_d95a4c7c.js
    ./src/app/layout.tsx


 GET /params 200 in 252ms (next.js: 9ms, application-code: 243ms)
⚠ [next]/internal/font/google/barlow_condensed_e1508f94.module.css
Error while requesting resource
There was an issue establishing a connection while requesting https://fonts.googleapis.com/css2?family=Barlow+Condensed:wght@400;500;600;700&display=swap

Import trace:
  Server Component:
    [next]/internal/font/google/barlow_condensed_e1508f94.module.css
    [next]/internal/font/google/barlow_condensed_e1508f94.js
    ./src/app/layout.tsx


⚠ [next]/internal/font/google/ibm_plex_mono_d95a4c7c.module.css
Error while requesting resource
There was an issue establishing a connection while requesting https://fonts.googleapis.com/css2?family=IBM+Plex+Mono:wght@400;500;600&display=swap

Import trace:
  Server Component:
    [next]/internal/font/google/ibm_plex_mono_d95a4c7c.module.css
    [next]/internal/font/google/ibm_plex_mono_d95a4c7c.js
    ./src/app/layout.tsx


⚠ [next]/internal/font/google/barlow_condensed_e1508f94.module.css
next/font: warning:
Failed to download `Barlow Condensed` from Google Fonts. Using fallback font instead.

Import trace:
  Server Component:
    [next]/internal/font/google/barlow_condensed_e1508f94.module.css
    [next]/internal/font/google/barlow_condensed_e1508f94.js
    ./src/app/layout.tsx


⚠ [next]/internal/font/google/ibm_plex_mono_d95a4c7c.module.css
next/font: warning:
Failed to download `IBM Plex Mono` from Google Fonts. Using fallback font instead.

Import trace:
  Server Component:
    [next]/internal/font/google/ibm_plex_mono_d95a4c7c.module.css
    [next]/internal/font/google/ibm_plex_mono_d95a4c7c.js
    ./src/app/layout.tsx


⚠ [next]/internal/font/google/barlow_condensed_e1508f94.module.css
Error while requesting resource
There was an issue establishing a connection while requesting https://fonts.googleapis.com/css2?family=Barlow+Condensed:wght@400;500;600;700&display=swap

Import trace:
  Server Component:
    [next]/internal/font/google/barlow_condensed_e1508f94.module.css
    [next]/internal/font/google/barlow_condensed_e1508f94.js
    ./src/app/layout.tsx


⚠ [next]/internal/font/google/ibm_plex_mono_d95a4c7c.module.css
Error while requesting resource
There was an issue establishing a connection while requesting https://fonts.googleapis.com/css2?family=IBM+Plex+Mono:wght@400;500;600&display=swap

Import trace:
  Server Component:
    [next]/internal/font/google/ibm_plex_mono_d95a4c7c.module.css
    [next]/internal/font/google/ibm_plex_mono_d95a4c7c.js
    ./src/app/layout.tsx


⚠ [next]/internal/font/google/barlow_condensed_e1508f94.module.css
next/font: warning:
Failed to download `Barlow Condensed` from Google Fonts. Using fallback font instead.

Import trace:
  Server Component:
    [next]/internal/font/google/barlow_condensed_e1508f94.module.css
    [next]/internal/font/google/barlow_condensed_e1508f94.js
    ./src/app/layout.tsx


⚠ [next]/internal/font/google/ibm_plex_mono_d95a4c7c.module.css
next/font: warning:
Failed to download `IBM Plex Mono` from Google Fonts. Using fallback font instead.

Import trace:
  Server Component:
    [next]/internal/font/google/ibm_plex_mono_d95a4c7c.module.css
    [next]/internal/font/google/ibm_plex_mono_d95a4c7c.js
    ./src/app/layout.tsx


⚠ [next]/internal/font/google/barlow_condensed_e1508f94.module.css
Error while requesting resource
There was an issue establishing a connection while requesting https://fonts.googleapis.com/css2?family=Barlow+Condensed:wght@400;500;600;700&display=swap

Import trace:
  Server Component:
    [next]/internal/font/google/barlow_condensed_e1508f94.module.css
    [next]/internal/font/google/barlow_condensed_e1508f94.js
    ./src/app/layout.tsx


⚠ [next]/internal/font/google/ibm_plex_mono_d95a4c7c.module.css
Error while requesting resource
There was an issue establishing a connection while requesting https://fonts.googleapis.com/css2?family=IBM+Plex+Mono:wght@400;500;600&display=swap

Import trace:
  Server Component:
    [next]/internal/font/google/ibm_plex_mono_d95a4c7c.module.css
    [next]/internal/font/google/ibm_plex_mono_d95a4c7c.js
    ./src/app/layout.tsx


⚠ [next]/internal/font/google/barlow_condensed_e1508f94.module.css
next/font: warning:
Failed to download `Barlow Condensed` from Google Fonts. Using fallback font instead.

Import trace:
  Server Component:
    [next]/internal/font/google/barlow_condensed_e1508f94.module.css
    [next]/internal/font/google/barlow_condensed_e1508f94.js
    ./src/app/layout.tsx


⚠ [next]/internal/font/google/ibm_plex_mono_d95a4c7c.module.css
next/font: warning:
Failed to download `IBM Plex Mono` from Google Fonts. Using fallback font instead.

Import trace:
  Server Component:
    [next]/internal/font/google/ibm_plex_mono_d95a4c7c.module.css
    [next]/internal/font/google/ibm_plex_mono_d95a4c7c.js
    ./src/app/layout.tsx


⚠ [next]/internal/font/google/barlow_condensed_e1508f94.module.css
Error while requesting resource
There was an issue establishing a connection while requesting https://fonts.googleapis.com/css2?family=Barlow+Condensed:wght@400;500;600;700&display=swap

Import trace:
  Server Component:
    [next]/internal/font/google/barlow_condensed_e1508f94.module.css
    [next]/internal/font/google/barlow_condensed_e1508f94.js
    ./src/app/layout.tsx


⚠ [next]/internal/font/google/ibm_plex_mono_d95a4c7c.module.css
Error while requesting resource
There was an issue establishing a connection while requesting https://fonts.googleapis.com/css2?family=IBM+Plex+Mono:wght@400;500;600&display=swap

Import trace:
  Server Component:
    [next]/internal/font/google/ibm_plex_mono_d95a4c7c.module.css
    [next]/internal/font/google/ibm_plex_mono_d95a4c7c.js
    ./src/app/layout.tsx


⚠ [next]/internal/font/google/barlow_condensed_e1508f94.module.css
next/font: warning:
Failed to download `Barlow Condensed` from Google Fonts. Using fallback font instead.

Import trace:
  Server Component:
    [next]/internal/font/google/barlow_condensed_e1508f94.module.css
    [next]/internal/font/google/barlow_condensed_e1508f94.js
    ./src/app/layout.tsx


⚠ [next]/internal/font/google/ibm_plex_mono_d95a4c7c.module.css
next/font: warning:
Failed to download `IBM Plex Mono` from Google Fonts. Using fallback font instead.

Import trace:
  Server Component:
    [next]/internal/font/google/ibm_plex_mono_d95a4c7c.module.css
    [next]/internal/font/google/ibm_plex_mono_d95a4c7c.js
    ./src/app/layout.tsx


 GET / 200 in 46ms (next.js: 9ms, application-code: 36ms)
⚠ [next]/internal/font/google/barlow_condensed_e1508f94.module.css
Error while requesting resource
There was an issue establishing a connection while requesting https://fonts.googleapis.com/css2?family=Barlow+Condensed:wght@400;500;600;700&display=swap

Import trace:
  Server Component:
    [next]/internal/font/google/barlow_condensed_e1508f94.module.css
    [next]/internal/font/google/barlow_condensed_e1508f94.js
    ./src/app/layout.tsx


⚠ [next]/internal/font/google/ibm_plex_mono_d95a4c7c.module.css
Error while requesting resource
There was an issue establishing a connection while requesting https://fonts.googleapis.com/css2?family=IBM+Plex+Mono:wght@400;500;600&display=swap

Import trace:
  Server Component:
    [next]/internal/font/google/ibm_plex_mono_d95a4c7c.module.css
    [next]/internal/font/google/ibm_plex_mono_d95a4c7c.js
    ./src/app/layout.tsx


⚠ [next]/internal/font/google/barlow_condensed_e1508f94.module.css
next/font: warning:
Failed to download `Barlow Condensed` from Google Fonts. Using fallback font instead.

Import trace:
  Server Component:
    [next]/internal/font/google/barlow_condensed_e1508f94.module.css
    [next]/internal/font/google/barlow_condensed_e1508f94.js
    ./src/app/layout.tsx


⚠ [next]/internal/font/google/ibm_plex_mono_d95a4c7c.module.css
next/font: warning:
Failed to download `IBM Plex Mono` from Google Fonts. Using fallback font instead.

Import trace:
  Server Component:
    [next]/internal/font/google/ibm_plex_mono_d95a4c7c.module.css
    [next]/internal/font/google/ibm_plex_mono_d95a4c7c.js
    ./src/app/layout.tsx


⚠ [next]/internal/font/google/barlow_condensed_e1508f94.module.css
Error while requesting resource
There was an issue establishing a connection while requesting https://fonts.googleapis.com/css2?family=Barlow+Condensed:wght@400;500;600;700&display=swap

Import trace:
  Server Component:
    [next]/internal/font/google/barlow_condensed_e1508f94.module.css
    [next]/internal/font/google/barlow_condensed_e1508f94.js
    ./src/app/layout.tsx


⚠ [next]/internal/font/google/ibm_plex_mono_d95a4c7c.module.css
Error while requesting resource
There was an issue establishing a connection while requesting https://fonts.googleapis.com/css2?family=IBM+Plex+Mono:wght@400;500;600&display=swap

Import trace:
  Server Component:
    [next]/internal/font/google/ibm_plex_mono_d95a4c7c.module.css
    [next]/internal/font/google/ibm_plex_mono_d95a4c7c.js
    ./src/app/layout.tsx


⚠ [next]/internal/font/google/barlow_condensed_e1508f94.module.css
next/font: warning:
Failed to download `Barlow Condensed` from Google Fonts. Using fallback font instead.

Import trace:
  Server Component:
    [next]/internal/font/google/barlow_condensed_e1508f94.module.css
    [next]/internal/font/google/barlow_condensed_e1508f94.js
    ./src/app/layout.tsx


⚠ [next]/internal/font/google/ibm_plex_mono_d95a4c7c.module.css
next/font: warning:
Failed to download `IBM Plex Mono` from Google Fonts. Using fallback font instead.

Import trace:
  Server Component:
    [next]/internal/font/google/ibm_plex_mono_d95a4c7c.module.css
    [next]/internal/font/google/ibm_plex_mono_d95a4c7c.js
    ./src/app/layout.tsx


⚠ [next]/internal/font/google/barlow_condensed_e1508f94.module.css
Error while requesting resource
There was an issue establishing a connection while requesting https://fonts.googleapis.com/css2?family=Barlow+Condensed:wght@400;500;600;700&display=swap

Import trace:
  Server Component:
    [next]/internal/font/google/barlow_condensed_e1508f94.module.css
    [next]/internal/font/google/barlow_condensed_e1508f94.js
    ./src/app/layout.tsx


⚠ [next]/internal/font/google/ibm_plex_mono_d95a4c7c.module.css
Error while requesting resource
There was an issue establishing a connection while requesting https://fonts.googleapis.com/css2?family=IBM+Plex+Mono:wght@400;500;600&display=swap

Import trace:
  Server Component:
    [next]/internal/font/google/ibm_plex_mono_d95a4c7c.module.css
    [next]/internal/font/google/ibm_plex_mono_d95a4c7c.js
    ./src/app/layout.tsx


⚠ [next]/internal/font/google/barlow_condensed_e1508f94.module.css
next/font: warning:
Failed to download `Barlow Condensed` from Google Fonts. Using fallback font instead.

Import trace:
  Server Component:
    [next]/internal/font/google/barlow_condensed_e1508f94.module.css
    [next]/internal/font/google/barlow_condensed_e1508f94.js
    ./src/app/layout.tsx


⚠ [next]/internal/font/google/ibm_plex_mono_d95a4c7c.module.css
next/font: warning:
Failed to download `IBM Plex Mono` from Google Fonts. Using fallback font instead.

Import trace:
  Server Component:
    [next]/internal/font/google/ibm_plex_mono_d95a4c7c.module.css
    [next]/internal/font/google/ibm_plex_mono_d95a4c7c.js
    ./src/app/layout.tsx


⚠ [next]/internal/font/google/barlow_condensed_e1508f94.module.css
Error while requesting resource
There was an issue establishing a connection while requesting https://fonts.googleapis.com/css2?family=Barlow+Condensed:wght@400;500;600;700&display=swap

Import trace:
  Server Component:
    [next]/internal/font/google/barlow_condensed_e1508f94.module.css
    [next]/internal/font/google/barlow_condensed_e1508f94.js
    ./src/app/layout.tsx


⚠ [next]/internal/font/google/ibm_plex_mono_d95a4c7c.module.css
Error while requesting resource
There was an issue establishing a connection while requesting https://fonts.googleapis.com/css2?family=IBM+Plex+Mono:wght@400;500;600&display=swap

Import trace:
  Server Component:
    [next]/internal/font/google/ibm_plex_mono_d95a4c7c.module.css
    [next]/internal/font/google/ibm_plex_mono_d95a4c7c.js
    ./src/app/layout.tsx


⚠ [next]/internal/font/google/barlow_condensed_e1508f94.module.css
next/font: warning:
Failed to download `Barlow Condensed` from Google Fonts. Using fallback font instead.

Import trace:
  Server Component:
    [next]/internal/font/google/barlow_condensed_e1508f94.module.css
    [next]/internal/font/google/barlow_condensed_e1508f94.js
    ./src/app/layout.tsx


⚠ [next]/internal/font/google/ibm_plex_mono_d95a4c7c.module.css
next/font: warning:
Failed to download `IBM Plex Mono` from Google Fonts. Using fallback font instead.

Import trace:
  Server Component:
    [next]/internal/font/google/ibm_plex_mono_d95a4c7c.module.css
    [next]/internal/font/google/ibm_plex_mono_d95a4c7c.js
    ./src/app/layout.tsx


 GET / 200 in 29ms (next.js: 7ms, application-code: 22ms)
✓ Compiled in 134ms
⚠ [next]/internal/font/google/barlow_condensed_e1508f94.module.css
Error while requesting resource
There was an issue establishing a connection while requesting https://fonts.googleapis.com/css2?family=Barlow+Condensed:wght@400;500;600;700&display=swap

Import trace:
  Server Component:
    [next]/internal/font/google/barlow_condensed_e1508f94.module.css
    [next]/internal/font/google/barlow_condensed_e1508f94.js
    ./src/app/layout.tsx


⚠ [next]/internal/font/google/ibm_plex_mono_d95a4c7c.module.css
Error while requesting resource
There was an issue establishing a connection while requesting https://fonts.googleapis.com/css2?family=IBM+Plex+Mono:wght@400;500;600&display=swap

Import trace:
  Server Component:
    [next]/internal/font/google/ibm_plex_mono_d95a4c7c.module.css
    [next]/internal/font/google/ibm_plex_mono_d95a4c7c.js
    ./src/app/layout.tsx


⚠ [next]/internal/font/google/barlow_condensed_e1508f94.module.css
next/font: warning:
Failed to download `Barlow Condensed` from Google Fonts. Using fallback font instead.

Import trace:
  Server Component:
    [next]/internal/font/google/barlow_condensed_e1508f94.module.css
    [next]/internal/font/google/barlow_condensed_e1508f94.js
    ./src/app/layout.tsx


⚠ [next]/internal/font/google/ibm_plex_mono_d95a4c7c.module.css
next/font: warning:
Failed to download `IBM Plex Mono` from Google Fonts. Using fallback font instead.

Import trace:
  Server Component:
    [next]/internal/font/google/ibm_plex_mono_d95a4c7c.module.css
    [next]/internal/font/google/ibm_plex_mono_d95a4c7c.js
    ./src/app/layout.tsx


 GET / 200 in 51ms (next.js: 6ms, application-code: 45ms)
⚠ [next]/internal/font/google/barlow_condensed_e1508f94.module.css
Error while requesting resource
There was an issue establishing a connection while requesting https://fonts.googleapis.com/css2?family=Barlow+Condensed:wght@400;500;600;700&display=swap

Import trace:
  Server Component:
    [next]/internal/font/google/barlow_condensed_e1508f94.module.css
    [next]/internal/font/google/barlow_condensed_e1508f94.js
    ./src/app/layout.tsx


⚠ [next]/internal/font/google/ibm_plex_mono_d95a4c7c.module.css
Error while requesting resource
There was an issue establishing a connection while requesting https://fonts.googleapis.com/css2?family=IBM+Plex+Mono:wght@400;500;600&display=swap

Import trace:
  Server Component:
    [next]/internal/font/google/ibm_plex_mono_d95a4c7c.module.css
    [next]/internal/font/google/ibm_plex_mono_d95a4c7c.js
    ./src/app/layout.tsx


⚠ [next]/internal/font/google/barlow_condensed_e1508f94.module.css
next/font: warning:
Failed to download `Barlow Condensed` from Google Fonts. Using fallback font instead.

Import trace:
  Server Component:
    [next]/internal/font/google/barlow_condensed_e1508f94.module.css
    [next]/internal/font/google/barlow_condensed_e1508f94.js
    ./src/app/layout.tsx


⚠ [next]/internal/font/google/ibm_plex_mono_d95a4c7c.module.css
next/font: warning:
Failed to download `IBM Plex Mono` from Google Fonts. Using fallback font instead.

Import trace:
  Server Component:
    [next]/internal/font/google/ibm_plex_mono_d95a4c7c.module.css
    [next]/internal/font/google/ibm_plex_mono_d95a4c7c.js
    ./src/app/layout.tsx


⚠ [next]/internal/font/google/barlow_condensed_e1508f94.module.css
Error while requesting resource
There was an issue establishing a connection while requesting https://fonts.googleapis.com/css2?family=Barlow+Condensed:wght@400;500;600;700&display=swap

Import trace:
  Server Component:
    [next]/internal/font/google/barlow_condensed_e1508f94.module.css
    [next]/internal/font/google/barlow_condensed_e1508f94.js
    ./src/app/layout.tsx


⚠ [next]/internal/font/google/ibm_plex_mono_d95a4c7c.module.css
Error while requesting resource
There was an issue establishing a connection while requesting https://fonts.googleapis.com/css2?family=IBM+Plex+Mono:wght@400;500;600&display=swap

Import trace:
  Server Component:
    [next]/internal/font/google/ibm_plex_mono_d95a4c7c.module.css
    [next]/internal/font/google/ibm_plex_mono_d95a4c7c.js
    ./src/app/layout.tsx


⚠ [next]/internal/font/google/barlow_condensed_e1508f94.module.css
next/font: warning:
Failed to download `Barlow Condensed` from Google Fonts. Using fallback font instead.

Import trace:
  Server Component:
    [next]/internal/font/google/barlow_condensed_e1508f94.module.css
    [next]/internal/font/google/barlow_condensed_e1508f94.js
    ./src/app/layout.tsx


⚠ [next]/internal/font/google/ibm_plex_mono_d95a4c7c.module.css
next/font: warning:
Failed to download `IBM Plex Mono` from Google Fonts. Using fallback font instead.

Import trace:
  Server Component:
    [next]/internal/font/google/ibm_plex_mono_d95a4c7c.module.css
    [next]/internal/font/google/ibm_plex_mono_d95a4c7c.js
    ./src/app/layout.tsx


⚠ [next]/internal/font/google/barlow_condensed_e1508f94.module.css
Error while requesting resource
There was an issue establishing a connection while requesting https://fonts.googleapis.com/css2?family=Barlow+Condensed:wght@400;500;600;700&display=swap

Import trace:
  Server Component:
    [next]/internal/font/google/barlow_condensed_e1508f94.module.css
    [next]/internal/font/google/barlow_condensed_e1508f94.js
    ./src/app/layout.tsx


⚠ [next]/internal/font/google/ibm_plex_mono_d95a4c7c.module.css
Error while requesting resource
There was an issue establishing a connection while requesting https://fonts.googleapis.com/css2?family=IBM+Plex+Mono:wght@400;500;600&display=swap

Import trace:
  Server Component:
    [next]/internal/font/google/ibm_plex_mono_d95a4c7c.module.css
    [next]/internal/font/google/ibm_plex_mono_d95a4c7c.js
    ./src/app/layout.tsx


⚠ [next]/internal/font/google/barlow_condensed_e1508f94.module.css
next/font: warning:
Failed to download `Barlow Condensed` from Google Fonts. Using fallback font instead.

Import trace:
  Server Component:
    [next]/internal/font/google/barlow_condensed_e1508f94.module.css
    [next]/internal/font/google/barlow_condensed_e1508f94.js
    ./src/app/layout.tsx


⚠ [next]/internal/font/google/ibm_plex_mono_d95a4c7c.module.css
next/font: warning:
Failed to download `IBM Plex Mono` from Google Fonts. Using fallback font instead.

Import trace:
  Server Component:
    [next]/internal/font/google/ibm_plex_mono_d95a4c7c.module.css
    [next]/internal/font/google/ibm_plex_mono_d95a4c7c.js
    ./src/app/layout.tsx


✓ Compiled in 172ms
⚠ [next]/internal/font/google/barlow_condensed_e1508f94.module.css
Error while requesting resource
There was an issue establishing a connection while requesting https://fonts.googleapis.com/css2?family=Barlow+Condensed:wght@400;500;600;700&display=swap

Import trace:
  Server Component:
    [next]/internal/font/google/barlow_condensed_e1508f94.module.css
    [next]/internal/font/google/barlow_condensed_e1508f94.js
    ./src/app/layout.tsx


⚠ [next]/internal/font/google/ibm_plex_mono_d95a4c7c.module.css
Error while requesting resource
There was an issue establishing a connection while requesting https://fonts.googleapis.com/css2?family=IBM+Plex+Mono:wght@400;500;600&display=swap

Import trace:
  Server Component:
    [next]/internal/font/google/ibm_plex_mono_d95a4c7c.module.css
    [next]/internal/font/google/ibm_plex_mono_d95a4c7c.js
    ./src/app/layout.tsx


⚠ [next]/internal/font/google/barlow_condensed_e1508f94.module.css
next/font: warning:
Failed to download `Barlow Condensed` from Google Fonts. Using fallback font instead.

Import trace:
  Server Component:
    [next]/internal/font/google/barlow_condensed_e1508f94.module.css
    [next]/internal/font/google/barlow_condensed_e1508f94.js
    ./src/app/layout.tsx


⚠ [next]/internal/font/google/ibm_plex_mono_d95a4c7c.module.css
next/font: warning:
Failed to download `IBM Plex Mono` from Google Fonts. Using fallback font instead.

Import trace:
  Server Component:
    [next]/internal/font/google/ibm_plex_mono_d95a4c7c.module.css
    [next]/internal/font/google/ibm_plex_mono_d95a4c7c.js
    ./src/app/layout.tsx


⚠ [next]/internal/font/google/barlow_condensed_e1508f94.module.css
Error while requesting resource
There was an issue establishing a connection while requesting https://fonts.googleapis.com/css2?family=Barlow+Condensed:wght@400;500;600;700&display=swap

Import trace:
  Server Component:
    [next]/internal/font/google/barlow_condensed_e1508f94.module.css
    [next]/internal/font/google/barlow_condensed_e1508f94.js
    ./src/app/layout.tsx


⚠ [next]/internal/font/google/ibm_plex_mono_d95a4c7c.module.css
Error while requesting resource
There was an issue establishing a connection while requesting https://fonts.googleapis.com/css2?family=IBM+Plex+Mono:wght@400;500;600&display=swap

Import trace:
  Server Component:
    [next]/internal/font/google/ibm_plex_mono_d95a4c7c.module.css
    [next]/internal/font/google/ibm_plex_mono_d95a4c7c.js
    ./src/app/layout.tsx


⚠ [next]/internal/font/google/barlow_condensed_e1508f94.module.css
next/font: warning:
Failed to download `Barlow Condensed` from Google Fonts. Using fallback font instead.

Import trace:
  Server Component:
    [next]/internal/font/google/barlow_condensed_e1508f94.module.css
    [next]/internal/font/google/barlow_condensed_e1508f94.js
    ./src/app/layout.tsx


⚠ [next]/internal/font/google/ibm_plex_mono_d95a4c7c.module.css
next/font: warning:
Failed to download `IBM Plex Mono` from Google Fonts. Using fallback font instead.

Import trace:
  Server Component:
    [next]/internal/font/google/ibm_plex_mono_d95a4c7c.module.css
    [next]/internal/font/google/ibm_plex_mono_d95a4c7c.js
    ./src/app/layout.tsx


⚠ [next]/internal/font/google/barlow_condensed_e1508f94.module.css
Error while requesting resource
There was an issue establishing a connection while requesting https://fonts.googleapis.com/css2?family=Barlow+Condensed:wght@400;500;600;700&display=swap

Import trace:
  Server Component:
    [next]/internal/font/google/barlow_condensed_e1508f94.module.css
    [next]/internal/font/google/barlow_condensed_e1508f94.js
    ./src/app/layout.tsx


⚠ [next]/internal/font/google/ibm_plex_mono_d95a4c7c.module.css
Error while requesting resource
There was an issue establishing a connection while requesting https://fonts.googleapis.com/css2?family=IBM+Plex+Mono:wght@400;500;600&display=swap

Import trace:
  Server Component:
    [next]/internal/font/google/ibm_plex_mono_d95a4c7c.module.css
    [next]/internal/font/google/ibm_plex_mono_d95a4c7c.js
    ./src/app/layout.tsx


⚠ [next]/internal/font/google/barlow_condensed_e1508f94.module.css
next/font: warning:
Failed to download `Barlow Condensed` from Google Fonts. Using fallback font instead.

Import trace:
  Server Component:
    [next]/internal/font/google/barlow_condensed_e1508f94.module.css
    [next]/internal/font/google/barlow_condensed_e1508f94.js
    ./src/app/layout.tsx


⚠ [next]/internal/font/google/ibm_plex_mono_d95a4c7c.module.css
next/font: warning:
Failed to download `IBM Plex Mono` from Google Fonts. Using fallback font instead.

Import trace:
  Server Component:
    [next]/internal/font/google/ibm_plex_mono_d95a4c7c.module.css
    [next]/internal/font/google/ibm_plex_mono_d95a4c7c.js
    ./src/app/layout.tsx


⚠ [next]/internal/font/google/barlow_condensed_e1508f94.module.css
Error while requesting resource
There was an issue establishing a connection while requesting https://fonts.googleapis.com/css2?family=Barlow+Condensed:wght@400;500;600;700&display=swap

Import trace:
  Server Component:
    [next]/internal/font/google/barlow_condensed_e1508f94.module.css
    [next]/internal/font/google/barlow_condensed_e1508f94.js
    ./src/app/layout.tsx


⚠ [next]/internal/font/google/ibm_plex_mono_d95a4c7c.module.css
Error while requesting resource
There was an issue establishing a connection while requesting https://fonts.googleapis.com/css2?family=IBM+Plex+Mono:wght@400;500;600&display=swap

Import trace:
  Server Component:
    [next]/internal/font/google/ibm_plex_mono_d95a4c7c.module.css
    [next]/internal/font/google/ibm_plex_mono_d95a4c7c.js
    ./src/app/layout.tsx


⚠ [next]/internal/font/google/barlow_condensed_e1508f94.module.css
next/font: warning:
Failed to download `Barlow Condensed` from Google Fonts. Using fallback font instead.

Import trace:
  Server Component:
    [next]/internal/font/google/barlow_condensed_e1508f94.module.css
    [next]/internal/font/google/barlow_condensed_e1508f94.js
    ./src/app/layout.tsx


⚠ [next]/internal/font/google/ibm_plex_mono_d95a4c7c.module.css
next/font: warning:
Failed to download `IBM Plex Mono` from Google Fonts. Using fallback font instead.

Import trace:
  Server Component:
    [next]/internal/font/google/ibm_plex_mono_d95a4c7c.module.css
    [next]/internal/font/google/ibm_plex_mono_d95a4c7c.js
    ./src/app/layout.tsx


⚠ [next]/internal/font/google/barlow_condensed_e1508f94.module.css
Error while requesting resource
There was an issue establishing a connection while requesting https://fonts.googleapis.com/css2?family=Barlow+Condensed:wght@400;500;600;700&display=swap

Import trace:
  Server Component:
    [next]/internal/font/google/barlow_condensed_e1508f94.module.css
    [next]/internal/font/google/barlow_condensed_e1508f94.js
    ./src/app/layout.tsx


⚠ [next]/internal/font/google/ibm_plex_mono_d95a4c7c.module.css
Error while requesting resource
There was an issue establishing a connection while requesting https://fonts.googleapis.com/css2?family=IBM+Plex+Mono:wght@400;500;600&display=swap

Import trace:
  Server Component:
    [next]/internal/font/google/ibm_plex_mono_d95a4c7c.module.css
    [next]/internal/font/google/ibm_plex_mono_d95a4c7c.js
    ./src/app/layout.tsx


⚠ [next]/internal/font/google/barlow_condensed_e1508f94.module.css
next/font: warning:
Failed to download `Barlow Condensed` from Google Fonts. Using fallback font instead.

Import trace:
  Server Component:
    [next]/internal/font/google/barlow_condensed_e1508f94.module.css
    [next]/internal/font/google/barlow_condensed_e1508f94.js
    ./src/app/layout.tsx


⚠ [next]/internal/font/google/ibm_plex_mono_d95a4c7c.module.css
next/font: warning:
Failed to download `IBM Plex Mono` from Google Fonts. Using fallback font instead.

Import trace:
  Server Component:
    [next]/internal/font/google/ibm_plex_mono_d95a4c7c.module.css
    [next]/internal/font/google/ibm_plex_mono_d95a4c7c.js
    ./src/app/layout.tsx


⚠ [next]/internal/font/google/barlow_condensed_e1508f94.module.css
Error while requesting resource
There was an issue establishing a connection while requesting https://fonts.googleapis.com/css2?family=Barlow+Condensed:wght@400;500;600;700&display=swap

Import trace:
  Server Component:
    [next]/internal/font/google/barlow_condensed_e1508f94.module.css
    [next]/internal/font/google/barlow_condensed_e1508f94.js
    ./src/app/layout.tsx


⚠ [next]/internal/font/google/ibm_plex_mono_d95a4c7c.module.css
Error while requesting resource
There was an issue establishing a connection while requesting https://fonts.googleapis.com/css2?family=IBM+Plex+Mono:wght@400;500;600&display=swap

Import trace:
  Server Component:
    [next]/internal/font/google/ibm_plex_mono_d95a4c7c.module.css
    [next]/internal/font/google/ibm_plex_mono_d95a4c7c.js
    ./src/app/layout.tsx


⚠ [next]/internal/font/google/barlow_condensed_e1508f94.module.css
next/font: warning:
Failed to download `Barlow Condensed` from Google Fonts. Using fallback font instead.

Import trace:
  Server Component:
    [next]/internal/font/google/barlow_condensed_e1508f94.module.css
    [next]/internal/font/google/barlow_condensed_e1508f94.js
    ./src/app/layout.tsx


⚠ [next]/internal/font/google/ibm_plex_mono_d95a4c7c.module.css
next/font: warning:
Failed to download `IBM Plex Mono` from Google Fonts. Using fallback font instead.

Import trace:
  Server Component:
    [next]/internal/font/google/ibm_plex_mono_d95a4c7c.module.css
    [next]/internal/font/google/ibm_plex_mono_d95a4c7c.js
    ./src/app/layout.tsx


⚠ [next]/internal/font/google/barlow_condensed_e1508f94.module.css
Error while requesting resource
There was an issue establishing a connection while requesting https://fonts.googleapis.com/css2?family=Barlow+Condensed:wght@400;500;600;700&display=swap

Import trace:
  Server Component:
    [next]/internal/font/google/barlow_condensed_e1508f94.module.css
    [next]/internal/font/google/barlow_condensed_e1508f94.js
    ./src/app/layout.tsx


⚠ [next]/internal/font/google/ibm_plex_mono_d95a4c7c.module.css
Error while requesting resource
There was an issue establishing a connection while requesting https://fonts.googleapis.com/css2?family=IBM+Plex+Mono:wght@400;500;600&display=swap

Import trace:
  Server Component:
    [next]/internal/font/google/ibm_plex_mono_d95a4c7c.module.css
    [next]/internal/font/google/ibm_plex_mono_d95a4c7c.js
    ./src/app/layout.tsx


⚠ [next]/internal/font/google/barlow_condensed_e1508f94.module.css
next/font: warning:
Failed to download `Barlow Condensed` from Google Fonts. Using fallback font instead.

Import trace:
  Server Component:
    [next]/internal/font/google/barlow_condensed_e1508f94.module.css
    [next]/internal/font/google/barlow_condensed_e1508f94.js
    ./src/app/layout.tsx


⚠ [next]/internal/font/google/ibm_plex_mono_d95a4c7c.module.css
next/font: warning:
Failed to download `IBM Plex Mono` from Google Fonts. Using fallback font instead.

Import trace:
  Server Component:
    [next]/internal/font/google/ibm_plex_mono_d95a4c7c.module.css
    [next]/internal/font/google/ibm_plex_mono_d95a4c7c.js
    ./src/app/layout.tsx


 GET / 200 in 289ms (next.js: 118ms, application-code: 171ms)
⚠ [next]/internal/font/google/barlow_condensed_e1508f94.module.css
Error while requesting resource
There was an issue establishing a connection while requesting https://fonts.googleapis.com/css2?family=Barlow+Condensed:wght@400;500;600;700&display=swap

Import trace:
  Server Component:
    [next]/internal/font/google/barlow_condensed_e1508f94.module.css
    [next]/internal/font/google/barlow_condensed_e1508f94.js
    ./src/app/layout.tsx


⚠ [next]/internal/font/google/ibm_plex_mono_d95a4c7c.module.css
Error while requesting resource
There was an issue establishing a connection while requesting https://fonts.googleapis.com/css2?family=IBM+Plex+Mono:wght@400;500;600&display=swap

Import trace:
  Server Component:
    [next]/internal/font/google/ibm_plex_mono_d95a4c7c.module.css
    [next]/internal/font/google/ibm_plex_mono_d95a4c7c.js
    ./src/app/layout.tsx


⚠ [next]/internal/font/google/barlow_condensed_e1508f94.module.css
next/font: warning:
Failed to download `Barlow Condensed` from Google Fonts. Using fallback font instead.

Import trace:
  Server Component:
    [next]/internal/font/google/barlow_condensed_e1508f94.module.css
    [next]/internal/font/google/barlow_condensed_e1508f94.js
    ./src/app/layout.tsx


⚠ [next]/internal/font/google/ibm_plex_mono_d95a4c7c.module.css
next/font: warning:
Failed to download `IBM Plex Mono` from Google Fonts. Using fallback font instead.

Import trace:
  Server Component:
    [next]/internal/font/google/ibm_plex_mono_d95a4c7c.module.css
    [next]/internal/font/google/ibm_plex_mono_d95a4c7c.js
    ./src/app/layout.tsx


⚠ [next]/internal/font/google/barlow_condensed_e1508f94.module.css
Error while requesting resource
There was an issue establishing a connection while requesting https://fonts.googleapis.com/css2?family=Barlow+Condensed:wght@400;500;600;700&display=swap

Import trace:
  Server Component:
    [next]/internal/font/google/barlow_condensed_e1508f94.module.css
    [next]/internal/font/google/barlow_condensed_e1508f94.js
    ./src/app/layout.tsx


⚠ [next]/internal/font/google/ibm_plex_mono_d95a4c7c.module.css
Error while requesting resource
There was an issue establishing a connection while requesting https://fonts.googleapis.com/css2?family=IBM+Plex+Mono:wght@400;500;600&display=swap

Import trace:
  Server Component:
    [next]/internal/font/google/ibm_plex_mono_d95a4c7c.module.css
    [next]/internal/font/google/ibm_plex_mono_d95a4c7c.js
    ./src/app/layout.tsx


⚠ [next]/internal/font/google/barlow_condensed_e1508f94.module.css
next/font: warning:
Failed to download `Barlow Condensed` from Google Fonts. Using fallback font instead.

Import trace:
  Server Component:
    [next]/internal/font/google/barlow_condensed_e1508f94.module.css
    [next]/internal/font/google/barlow_condensed_e1508f94.js
    ./src/app/layout.tsx


⚠ [next]/internal/font/google/ibm_plex_mono_d95a4c7c.module.css
next/font: warning:
Failed to download `IBM Plex Mono` from Google Fonts. Using fallback font instead.

Import trace:
  Server Component:
    [next]/internal/font/google/ibm_plex_mono_d95a4c7c.module.css
    [next]/internal/font/google/ibm_plex_mono_d95a4c7c.js
    ./src/app/layout.tsx


⚠ [next]/internal/font/google/barlow_condensed_e1508f94.module.css
Error while requesting resource
There was an issue establishing a connection while requesting https://fonts.googleapis.com/css2?family=Barlow+Condensed:wght@400;500;600;700&display=swap

Import trace:
  Server Component:
    [next]/internal/font/google/barlow_condensed_e1508f94.module.css
    [next]/internal/font/google/barlow_condensed_e1508f94.js
    ./src/app/layout.tsx


⚠ [next]/internal/font/google/ibm_plex_mono_d95a4c7c.module.css
Error while requesting resource
There was an issue establishing a connection while requesting https://fonts.googleapis.com/css2?family=IBM+Plex+Mono:wght@400;500;600&display=swap

Import trace:
  Server Component:
    [next]/internal/font/google/ibm_plex_mono_d95a4c7c.module.css
    [next]/internal/font/google/ibm_plex_mono_d95a4c7c.js
    ./src/app/layout.tsx


⚠ [next]/internal/font/google/barlow_condensed_e1508f94.module.css
next/font: warning:
Failed to download `Barlow Condensed` from Google Fonts. Using fallback font instead.

Import trace:
  Server Component:
    [next]/internal/font/google/barlow_condensed_e1508f94.module.css
    [next]/internal/font/google/barlow_condensed_e1508f94.js
    ./src/app/layout.tsx


⚠ [next]/internal/font/google/ibm_plex_mono_d95a4c7c.module.css
next/font: warning:
Failed to download `IBM Plex Mono` from Google Fonts. Using fallback font instead.

Import trace:
  Server Component:
    [next]/internal/font/google/ibm_plex_mono_d95a4c7c.module.css
    [next]/internal/font/google/ibm_plex_mono_d95a4c7c.js
    ./src/app/layout.tsx


⚠ [next]/internal/font/google/barlow_condensed_e1508f94.module.css
Error while requesting resource
There was an issue establishing a connection while requesting https://fonts.googleapis.com/css2?family=Barlow+Condensed:wght@400;500;600;700&display=swap

Import trace:
  Server Component:
    [next]/internal/font/google/barlow_condensed_e1508f94.module.css
    [next]/internal/font/google/barlow_condensed_e1508f94.js
    ./src/app/layout.tsx


⚠ [next]/internal/font/google/ibm_plex_mono_d95a4c7c.module.css
Error while requesting resource
There was an issue establishing a connection while requesting https://fonts.googleapis.com/css2?family=IBM+Plex+Mono:wght@400;500;600&display=swap

Import trace:
  Server Component:
    [next]/internal/font/google/ibm_plex_mono_d95a4c7c.module.css
    [next]/internal/font/google/ibm_plex_mono_d95a4c7c.js
    ./src/app/layout.tsx


⚠ [next]/internal/font/google/barlow_condensed_e1508f94.module.css
next/font: warning:
Failed to download `Barlow Condensed` from Google Fonts. Using fallback font instead.

Import trace:
  Server Component:
    [next]/internal/font/google/barlow_condensed_e1508f94.module.css
    [next]/internal/font/google/barlow_condensed_e1508f94.js
    ./src/app/layout.tsx


⚠ [next]/internal/font/google/ibm_plex_mono_d95a4c7c.module.css
next/font: warning:
Failed to download `IBM Plex Mono` from Google Fonts. Using fallback font instead.

Import trace:
  Server Component:
    [next]/internal/font/google/ibm_plex_mono_d95a4c7c.module.css
    [next]/internal/font/google/ibm_plex_mono_d95a4c7c.js
    ./src/app/layout.tsx


 GET / 200 in 62ms (next.js: 7ms, application-code: 55ms)
⚠ [next]/internal/font/google/barlow_condensed_e1508f94.module.css
Error while requesting resource
There was an issue establishing a connection while requesting https://fonts.googleapis.com/css2?family=Barlow+Condensed:wght@400;500;600;700&display=swap

Import trace:
  Server Component:
    [next]/internal/font/google/barlow_condensed_e1508f94.module.css
    [next]/internal/font/google/barlow_condensed_e1508f94.js
    ./src/app/layout.tsx


⚠ [next]/internal/font/google/ibm_plex_mono_d95a4c7c.module.css
Error while requesting resource
There was an issue establishing a connection while requesting https://fonts.googleapis.com/css2?family=IBM+Plex+Mono:wght@400;500;600&display=swap

Import trace:
  Server Component:
    [next]/internal/font/google/ibm_plex_mono_d95a4c7c.module.css
    [next]/internal/font/google/ibm_plex_mono_d95a4c7c.js
    ./src/app/layout.tsx


⚠ [next]/internal/font/google/barlow_condensed_e1508f94.module.css
next/font: warning:
Failed to download `Barlow Condensed` from Google Fonts. Using fallback font instead.

Import trace:
  Server Component:
    [next]/internal/font/google/barlow_condensed_e1508f94.module.css
    [next]/internal/font/google/barlow_condensed_e1508f94.js
    ./src/app/layout.tsx


⚠ [next]/internal/font/google/ibm_plex_mono_d95a4c7c.module.css
next/font: warning:
Failed to download `IBM Plex Mono` from Google Fonts. Using fallback font instead.

Import trace:
  Server Component:
    [next]/internal/font/google/ibm_plex_mono_d95a4c7c.module.css
    [next]/internal/font/google/ibm_plex_mono_d95a4c7c.js
    ./src/app/layout.tsx


⚠ [next]/internal/font/google/barlow_condensed_e1508f94.module.css
Error while requesting resource
There was an issue establishing a connection while requesting https://fonts.googleapis.com/css2?family=Barlow+Condensed:wght@400;500;600;700&display=swap

Import trace:
  Server Component:
    [next]/internal/font/google/barlow_condensed_e1508f94.module.css
    [next]/internal/font/google/barlow_condensed_e1508f94.js
    ./src/app/layout.tsx


⚠ [next]/internal/font/google/ibm_plex_mono_d95a4c7c.module.css
Error while requesting resource
There was an issue establishing a connection while requesting https://fonts.googleapis.com/css2?family=IBM+Plex+Mono:wght@400;500;600&display=swap

Import trace:
  Server Component:
    [next]/internal/font/google/ibm_plex_mono_d95a4c7c.module.css
    [next]/internal/font/google/ibm_plex_mono_d95a4c7c.js
    ./src/app/layout.tsx


⚠ [next]/internal/font/google/barlow_condensed_e1508f94.module.css
next/font: warning:
Failed to download `Barlow Condensed` from Google Fonts. Using fallback font instead.

Import trace:
  Server Component:
    [next]/internal/font/google/barlow_condensed_e1508f94.module.css
    [next]/internal/font/google/barlow_condensed_e1508f94.js
    ./src/app/layout.tsx


⚠ [next]/internal/font/google/ibm_plex_mono_d95a4c7c.module.css
next/font: warning:
Failed to download `IBM Plex Mono` from Google Fonts. Using fallback font instead.

Import trace:
  Server Component:
    [next]/internal/font/google/ibm_plex_mono_d95a4c7c.module.css
    [next]/internal/font/google/ibm_plex_mono_d95a4c7c.js
    ./src/app/layout.tsx


⚠ [next]/internal/font/google/barlow_condensed_e1508f94.module.css
Error while requesting resource
There was an issue establishing a connection while requesting https://fonts.googleapis.com/css2?family=Barlow+Condensed:wght@400;500;600;700&display=swap

Import trace:
  Server Component:
    [next]/internal/font/google/barlow_condensed_e1508f94.module.css
    [next]/internal/font/google/barlow_condensed_e1508f94.js
    ./src/app/layout.tsx


⚠ [next]/internal/font/google/ibm_plex_mono_d95a4c7c.module.css
Error while requesting resource
There was an issue establishing a connection while requesting https://fonts.googleapis.com/css2?family=IBM+Plex+Mono:wght@400;500;600&display=swap

Import trace:
  Server Component:
    [next]/internal/font/google/ibm_plex_mono_d95a4c7c.module.css
    [next]/internal/font/google/ibm_plex_mono_d95a4c7c.js
    ./src/app/layout.tsx


⚠ [next]/internal/font/google/barlow_condensed_e1508f94.module.css
next/font: warning:
Failed to download `Barlow Condensed` from Google Fonts. Using fallback font instead.

Import trace:
  Server Component:
    [next]/internal/font/google/barlow_condensed_e1508f94.module.css
    [next]/internal/font/google/barlow_condensed_e1508f94.js
    ./src/app/layout.tsx


⚠ [next]/internal/font/google/ibm_plex_mono_d95a4c7c.module.css
next/font: warning:
Failed to download `IBM Plex Mono` from Google Fonts. Using fallback font instead.

Import trace:
  Server Component:
    [next]/internal/font/google/ibm_plex_mono_d95a4c7c.module.css
    [next]/internal/font/google/ibm_plex_mono_d95a4c7c.js
    ./src/app/layout.tsx


⚠ [next]/internal/font/google/barlow_condensed_e1508f94.module.css
Error while requesting resource
There was an issue establishing a connection while requesting https://fonts.googleapis.com/css2?family=Barlow+Condensed:wght@400;500;600;700&display=swap

Import trace:
  Server Component:
    [next]/internal/font/google/barlow_condensed_e1508f94.module.css
    [next]/internal/font/google/barlow_condensed_e1508f94.js
    ./src/app/layout.tsx


⚠ [next]/internal/font/google/ibm_plex_mono_d95a4c7c.module.css
Error while requesting resource
There was an issue establishing a connection while requesting https://fonts.googleapis.com/css2?family=IBM+Plex+Mono:wght@400;500;600&display=swap

Import trace:
  Server Component:
    [next]/internal/font/google/ibm_plex_mono_d95a4c7c.module.css
    [next]/internal/font/google/ibm_plex_mono_d95a4c7c.js
    ./src/app/layout.tsx


⚠ [next]/internal/font/google/barlow_condensed_e1508f94.module.css
next/font: warning:
Failed to download `Barlow Condensed` from Google Fonts. Using fallback font instead.

Import trace:
  Server Component:
    [next]/internal/font/google/barlow_condensed_e1508f94.module.css
    [next]/internal/font/google/barlow_condensed_e1508f94.js
    ./src/app/layout.tsx


⚠ [next]/internal/font/google/ibm_plex_mono_d95a4c7c.module.css
next/font: warning:
Failed to download `IBM Plex Mono` from Google Fonts. Using fallback font instead.

Import trace:
  Server Component:
    [next]/internal/font/google/ibm_plex_mono_d95a4c7c.module.css
    [next]/internal/font/google/ibm_plex_mono_d95a4c7c.js
    ./src/app/layout.tsx


 GET / 200 in 53ms (next.js: 4ms, application-code: 49ms)
⚠ [next]/internal/font/google/barlow_condensed_e1508f94.module.css
Error while requesting resource
There was an issue establishing a connection while requesting https://fonts.googleapis.com/css2?family=Barlow+Condensed:wght@400;500;600;700&display=swap

Import trace:
  Server Component:
    [next]/internal/font/google/barlow_condensed_e1508f94.module.css
    [next]/internal/font/google/barlow_condensed_e1508f94.js
    ./src/app/layout.tsx


⚠ [next]/internal/font/google/ibm_plex_mono_d95a4c7c.module.css
Error while requesting resource
There was an issue establishing a connection while requesting https://fonts.googleapis.com/css2?family=IBM+Plex+Mono:wght@400;500;600&display=swap

Import trace:
  Server Component:
    [next]/internal/font/google/ibm_plex_mono_d95a4c7c.module.css
    [next]/internal/font/google/ibm_plex_mono_d95a4c7c.js
    ./src/app/layout.tsx


⚠ [next]/internal/font/google/barlow_condensed_e1508f94.module.css
next/font: warning:
Failed to download `Barlow Condensed` from Google Fonts. Using fallback font instead.

Import trace:
  Server Component:
    [next]/internal/font/google/barlow_condensed_e1508f94.module.css
    [next]/internal/font/google/barlow_condensed_e1508f94.js
    ./src/app/layout.tsx


⚠ [next]/internal/font/google/ibm_plex_mono_d95a4c7c.module.css
next/font: warning:
Failed to download `IBM Plex Mono` from Google Fonts. Using fallback font instead.

Import trace:
  Server Component:
    [next]/internal/font/google/ibm_plex_mono_d95a4c7c.module.css
    [next]/internal/font/google/ibm_plex_mono_d95a4c7c.js
    ./src/app/layout.tsx


⚠ [next]/internal/font/google/barlow_condensed_e1508f94.module.css
Error while requesting resource
There was an issue establishing a connection while requesting https://fonts.googleapis.com/css2?family=Barlow+Condensed:wght@400;500;600;700&display=swap

Import trace:
  Server Component:
    [next]/internal/font/google/barlow_condensed_e1508f94.module.css
    [next]/internal/font/google/barlow_condensed_e1508f94.js
    ./src/app/layout.tsx


⚠ [next]/internal/font/google/ibm_plex_mono_d95a4c7c.module.css
Error while requesting resource
There was an issue establishing a connection while requesting https://fonts.googleapis.com/css2?family=IBM+Plex+Mono:wght@400;500;600&display=swap

Import trace:
  Server Component:
    [next]/internal/font/google/ibm_plex_mono_d95a4c7c.module.css
    [next]/internal/font/google/ibm_plex_mono_d95a4c7c.js
    ./src/app/layout.tsx


⚠ [next]/internal/font/google/barlow_condensed_e1508f94.module.css
next/font: warning:
Failed to download `Barlow Condensed` from Google Fonts. Using fallback font instead.

Import trace:
  Server Component:
    [next]/internal/font/google/barlow_condensed_e1508f94.module.css
    [next]/internal/font/google/barlow_condensed_e1508f94.js
    ./src/app/layout.tsx


⚠ [next]/internal/font/google/ibm_plex_mono_d95a4c7c.module.css
next/font: warning:
Failed to download `IBM Plex Mono` from Google Fonts. Using fallback font instead.

Import trace:
  Server Component:
    [next]/internal/font/google/ibm_plex_mono_d95a4c7c.module.css
    [next]/internal/font/google/ibm_plex_mono_d95a4c7c.js
    ./src/app/layout.tsx


⚠ [next]/internal/font/google/barlow_condensed_e1508f94.module.css
Error while requesting resource
There was an issue establishing a connection while requesting https://fonts.googleapis.com/css2?family=Barlow+Condensed:wght@400;500;600;700&display=swap

Import trace:
  Server Component:
    [next]/internal/font/google/barlow_condensed_e1508f94.module.css
    [next]/internal/font/google/barlow_condensed_e1508f94.js
    ./src/app/layout.tsx


⚠ [next]/internal/font/google/ibm_plex_mono_d95a4c7c.module.css
Error while requesting resource
There was an issue establishing a connection while requesting https://fonts.googleapis.com/css2?family=IBM+Plex+Mono:wght@400;500;600&display=swap

Import trace:
  Server Component:
    [next]/internal/font/google/ibm_plex_mono_d95a4c7c.module.css
    [next]/internal/font/google/ibm_plex_mono_d95a4c7c.js
    ./src/app/layout.tsx


⚠ [next]/internal/font/google/barlow_condensed_e1508f94.module.css
next/font: warning:
Failed to download `Barlow Condensed` from Google Fonts. Using fallback font instead.

Import trace:
  Server Component:
    [next]/internal/font/google/barlow_condensed_e1508f94.module.css
    [next]/internal/font/google/barlow_condensed_e1508f94.js
    ./src/app/layout.tsx


⚠ [next]/internal/font/google/ibm_plex_mono_d95a4c7c.module.css
next/font: warning:
Failed to download `IBM Plex Mono` from Google Fonts. Using fallback font instead.

Import trace:
  Server Component:
    [next]/internal/font/google/ibm_plex_mono_d95a4c7c.module.css
    [next]/internal/font/google/ibm_plex_mono_d95a4c7c.js
    ./src/app/layout.tsx


