2026-06-30 21:14:49 [INFO    ] app.services.video.manager — MultiStreamManager ready (fps_limit=30, jpeg_quality=80, yolo=enabled)
2026-06-30 21:14:49 [INFO    ] app.main — ═══════════════════════════════════════════
2026-06-30 21:14:49 [INFO    ] app.main —   UAV Ground Station starting up
2026-06-30 21:14:49 [INFO    ] app.main —   Web  port : 8000
2026-06-30 21:14:49 [INFO    ] app.main —   Host      : 0.0.0.0
2026-06-30 21:14:49 [INFO    ] app.main —   YOLO      : enabled
2026-06-30 21:14:49 [INFO    ] app.main — ═══════════════════════════════════════════
2026-06-30 21:14:49 [INFO    ] app.services.yolo.detector — Loading YOLO model: yolo11n.pt
2026-06-30 21:14:49 [INFO    ] app.services.yolo.detector — Class 'person' → ID 0
2026-06-30 21:14:49 [INFO    ] app.services.yolo.detector — YOLODetector started | model=yolo11n.pt | conf=0.40 | iou=0.45 | max_fps=10.0 | device='auto' | filter=[0] | ws_broadcast=enabled
2026-06-30 21:14:49 [INFO    ] app.services.yolo.detector — === Class list dari model 'yolo11n.pt' ===
2026-06-30 21:14:49 [INFO    ] app.services.yolo.detector —   [  0] person ← AKTIF
2026-06-30 21:14:49 [INFO    ] app.services.yolo.detector —   [  1] bicycle
2026-06-30 21:14:49 [INFO    ] app.services.yolo.detector —   [  2] car
2026-06-30 21:14:49 [INFO    ] app.services.yolo.detector —   [  3] motorcycle
2026-06-30 21:14:49 [INFO    ] app.services.yolo.detector —   [  4] airplane
2026-06-30 21:14:49 [INFO    ] app.services.yolo.detector —   [  5] bus
2026-06-30 21:14:49 [INFO    ] app.services.yolo.detector —   [  6] train
2026-06-30 21:14:49 [INFO    ] app.services.yolo.detector —   [  7] truck
2026-06-30 21:14:49 [INFO    ] app.services.yolo.detector —   [  8] boat
2026-06-30 21:14:49 [INFO    ] app.services.yolo.detector —   [  9] traffic light
2026-06-30 21:14:49 [INFO    ] app.services.yolo.detector —   [ 10] fire hydrant
2026-06-30 21:14:49 [INFO    ] app.services.yolo.detector —   [ 11] stop sign
2026-06-30 21:14:49 [INFO    ] app.services.yolo.detector —   [ 12] parking meter
2026-06-30 21:14:49 [INFO    ] app.services.yolo.detector —   [ 13] bench
2026-06-30 21:14:49 [INFO    ] app.services.yolo.detector —   [ 14] bird
2026-06-30 21:14:49 [INFO    ] app.services.yolo.detector —   [ 15] cat
2026-06-30 21:14:49 [INFO    ] app.services.yolo.detector —   [ 16] dog
2026-06-30 21:14:49 [INFO    ] app.services.yolo.detector —   [ 17] horse
2026-06-30 21:14:49 [INFO    ] app.services.yolo.detector —   [ 18] sheep
2026-06-30 21:14:49 [INFO    ] app.services.yolo.detector —   [ 19] cow
2026-06-30 21:14:49 [INFO    ] app.services.yolo.detector —   [ 20] elephant
2026-06-30 21:14:49 [INFO    ] app.services.yolo.detector —   [ 21] bear
2026-06-30 21:14:49 [INFO    ] app.services.yolo.detector —   [ 22] zebra
2026-06-30 21:14:49 [INFO    ] app.services.yolo.detector —   [ 23] giraffe
2026-06-30 21:14:49 [INFO    ] app.services.yolo.detector —   [ 24] backpack
2026-06-30 21:14:49 [INFO    ] app.services.yolo.detector —   [ 25] umbrella
2026-06-30 21:14:49 [INFO    ] app.services.yolo.detector —   [ 26] handbag
2026-06-30 21:14:49 [INFO    ] app.services.yolo.detector —   [ 27] tie
2026-06-30 21:14:49 [INFO    ] app.services.yolo.detector —   [ 28] suitcase
2026-06-30 21:14:49 [INFO    ] app.services.yolo.detector —   [ 29] frisbee
2026-06-30 21:14:49 [INFO    ] app.services.yolo.detector —   [ 30] skis
2026-06-30 21:14:49 [INFO    ] app.services.yolo.detector —   [ 31] snowboard
2026-06-30 21:14:49 [INFO    ] app.services.yolo.detector —   [ 32] sports ball
2026-06-30 21:14:49 [INFO    ] app.services.yolo.detector —   [ 33] kite
2026-06-30 21:14:49 [INFO    ] app.services.yolo.detector —   [ 34] baseball bat
2026-06-30 21:14:49 [INFO    ] app.services.yolo.detector —   [ 35] baseball glove
2026-06-30 21:14:49 [INFO    ] app.services.yolo.detector —   [ 36] skateboard
2026-06-30 21:14:49 [INFO    ] app.services.yolo.detector —   [ 37] surfboard
2026-06-30 21:14:49 [INFO    ] app.services.yolo.detector —   [ 38] tennis racket
2026-06-30 21:14:49 [INFO    ] app.services.yolo.detector —   [ 39] bottle
2026-06-30 21:14:49 [INFO    ] app.services.yolo.detector —   [ 40] wine glass
2026-06-30 21:14:49 [INFO    ] app.services.yolo.detector —   [ 41] cup
2026-06-30 21:14:49 [INFO    ] app.services.yolo.detector —   [ 42] fork
2026-06-30 21:14:49 [INFO    ] app.services.yolo.detector —   [ 43] knife
2026-06-30 21:14:49 [INFO    ] app.services.yolo.detector —   [ 44] spoon
2026-06-30 21:14:49 [INFO    ] app.services.yolo.detector —   [ 45] bowl
2026-06-30 21:14:49 [INFO    ] app.services.yolo.detector —   [ 46] banana
2026-06-30 21:14:49 [INFO    ] app.services.yolo.detector —   [ 47] apple
2026-06-30 21:14:49 [INFO    ] app.services.yolo.detector —   [ 48] sandwich
2026-06-30 21:14:49 [INFO    ] app.services.yolo.detector —   [ 49] orange
2026-06-30 21:14:49 [INFO    ] app.services.yolo.detector —   [ 50] broccoli
2026-06-30 21:14:49 [INFO    ] app.services.yolo.detector —   [ 51] carrot
2026-06-30 21:14:49 [INFO    ] app.services.yolo.detector —   [ 52] hot dog
2026-06-30 21:14:49 [INFO    ] app.services.yolo.detector —   [ 53] pizza
2026-06-30 21:14:49 [INFO    ] app.services.yolo.detector —   [ 54] donut
2026-06-30 21:14:49 [INFO    ] app.services.yolo.detector —   [ 55] cake
2026-06-30 21:14:49 [INFO    ] app.services.yolo.detector —   [ 56] chair
2026-06-30 21:14:49 [INFO    ] app.services.yolo.detector —   [ 57] couch
2026-06-30 21:14:49 [INFO    ] app.services.yolo.detector —   [ 58] potted plant
2026-06-30 21:14:49 [INFO    ] app.services.yolo.detector —   [ 59] bed
2026-06-30 21:14:49 [INFO    ] app.services.yolo.detector —   [ 60] dining table
2026-06-30 21:14:49 [INFO    ] app.services.yolo.detector —   [ 61] toilet
2026-06-30 21:14:49 [INFO    ] app.services.yolo.detector —   [ 62] tv
2026-06-30 21:14:49 [INFO    ] app.services.yolo.detector —   [ 63] laptop
2026-06-30 21:14:49 [INFO    ] app.services.yolo.detector —   [ 64] mouse
2026-06-30 21:14:49 [INFO    ] app.services.yolo.detector —   [ 65] remote
2026-06-30 21:14:49 [INFO    ] app.services.yolo.detector —   [ 66] keyboard
2026-06-30 21:14:49 [INFO    ] app.services.yolo.detector —   [ 67] cell phone
2026-06-30 21:14:49 [INFO    ] app.services.yolo.detector —   [ 68] microwave
2026-06-30 21:14:49 [INFO    ] app.services.yolo.detector —   [ 69] oven
2026-06-30 21:14:49 [INFO    ] app.services.yolo.detector —   [ 70] toaster
2026-06-30 21:14:49 [INFO    ] app.services.yolo.detector —   [ 71] sink
2026-06-30 21:14:49 [INFO    ] app.services.yolo.detector —   [ 72] refrigerator
2026-06-30 21:14:49 [INFO    ] app.services.yolo.detector —   [ 73] book
2026-06-30 21:14:49 [INFO    ] app.services.yolo.detector —   [ 74] clock
2026-06-30 21:14:49 [INFO    ] app.services.yolo.detector —   [ 75] vase
2026-06-30 21:14:49 [INFO    ] app.services.yolo.detector —   [ 76] scissors
2026-06-30 21:14:49 [INFO    ] app.services.yolo.detector —   [ 77] teddy bear
2026-06-30 21:14:49 [INFO    ] app.services.yolo.detector —   [ 78] hair drier
2026-06-30 21:14:49 [INFO    ] app.services.yolo.detector —   [ 79] toothbrush
2026-06-30 21:14:49 [INFO    ] app.services.yolo.detector — Filter aktif: [0]
2026-06-30 21:14:49 [INFO    ] app.main — YOLODetector started (model=yolo11n.pt)
2026-06-30 21:14:49 [INFO    ] app.main — Ground Station ready — open http://0.0.0.0:8000
2026-06-30 21:15:05 [INFO    ] app.services.websocket.manager — System client connected — total: 1
2026-06-30 21:15:05 [INFO    ] app.services.websocket.manager — Telemetry client connected — total: 1
2026-06-30 21:18:28 [INFO    ] app.services.websocket.manager — System client connected — total: 2
2026-06-30 21:18:28 [INFO    ] app.services.websocket.manager — Telemetry client connected — total: 2
2026-06-30 21:19:09 [INFO    ] app.services.websocket.manager — System client disconnected — remaining: 1
2026-06-30 21:19:09 [INFO    ] app.services.websocket.manager — Telemetry client disconnected — remaining: 1
2026-06-30 21:19:09 [INFO    ] app.services.websocket.manager — System client connected — total: 2
2026-06-30 21:19:09 [INFO    ] app.services.websocket.manager — Telemetry client connected — total: 2
2026-06-30 21:19:09 [INFO    ] app.services.websocket.manager — System client disconnected — remaining: 1
2026-06-30 21:19:09 [INFO    ] app.services.websocket.manager — Telemetry client disconnected — remaining: 1
2026-06-30 21:19:10 [INFO    ] app.services.websocket.manager — System client connected — total: 2
2026-06-30 21:19:10 [INFO    ] app.services.websocket.manager — Telemetry client connected — total: 2
2026-06-30 21:19:32 [INFO    ] app.services.websocket.manager — Telemetry client disconnected — remaining: 1
2026-06-30 21:19:32 [INFO    ] app.services.websocket.manager — System client disconnected — remaining: 1
2026-06-30 21:20:24 [INFO    ] app.services.websocket.manager — System client connected — total: 2
2026-06-30 21:20:24 [INFO    ] app.services.websocket.manager — Telemetry client connected — total: 2
2026-06-30 21:20:45 [INFO    ] app.services.websocket.manager — System client disconnected — remaining: 1
2026-06-30 21:20:45 [INFO    ] app.services.websocket.manager — Telemetry client disconnected — remaining: 1
2026-06-30 21:21:13 [INFO    ] app.services.websocket.manager — System client disconnected — remaining: 0
2026-06-30 21:21:13 [INFO    ] app.services.websocket.manager — Telemetry client disconnected — remaining: 0
2026-06-30 21:21:13 [INFO    ] app.services.websocket.manager — System client connected — total: 1
2026-06-30 21:21:13 [INFO    ] app.services.websocket.manager — Telemetry client connected — total: 1
2026-06-30 21:21:14 [INFO    ] app.services.websocket.manager — System client disconnected — remaining: 0
2026-06-30 21:21:14 [INFO    ] app.services.websocket.manager — Telemetry client disconnected — remaining: 0
2026-06-30 21:21:14 [INFO    ] app.services.websocket.manager — System client connected — total: 1
2026-06-30 21:21:14 [INFO    ] app.services.websocket.manager — Telemetry client connected — total: 1
2026-06-30 21:21:14 [INFO    ] app.services.websocket.manager — System client disconnected — remaining: 0
2026-06-30 21:21:14 [INFO    ] app.services.websocket.manager — Telemetry client disconnected — remaining: 0
2026-06-30 21:21:14 [INFO    ] app.services.websocket.manager — System client connected — total: 1
2026-06-30 21:21:14 [INFO    ] app.services.websocket.manager — Telemetry client connected — total: 1
2026-06-30 21:22:51 [INFO    ] app.services.websocket.manager — System client connected — total: 2
2026-06-30 21:22:51 [INFO    ] app.services.websocket.manager — Telemetry client connected — total: 2
2026-06-30 21:22:53 [INFO    ] app.services.websocket.manager — System client disconnected — remaining: 1
2026-06-30 21:22:53 [INFO    ] app.services.websocket.manager — Telemetry client disconnected — remaining: 1
2026-06-30 21:22:53 [INFO    ] app.services.websocket.manager — System client connected — total: 2
2026-06-30 21:22:53 [INFO    ] app.services.websocket.manager — Telemetry client connected — total: 2
2026-06-30 21:23:59 [INFO    ] app.services.websocket.manager — System client disconnected — remaining: 1
2026-06-30 21:23:59 [INFO    ] app.services.websocket.manager — Telemetry client disconnected — remaining: 1
2026-06-30 21:23:59 [INFO    ] app.services.websocket.manager — System client connected — total: 2
2026-06-30 21:23:59 [INFO    ] app.services.websocket.manager — Telemetry client connected — total: 2
2026-06-30 21:24:44 [INFO    ] app.services.websocket.manager — Telemetry client disconnected — remaining: 1
2026-06-30 21:24:44 [INFO    ] app.services.websocket.manager — System client disconnected — remaining: 1
2026-06-30 21:24:57 [INFO    ] app.services.websocket.manager — System client connected — total: 2
2026-06-30 21:24:57 [INFO    ] app.services.websocket.manager — Telemetry client connected — total: 2
2026-06-30 21:25:34 [INFO    ] app.services.websocket.manager — Telemetry client disconnected — remaining: 1
2026-06-30 21:25:34 [INFO    ] app.services.websocket.manager — System client disconnected — remaining: 1
2026-06-30 21:26:11 [INFO    ] app.services.websocket.manager — Telemetry client connected — total: 2
2026-06-30 21:26:11 [INFO    ] app.services.websocket.manager — Telemetry client disconnected — remaining: 1
2026-06-30 21:26:11 [INFO    ] app.services.websocket.manager — System client connected — total: 2
2026-06-30 21:26:11 [INFO    ] app.services.websocket.manager — Telemetry client connected — total: 2
2026-06-30 21:26:51 [INFO    ] app.services.websocket.manager — Telemetry client disconnected — remaining: 1
2026-06-30 21:26:51 [INFO    ] app.services.websocket.manager — System client disconnected — remaining: 1
2026-06-30 21:26:56 [INFO    ] app.services.websocket.manager — Telemetry client connected — total: 2
2026-06-30 21:26:56 [INFO    ] app.services.websocket.manager — System client connected — total: 2
2026-06-30 21:27:04 [INFO    ] app.services.websocket.manager — System client disconnected — remaining: 1
2026-06-30 21:27:04 [INFO    ] app.services.websocket.manager — Telemetry client disconnected — remaining: 1
2026-06-30 21:27:05 [INFO    ] app.services.websocket.manager — System client connected — total: 2
2026-06-30 21:27:05 [INFO    ] app.services.websocket.manager — Telemetry client connected — total: 2
2026-06-30 21:27:09 [INFO    ] app.services.websocket.manager — System client disconnected — remaining: 1
2026-06-30 21:27:09 [INFO    ] app.services.websocket.manager — Telemetry client disconnected — remaining: 1
2026-06-30 21:27:09 [INFO    ] app.services.websocket.manager — System client connected — total: 2
2026-06-30 21:27:09 [INFO    ] app.services.websocket.manager — Telemetry client connected — total: 2
2026-06-30 21:27:55 [INFO    ] app.services.websocket.manager — System client disconnected — remaining: 1
2026-06-30 21:27:55 [INFO    ] app.services.websocket.manager — Telemetry client disconnected — remaining: 1
2026-06-30 21:27:58 [INFO    ] app.services.websocket.manager — System client connected — total: 2
2026-06-30 21:27:58 [INFO    ] app.services.websocket.manager — Telemetry client connected — total: 2
2026-06-30 21:28:33 [INFO    ] app.services.websocket.manager — System client disconnected — remaining: 1
2026-06-30 21:28:33 [INFO    ] app.services.websocket.manager — Telemetry client disconnected — remaining: 1
2026-06-30 21:28:36 [INFO    ] app.services.websocket.manager — System client connected — total: 2
2026-06-30 21:28:36 [INFO    ] app.services.websocket.manager — Telemetry client connected — total: 2
2026-06-30 21:29:12 [INFO    ] app.services.websocket.manager — System client disconnected — remaining: 1
2026-06-30 21:29:12 [INFO    ] app.services.websocket.manager — Telemetry client disconnected — remaining: 1
2026-06-30 21:29:21 [INFO    ] app.services.websocket.manager — Telemetry client connected — total: 2
2026-06-30 21:29:21 [INFO    ] app.services.websocket.manager — System client connected — total: 2
2026-06-30 21:29:24 [INFO    ] app.services.websocket.manager — System client disconnected — remaining: 1
2026-06-30 21:29:24 [INFO    ] app.services.websocket.manager — Telemetry client disconnected — remaining: 1
2026-06-30 21:29:27 [INFO    ] app.services.websocket.manager — System client connected — total: 2
2026-06-30 21:29:27 [INFO    ] app.services.websocket.manager — Telemetry client connected — total: 2
2026-06-30 21:29:27 [INFO    ] app.services.websocket.manager — System client disconnected — remaining: 1
2026-06-30 21:29:27 [INFO    ] app.services.websocket.manager — Telemetry client disconnected — remaining: 1
2026-06-30 21:29:27 [INFO    ] app.services.websocket.manager — System client connected — total: 2
2026-06-30 21:29:27 [INFO    ] app.services.websocket.manager — Telemetry client connected — total: 2
2026-06-30 21:30:11 [INFO    ] app.services.websocket.manager — System client disconnected — remaining: 1
2026-06-30 21:30:11 [INFO    ] app.services.websocket.manager — Telemetry client disconnected — remaining: 1
2026-06-30 21:30:11 [INFO    ] app.services.websocket.manager — System client connected — total: 2
2026-06-30 21:30:11 [INFO    ] app.services.websocket.manager — Telemetry client connected — total: 2
2026-06-30 21:30:53 [INFO    ] app.services.websocket.manager — Telemetry client disconnected — remaining: 1
2026-06-30 21:30:53 [INFO    ] app.services.websocket.manager — System client disconnected — remaining: 1
2026-06-30 21:31:34 [INFO    ] app.services.websocket.manager — Telemetry client connected — total: 2
2026-06-30 21:31:34 [INFO    ] app.services.websocket.manager — System client connected — total: 2
2026-06-30 21:32:27 [INFO    ] app.services.websocket.manager — System client disconnected — remaining: 1
2026-06-30 21:32:27 [INFO    ] app.services.websocket.manager — Telemetry client disconnected — remaining: 1
2026-06-30 21:33:31 [INFO    ] app.services.websocket.manager — Telemetry client connected — total: 2
2026-06-30 21:33:31 [INFO    ] app.services.websocket.manager — System client connected — total: 2
2026-06-30 21:34:21 [INFO    ] app.services.websocket.manager — Telemetry client disconnected — remaining: 1
2026-06-30 21:34:21 [INFO    ] app.services.websocket.manager — System client disconnected — remaining: 1
2026-06-30 21:35:23 [INFO    ] app.services.websocket.manager — System client connected — total: 2
2026-06-30 21:35:23 [INFO    ] app.services.websocket.manager — Telemetry client connected — total: 2
2026-06-30 21:35:29 [INFO    ] app.services.video.manager — Starting new UdpTelemetryReceiver for JSON port 2
2026-06-30 21:35:29 [INFO    ] app.services.telemetry.udp_telemetry — UdpTelemetryReceiver listening on 0.0.0.0:2
2026-06-30 21:35:29 [INFO    ] app.services.video.manager — Starting new VideoReceiver for port 1
2026-06-30 21:35:29 [INFO    ] app.services.video.receiver — VideoReceiver created (Source: UDP)
2026-06-30 21:35:29 [INFO    ] app.services.video.receiver — VideoReceiver listening on UDP port 1
2026-06-30 21:35:29 [INFO    ] app.services.video.receiver — VideoReceiver thread started for udp
2026-06-30 21:35:29 [INFO    ] app.services.websocket.manager — Video client connected to port 1 — total for port: 1
2026-06-30 21:35:29 [INFO    ] app.services.video.manager — Broadcast loop started for port 1
2026-06-30 21:35:31 [INFO    ] app.services.websocket.manager — Video client disconnected from port 1 — remaining for port: 0
2026-06-30 21:35:31 [INFO    ] app.services.video.manager — Stopping VideoReceiver for port 1
2026-06-30 21:35:31 [INFO    ] app.services.video.receiver — VideoReceiver stopped
2026-06-30 21:35:31 [INFO    ] app.services.video.manager — Stopping UdpTelemetryReceiver for JSON port 2
2026-06-30 21:35:31 [INFO    ] app.services.telemetry.udp_telemetry — UdpTelemetryReceiver stopped.
2026-06-30 21:35:47 [INFO    ] app.services.websocket.manager — System client disconnected — remaining: 1
2026-06-30 21:35:47 [INFO    ] app.services.websocket.manager — Telemetry client disconnected — remaining: 1
2026-06-30 21:35:47 [INFO    ] app.services.websocket.manager — System client connected — total: 2
2026-06-30 21:35:47 [INFO    ] app.services.websocket.manager — Telemetry client connected — total: 2
2026-06-30 21:36:07 [INFO    ] app.services.websocket.manager — System client disconnected — remaining: 1
2026-06-30 21:36:07 [INFO    ] app.services.websocket.manager — Telemetry client disconnected — remaining: 1
2026-06-30 21:36:07 [INFO    ] app.services.websocket.manager — System client connected — total: 2
2026-06-30 21:36:07 [INFO    ] app.services.websocket.manager — Telemetry client connected — total: 2
2026-06-30 21:36:30 [INFO    ] app.services.websocket.manager — Telemetry client disconnected — remaining: 1
2026-06-30 21:36:30 [INFO    ] app.services.websocket.manager — System client disconnected — remaining: 1
2026-06-30 21:38:19 [INFO    ] app.services.websocket.manager — Telemetry client disconnected — remaining: 0
2026-06-30 21:38:19 [INFO    ] app.services.websocket.manager — System client disconnected — remaining: 0
2026-06-30 21:38:19 [INFO    ] app.main — Ground Station shutting down…
2026-06-30 21:38:19 [INFO    ] app.services.yolo.detector — YOLODetector stopped | total_inferences=0 | total_detections=0
2026-06-30 21:38:19 [INFO    ] app.main — Ground Station stopped.
2026-07-02 15:22:55 [INFO    ] app.services.video.manager — MultiStreamManager ready (fps_limit=30, jpeg_quality=80, yolo=enabled)
2026-07-02 15:22:55 [INFO    ] app.main — ═══════════════════════════════════════════
2026-07-02 15:22:55 [INFO    ] app.main —   UAV Ground Station starting up
2026-07-02 15:22:55 [INFO    ] app.main —   Web  port : 8000
2026-07-02 15:22:55 [INFO    ] app.main —   Host      : 0.0.0.0
2026-07-02 15:22:55 [INFO    ] app.main —   YOLO      : enabled
2026-07-02 15:22:55 [INFO    ] app.main — ═══════════════════════════════════════════
2026-07-02 15:22:55 [INFO    ] app.services.yolo.detector — Loading YOLO model: yolo11n.pt
2026-07-02 15:22:55 [INFO    ] app.services.yolo.detector — Class 'person' → ID 0
2026-07-02 15:22:55 [INFO    ] app.services.yolo.detector — YOLODetector started | model=yolo11n.pt | conf=0.40 | iou=0.45 | max_fps=10.0 | device='auto' | filter=[0] | ws_broadcast=enabled
2026-07-02 15:22:55 [INFO    ] app.services.yolo.detector — === Class list dari model 'yolo11n.pt' ===
2026-07-02 15:22:55 [INFO    ] app.services.yolo.detector —   [  0] person ← AKTIF
2026-07-02 15:22:55 [INFO    ] app.services.yolo.detector —   [  1] bicycle
2026-07-02 15:22:55 [INFO    ] app.services.yolo.detector —   [  2] car
2026-07-02 15:22:55 [INFO    ] app.services.yolo.detector —   [  3] motorcycle
2026-07-02 15:22:55 [INFO    ] app.services.yolo.detector —   [  4] airplane
2026-07-02 15:22:55 [INFO    ] app.services.yolo.detector —   [  5] bus
2026-07-02 15:22:55 [INFO    ] app.services.yolo.detector —   [  6] train
2026-07-02 15:22:55 [INFO    ] app.services.yolo.detector —   [  7] truck
2026-07-02 15:22:55 [INFO    ] app.services.yolo.detector —   [  8] boat
2026-07-02 15:22:55 [INFO    ] app.services.yolo.detector —   [  9] traffic light
2026-07-02 15:22:55 [INFO    ] app.services.yolo.detector —   [ 10] fire hydrant
2026-07-02 15:22:55 [INFO    ] app.services.yolo.detector —   [ 11] stop sign
2026-07-02 15:22:55 [INFO    ] app.services.yolo.detector —   [ 12] parking meter
2026-07-02 15:22:55 [INFO    ] app.services.yolo.detector —   [ 13] bench
2026-07-02 15:22:55 [INFO    ] app.services.yolo.detector —   [ 14] bird
2026-07-02 15:22:55 [INFO    ] app.services.yolo.detector —   [ 15] cat
2026-07-02 15:22:55 [INFO    ] app.services.yolo.detector —   [ 16] dog
2026-07-02 15:22:55 [INFO    ] app.services.yolo.detector —   [ 17] horse
2026-07-02 15:22:55 [INFO    ] app.services.yolo.detector —   [ 18] sheep
2026-07-02 15:22:55 [INFO    ] app.services.yolo.detector —   [ 19] cow
2026-07-02 15:22:55 [INFO    ] app.services.yolo.detector —   [ 20] elephant
2026-07-02 15:22:55 [INFO    ] app.services.yolo.detector —   [ 21] bear
2026-07-02 15:22:55 [INFO    ] app.services.yolo.detector —   [ 22] zebra
2026-07-02 15:22:55 [INFO    ] app.services.yolo.detector —   [ 23] giraffe
2026-07-02 15:22:55 [INFO    ] app.services.yolo.detector —   [ 24] backpack
2026-07-02 15:22:55 [INFO    ] app.services.yolo.detector —   [ 25] umbrella
2026-07-02 15:22:55 [INFO    ] app.services.yolo.detector —   [ 26] handbag
2026-07-02 15:22:55 [INFO    ] app.services.yolo.detector —   [ 27] tie
2026-07-02 15:22:55 [INFO    ] app.services.yolo.detector —   [ 28] suitcase
2026-07-02 15:22:55 [INFO    ] app.services.yolo.detector —   [ 29] frisbee
2026-07-02 15:22:55 [INFO    ] app.services.yolo.detector —   [ 30] skis
2026-07-02 15:22:55 [INFO    ] app.services.yolo.detector —   [ 31] snowboard
2026-07-02 15:22:55 [INFO    ] app.services.yolo.detector —   [ 32] sports ball
2026-07-02 15:22:55 [INFO    ] app.services.yolo.detector —   [ 33] kite
2026-07-02 15:22:55 [INFO    ] app.services.yolo.detector —   [ 34] baseball bat
2026-07-02 15:22:55 [INFO    ] app.services.yolo.detector —   [ 35] baseball glove
2026-07-02 15:22:55 [INFO    ] app.services.yolo.detector —   [ 36] skateboard
2026-07-02 15:22:55 [INFO    ] app.services.yolo.detector —   [ 37] surfboard
2026-07-02 15:22:55 [INFO    ] app.services.yolo.detector —   [ 38] tennis racket
2026-07-02 15:22:55 [INFO    ] app.services.yolo.detector —   [ 39] bottle
2026-07-02 15:22:55 [INFO    ] app.services.yolo.detector —   [ 40] wine glass
2026-07-02 15:22:55 [INFO    ] app.services.yolo.detector —   [ 41] cup
2026-07-02 15:22:55 [INFO    ] app.services.yolo.detector —   [ 42] fork
2026-07-02 15:22:55 [INFO    ] app.services.yolo.detector —   [ 43] knife
2026-07-02 15:22:55 [INFO    ] app.services.yolo.detector —   [ 44] spoon
2026-07-02 15:22:55 [INFO    ] app.services.yolo.detector —   [ 45] bowl
2026-07-02 15:22:55 [INFO    ] app.services.yolo.detector —   [ 46] banana
2026-07-02 15:22:55 [INFO    ] app.services.yolo.detector —   [ 47] apple
2026-07-02 15:22:55 [INFO    ] app.services.yolo.detector —   [ 48] sandwich
2026-07-02 15:22:55 [INFO    ] app.services.yolo.detector —   [ 49] orange
2026-07-02 15:22:55 [INFO    ] app.services.yolo.detector —   [ 50] broccoli
2026-07-02 15:22:55 [INFO    ] app.services.yolo.detector —   [ 51] carrot
2026-07-02 15:22:55 [INFO    ] app.services.yolo.detector —   [ 52] hot dog
2026-07-02 15:22:55 [INFO    ] app.services.yolo.detector —   [ 53] pizza
2026-07-02 15:22:55 [INFO    ] app.services.yolo.detector —   [ 54] donut
2026-07-02 15:22:55 [INFO    ] app.services.yolo.detector —   [ 55] cake
2026-07-02 15:22:55 [INFO    ] app.services.yolo.detector —   [ 56] chair
2026-07-02 15:22:55 [INFO    ] app.services.yolo.detector —   [ 57] couch
2026-07-02 15:22:55 [INFO    ] app.services.yolo.detector —   [ 58] potted plant
2026-07-02 15:22:55 [INFO    ] app.services.yolo.detector —   [ 59] bed
2026-07-02 15:22:55 [INFO    ] app.services.yolo.detector —   [ 60] dining table
2026-07-02 15:22:55 [INFO    ] app.services.yolo.detector —   [ 61] toilet
2026-07-02 15:22:55 [INFO    ] app.services.yolo.detector —   [ 62] tv
2026-07-02 15:22:55 [INFO    ] app.services.yolo.detector —   [ 63] laptop
2026-07-02 15:22:55 [INFO    ] app.services.yolo.detector —   [ 64] mouse
2026-07-02 15:22:55 [INFO    ] app.services.yolo.detector —   [ 65] remote
2026-07-02 15:22:55 [INFO    ] app.services.yolo.detector —   [ 66] keyboard
2026-07-02 15:22:55 [INFO    ] app.services.yolo.detector —   [ 67] cell phone
2026-07-02 15:22:55 [INFO    ] app.services.yolo.detector —   [ 68] microwave
2026-07-02 15:22:55 [INFO    ] app.services.yolo.detector —   [ 69] oven
2026-07-02 15:22:55 [INFO    ] app.services.yolo.detector —   [ 70] toaster
2026-07-02 15:22:55 [INFO    ] app.services.yolo.detector —   [ 71] sink
2026-07-02 15:22:55 [INFO    ] app.services.yolo.detector —   [ 72] refrigerator
2026-07-02 15:22:55 [INFO    ] app.services.yolo.detector —   [ 73] book
2026-07-02 15:22:55 [INFO    ] app.services.yolo.detector —   [ 74] clock
2026-07-02 15:22:55 [INFO    ] app.services.yolo.detector —   [ 75] vase
2026-07-02 15:22:55 [INFO    ] app.services.yolo.detector —   [ 76] scissors
2026-07-02 15:22:55 [INFO    ] app.services.yolo.detector —   [ 77] teddy bear
2026-07-02 15:22:55 [INFO    ] app.services.yolo.detector —   [ 78] hair drier
2026-07-02 15:22:55 [INFO    ] app.services.yolo.detector —   [ 79] toothbrush
2026-07-02 15:22:55 [INFO    ] app.services.yolo.detector — Filter aktif: [0]
2026-07-02 15:22:55 [INFO    ] app.main — YOLODetector started (model=yolo11n.pt)
2026-07-02 15:22:55 [INFO    ] app.main — Ground Station ready — open http://0.0.0.0:8000
2026-07-02 15:23:00 [INFO    ] app.services.websocket.manager — System client connected — total: 1
2026-07-02 15:23:00 [INFO    ] app.services.websocket.manager — Telemetry client connected — total: 1
2026-07-02 15:23:02 [INFO    ] app.services.websocket.manager — System client disconnected — remaining: 0
2026-07-02 15:23:02 [INFO    ] app.services.websocket.manager — Telemetry client disconnected — remaining: 0
2026-07-02 15:23:03 [INFO    ] app.services.websocket.manager — System client connected — total: 1
2026-07-02 15:23:03 [INFO    ] app.services.websocket.manager — Telemetry client connected — total: 1
2026-07-02 15:24:39 [INFO    ] app.services.mavlink.connection — Connecting to MAVLink at tcp:100.121.12.16:5760
2026-07-02 15:24:42 [ERROR   ] app.services.mavlink.connection — Failed to connect to tcp:100.121.12.16:5760: [WinError 10061] No connection could be made because the target machine actively refused it
2026-07-02 15:24:42 [ERROR   ] app.services.mavlink.telemetry_bridge — Failed to connect slot 1: [WinError 10061] No connection could be made because the target machine actively refused it
2026-07-02 15:24:49 [INFO    ] app.services.mavlink.connection — Connecting to MAVLink at tcp:100.121.12.16:5760
2026-07-02 15:24:51 [ERROR   ] app.services.mavlink.connection — Failed to connect to tcp:100.121.12.16:5760: [WinError 10061] No connection could be made because the target machine actively refused it
2026-07-02 15:24:51 [ERROR   ] app.services.mavlink.telemetry_bridge — Failed to connect slot 1: [WinError 10061] No connection could be made because the target machine actively refused it
2026-07-02 15:25:18 [INFO    ] app.services.mavlink.connection — Connecting to MAVLink at tcp:100.121.12.16:5760
2026-07-02 15:25:18 [INFO    ] app.services.mavlink.connection — Waiting for heartbeat from tcp:100.121.12.16:5760...
2026-07-02 15:25:18 [INFO    ] app.services.mavlink.connection — Heartbeat received from tcp:100.121.12.16:5760!
2026-07-02 15:26:38 [INFO    ] app.services.mavlink.connection — Disconnected from tcp:100.121.12.16:5760
2026-07-02 15:26:38 [INFO    ] app.services.mavlink.connection — Connecting to MAVLink at tcp:100.121.12.16:5760
2026-07-02 15:26:38 [INFO    ] app.services.mavlink.connection — Waiting for heartbeat from tcp:100.121.12.16:5760...
2026-07-02 15:26:38 [INFO    ] app.services.mavlink.connection — Heartbeat received from tcp:100.121.12.16:5760!
2026-07-02 15:27:12 [INFO    ] app.services.mavlink.connection — Disconnected from tcp:100.121.12.16:5760
2026-07-02 15:27:50 [INFO    ] app.services.websocket.manager — Telemetry client disconnected — remaining: 0
2026-07-02 15:27:50 [INFO    ] app.services.websocket.manager — System client disconnected — remaining: 0
2026-07-02 15:27:50 [INFO    ] app.services.websocket.manager — System client connected — total: 1
2026-07-02 15:27:50 [INFO    ] app.services.websocket.manager — Telemetry client connected — total: 1
2026-07-02 15:27:51 [INFO    ] app.services.websocket.manager — System client disconnected — remaining: 0
2026-07-02 15:27:51 [INFO    ] app.services.websocket.manager — Telemetry client disconnected — remaining: 0
2026-07-02 15:27:52 [INFO    ] app.services.websocket.manager — System client connected — total: 1
2026-07-02 15:27:52 [INFO    ] app.services.websocket.manager — Telemetry client connected — total: 1
2026-07-02 15:27:58 [INFO    ] app.services.websocket.manager — Telemetry client disconnected — remaining: 0
2026-07-02 15:27:58 [INFO    ] app.services.websocket.manager — System client disconnected — remaining: 0
2026-07-02 15:27:58 [INFO    ] app.services.websocket.manager — System client connected — total: 1
2026-07-02 15:27:58 [INFO    ] app.services.websocket.manager — Telemetry client connected — total: 1
2026-07-02 15:29:08 [INFO    ] app.services.websocket.manager — System client disconnected — remaining: 0
2026-07-02 15:29:08 [INFO    ] app.services.websocket.manager — Telemetry client disconnected — remaining: 0
2026-07-02 15:29:09 [INFO    ] app.services.websocket.manager — System client connected — total: 1
2026-07-02 15:29:09 [INFO    ] app.services.websocket.manager — Telemetry client connected — total: 1
2026-07-02 15:29:35 [INFO    ] app.services.websocket.manager — Telemetry client disconnected — remaining: 0
2026-07-02 15:29:35 [INFO    ] app.services.websocket.manager — System client disconnected — remaining: 0
2026-07-02 15:31:07 [INFO    ] app.services.websocket.manager — System client connected — total: 1
2026-07-02 15:31:07 [INFO    ] app.services.websocket.manager — Telemetry client connected — total: 1
2026-07-02 15:31:08 [INFO    ] app.services.websocket.manager — Telemetry client disconnected — remaining: 0
2026-07-02 15:31:08 [INFO    ] app.services.websocket.manager — System client disconnected — remaining: 0
2026-07-02 15:31:08 [INFO    ] app.services.websocket.manager — System client connected — total: 1
2026-07-02 15:31:08 [INFO    ] app.services.websocket.manager — Telemetry client connected — total: 1
2026-07-02 15:34:23 [INFO    ] app.services.websocket.manager — Telemetry client disconnected — remaining: 0
2026-07-02 15:34:23 [INFO    ] app.services.websocket.manager — System client disconnected — remaining: 0
2026-07-02 15:34:23 [INFO    ] app.services.websocket.manager — System client connected — total: 1
2026-07-02 15:34:23 [INFO    ] app.services.websocket.manager — Telemetry client connected — total: 1
2026-07-02 15:45:54 [INFO    ] app.services.websocket.manager — Telemetry client disconnected — remaining: 0
2026-07-02 15:45:54 [INFO    ] app.services.websocket.manager — System client disconnected — remaining: 0
2026-07-02 15:57:47 [INFO    ] app.services.websocket.manager — System client connected — total: 1
2026-07-02 15:57:47 [INFO    ] app.services.websocket.manager — Telemetry client connected — total: 1
2026-07-02 16:10:01 [INFO    ] app.services.websocket.manager — System client disconnected — remaining: 0
2026-07-02 16:10:01 [INFO    ] app.services.websocket.manager — Telemetry client disconnected — remaining: 0
2026-07-02 16:10:01 [INFO    ] app.main — Ground Station shutting down…
2026-07-02 16:10:01 [INFO    ] app.services.yolo.detector — YOLODetector stopped | total_inferences=0 | total_detections=0
2026-07-02 16:10:01 [INFO    ] app.main — Ground Station stopped.
2026-07-03 16:44:23 [INFO    ] app.services.video.manager — MultiStreamManager ready (fps_limit=30, jpeg_quality=80, yolo=enabled)
2026-07-03 16:44:23 [INFO    ] app.main — ═══════════════════════════════════════════
2026-07-03 16:44:23 [INFO    ] app.main —   UAV Ground Station starting up
2026-07-03 16:44:23 [INFO    ] app.main —   Web  port : 8000
2026-07-03 16:44:23 [INFO    ] app.main —   Host      : 0.0.0.0
2026-07-03 16:44:23 [INFO    ] app.main —   YOLO      : enabled
2026-07-03 16:44:23 [INFO    ] app.main — ═══════════════════════════════════════════
2026-07-03 16:44:23 [INFO    ] app.services.yolo.detector — Loading YOLO model: yolo11n.pt
2026-07-03 16:44:23 [INFO    ] app.services.yolo.detector — Class 'person' → ID 0
2026-07-03 16:44:23 [INFO    ] app.services.yolo.detector — YOLODetector started | model=yolo11n.pt | conf=0.40 | iou=0.45 | max_fps=10.0 | device='auto' | filter=[0] | ws_broadcast=enabled
2026-07-03 16:44:23 [INFO    ] app.services.yolo.detector — === Class list dari model 'yolo11n.pt' ===
2026-07-03 16:44:23 [INFO    ] app.services.yolo.detector —   [  0] person ← AKTIF
2026-07-03 16:44:23 [INFO    ] app.services.yolo.detector —   [  1] bicycle
2026-07-03 16:44:23 [INFO    ] app.services.yolo.detector —   [  2] car
2026-07-03 16:44:23 [INFO    ] app.services.yolo.detector —   [  3] motorcycle
2026-07-03 16:44:23 [INFO    ] app.services.yolo.detector —   [  4] airplane
2026-07-03 16:44:23 [INFO    ] app.services.yolo.detector —   [  5] bus
2026-07-03 16:44:23 [INFO    ] app.services.yolo.detector —   [  6] train
2026-07-03 16:44:23 [INFO    ] app.services.yolo.detector —   [  7] truck
2026-07-03 16:44:23 [INFO    ] app.services.yolo.detector —   [  8] boat
2026-07-03 16:44:23 [INFO    ] app.services.yolo.detector —   [  9] traffic light
2026-07-03 16:44:23 [INFO    ] app.services.yolo.detector —   [ 10] fire hydrant
2026-07-03 16:44:23 [INFO    ] app.services.yolo.detector —   [ 11] stop sign
2026-07-03 16:44:23 [INFO    ] app.services.yolo.detector —   [ 12] parking meter
2026-07-03 16:44:23 [INFO    ] app.services.yolo.detector —   [ 13] bench
2026-07-03 16:44:23 [INFO    ] app.services.yolo.detector —   [ 14] bird
2026-07-03 16:44:23 [INFO    ] app.services.yolo.detector —   [ 15] cat
2026-07-03 16:44:23 [INFO    ] app.services.yolo.detector —   [ 16] dog
2026-07-03 16:44:23 [INFO    ] app.services.yolo.detector —   [ 17] horse
2026-07-03 16:44:23 [INFO    ] app.services.yolo.detector —   [ 18] sheep
2026-07-03 16:44:23 [INFO    ] app.services.yolo.detector —   [ 19] cow
2026-07-03 16:44:23 [INFO    ] app.services.yolo.detector —   [ 20] elephant
2026-07-03 16:44:23 [INFO    ] app.services.yolo.detector —   [ 21] bear
2026-07-03 16:44:23 [INFO    ] app.services.yolo.detector —   [ 22] zebra
2026-07-03 16:44:23 [INFO    ] app.services.yolo.detector —   [ 23] giraffe
2026-07-03 16:44:23 [INFO    ] app.services.yolo.detector —   [ 24] backpack
2026-07-03 16:44:23 [INFO    ] app.services.yolo.detector —   [ 25] umbrella
2026-07-03 16:44:23 [INFO    ] app.services.yolo.detector —   [ 26] handbag
2026-07-03 16:44:23 [INFO    ] app.services.yolo.detector —   [ 27] tie
2026-07-03 16:44:23 [INFO    ] app.services.yolo.detector —   [ 28] suitcase
2026-07-03 16:44:23 [INFO    ] app.services.yolo.detector —   [ 29] frisbee
2026-07-03 16:44:23 [INFO    ] app.services.yolo.detector —   [ 30] skis
2026-07-03 16:44:23 [INFO    ] app.services.yolo.detector —   [ 31] snowboard
2026-07-03 16:44:23 [INFO    ] app.services.yolo.detector —   [ 32] sports ball
2026-07-03 16:44:23 [INFO    ] app.services.yolo.detector —   [ 33] kite
2026-07-03 16:44:23 [INFO    ] app.services.yolo.detector —   [ 34] baseball bat
2026-07-03 16:44:23 [INFO    ] app.services.yolo.detector —   [ 35] baseball glove
2026-07-03 16:44:23 [INFO    ] app.services.yolo.detector —   [ 36] skateboard
2026-07-03 16:44:23 [INFO    ] app.services.yolo.detector —   [ 37] surfboard
2026-07-03 16:44:23 [INFO    ] app.services.yolo.detector —   [ 38] tennis racket
2026-07-03 16:44:23 [INFO    ] app.services.yolo.detector —   [ 39] bottle
2026-07-03 16:44:23 [INFO    ] app.services.yolo.detector —   [ 40] wine glass
2026-07-03 16:44:23 [INFO    ] app.services.yolo.detector —   [ 41] cup
2026-07-03 16:44:23 [INFO    ] app.services.yolo.detector —   [ 42] fork
2026-07-03 16:44:23 [INFO    ] app.services.yolo.detector —   [ 43] knife
2026-07-03 16:44:23 [INFO    ] app.services.yolo.detector —   [ 44] spoon
2026-07-03 16:44:23 [INFO    ] app.services.yolo.detector —   [ 45] bowl
2026-07-03 16:44:23 [INFO    ] app.services.yolo.detector —   [ 46] banana
2026-07-03 16:44:23 [INFO    ] app.services.yolo.detector —   [ 47] apple
2026-07-03 16:44:23 [INFO    ] app.services.yolo.detector —   [ 48] sandwich
2026-07-03 16:44:23 [INFO    ] app.services.yolo.detector —   [ 49] orange
2026-07-03 16:44:23 [INFO    ] app.services.yolo.detector —   [ 50] broccoli
2026-07-03 16:44:23 [INFO    ] app.services.yolo.detector —   [ 51] carrot
2026-07-03 16:44:23 [INFO    ] app.services.yolo.detector —   [ 52] hot dog
2026-07-03 16:44:23 [INFO    ] app.services.yolo.detector —   [ 53] pizza
2026-07-03 16:44:23 [INFO    ] app.services.yolo.detector —   [ 54] donut
2026-07-03 16:44:23 [INFO    ] app.services.yolo.detector —   [ 55] cake
2026-07-03 16:44:23 [INFO    ] app.services.yolo.detector —   [ 56] chair
2026-07-03 16:44:23 [INFO    ] app.services.yolo.detector —   [ 57] couch
2026-07-03 16:44:23 [INFO    ] app.services.yolo.detector —   [ 58] potted plant
2026-07-03 16:44:23 [INFO    ] app.services.yolo.detector —   [ 59] bed
2026-07-03 16:44:23 [INFO    ] app.services.yolo.detector —   [ 60] dining table
2026-07-03 16:44:23 [INFO    ] app.services.yolo.detector —   [ 61] toilet
2026-07-03 16:44:23 [INFO    ] app.services.yolo.detector —   [ 62] tv
2026-07-03 16:44:23 [INFO    ] app.services.yolo.detector —   [ 63] laptop
2026-07-03 16:44:23 [INFO    ] app.services.yolo.detector —   [ 64] mouse
2026-07-03 16:44:23 [INFO    ] app.services.yolo.detector —   [ 65] remote
2026-07-03 16:44:23 [INFO    ] app.services.yolo.detector —   [ 66] keyboard
2026-07-03 16:44:23 [INFO    ] app.services.yolo.detector —   [ 67] cell phone
2026-07-03 16:44:23 [INFO    ] app.services.yolo.detector —   [ 68] microwave
2026-07-03 16:44:23 [INFO    ] app.services.yolo.detector —   [ 69] oven
2026-07-03 16:44:23 [INFO    ] app.services.yolo.detector —   [ 70] toaster
2026-07-03 16:44:23 [INFO    ] app.services.yolo.detector —   [ 71] sink
2026-07-03 16:44:23 [INFO    ] app.services.yolo.detector —   [ 72] refrigerator
2026-07-03 16:44:23 [INFO    ] app.services.yolo.detector —   [ 73] book
2026-07-03 16:44:23 [INFO    ] app.services.yolo.detector —   [ 74] clock
2026-07-03 16:44:23 [INFO    ] app.services.yolo.detector —   [ 75] vase
2026-07-03 16:44:23 [INFO    ] app.services.yolo.detector —   [ 76] scissors
2026-07-03 16:44:23 [INFO    ] app.services.yolo.detector —   [ 77] teddy bear
2026-07-03 16:44:23 [INFO    ] app.services.yolo.detector —   [ 78] hair drier
2026-07-03 16:44:23 [INFO    ] app.services.yolo.detector —   [ 79] toothbrush
2026-07-03 16:44:23 [INFO    ] app.services.yolo.detector — Filter aktif: [0]
2026-07-03 16:44:23 [INFO    ] app.main — YOLODetector started (model=yolo11n.pt)
2026-07-03 16:44:23 [INFO    ] app.main — Ground Station ready — open http://0.0.0.0:8000
2026-07-03 16:44:23 [INFO    ] app.services.websocket.manager — System client connected — total: 1
2026-07-03 16:44:24 [INFO    ] app.services.websocket.manager — Telemetry client connected — total: 1
2026-07-03 16:44:45 [INFO    ] app.services.video.manager — Starting new UdpTelemetryReceiver for JSON port 2
2026-07-03 16:44:45 [INFO    ] app.services.telemetry.udp_telemetry — UdpTelemetryReceiver listening on 0.0.0.0:2
2026-07-03 16:44:45 [INFO    ] app.services.video.manager — Starting new VideoReceiver for port 1
2026-07-03 16:44:45 [INFO    ] app.services.video.receiver — VideoReceiver created (Source: UDP)
2026-07-03 16:44:45 [INFO    ] app.services.video.receiver — VideoReceiver listening on UDP port 1
2026-07-03 16:44:45 [INFO    ] app.services.video.receiver — VideoReceiver thread started for udp
2026-07-03 16:44:45 [INFO    ] app.services.websocket.manager — Video client connected to port 1 — total for port: 1
2026-07-03 16:44:45 [INFO    ] app.services.video.manager — Broadcast loop started for port 1
2026-07-03 16:44:48 [INFO    ] app.services.websocket.manager — Video client disconnected from port 1 — remaining for port: 0
2026-07-03 16:44:48 [INFO    ] app.services.video.manager — Stopping VideoReceiver for port 1
2026-07-03 16:44:48 [INFO    ] app.services.video.receiver — VideoReceiver stopped
2026-07-03 16:44:48 [INFO    ] app.services.video.manager — Stopping UdpTelemetryReceiver for JSON port 2
2026-07-03 16:44:48 [INFO    ] app.services.telemetry.udp_telemetry — UdpTelemetryReceiver stopped.
2026-07-03 16:44:48 [INFO    ] app.services.video.manager — Starting new UdpTelemetryReceiver for JSON port 2
2026-07-03 16:44:48 [INFO    ] app.services.telemetry.udp_telemetry — UdpTelemetryReceiver listening on 0.0.0.0:2
2026-07-03 16:44:48 [INFO    ] app.services.video.manager — Starting new VideoReceiver for port 1001
2026-07-03 16:44:48 [INFO    ] app.services.video.receiver — VideoReceiver created (Source: UDP)
2026-07-03 16:44:48 [INFO    ] app.services.video.receiver — VideoReceiver listening on UDP port 1001
2026-07-03 16:44:48 [INFO    ] app.services.video.receiver — VideoReceiver thread started for udp
2026-07-03 16:44:48 [INFO    ] app.services.websocket.manager — Video client connected to port 1001 — total for port: 1
2026-07-03 16:44:48 [INFO    ] app.services.video.manager — Broadcast loop started for port 1001
2026-07-03 16:44:50 [INFO    ] app.services.websocket.manager — Video client disconnected from port 1001 — remaining for port: 0
2026-07-03 16:44:50 [INFO    ] app.services.video.manager — Stopping VideoReceiver for port 1001
2026-07-03 16:44:50 [INFO    ] app.services.video.receiver — VideoReceiver stopped
2026-07-03 16:44:50 [INFO    ] app.services.video.manager — Stopping UdpTelemetryReceiver for JSON port 2
2026-07-03 16:44:50 [INFO    ] app.services.telemetry.udp_telemetry — UdpTelemetryReceiver stopped.
2026-07-03 16:44:51 [INFO    ] app.services.video.manager — Starting new UdpTelemetryReceiver for JSON port 2
2026-07-03 16:44:51 [INFO    ] app.services.telemetry.udp_telemetry — UdpTelemetryReceiver listening on 0.0.0.0:2
2026-07-03 16:44:51 [INFO    ] app.services.video.manager — Starting new VideoReceiver for port 1002
2026-07-03 16:44:51 [INFO    ] app.services.video.receiver — VideoReceiver created (Source: UDP)
2026-07-03 16:44:51 [INFO    ] app.services.video.receiver — VideoReceiver listening on UDP port 1002
2026-07-03 16:44:51 [INFO    ] app.services.video.receiver — VideoReceiver thread started for udp
2026-07-03 16:44:51 [INFO    ] app.services.websocket.manager — Video client connected to port 1002 — total for port: 1
2026-07-03 16:44:51 [INFO    ] app.services.video.manager — Broadcast loop started for port 1002
2026-07-03 16:46:47 [INFO    ] app.services.websocket.manager — Video client disconnected from port 1002 — remaining for port: 0
2026-07-03 16:46:47 [INFO    ] app.services.video.manager — Stopping VideoReceiver for port 1002
2026-07-03 16:46:47 [INFO    ] app.services.video.receiver — VideoReceiver stopped
2026-07-03 16:46:47 [INFO    ] app.services.video.manager — Stopping UdpTelemetryReceiver for JSON port 2
2026-07-03 16:46:47 [INFO    ] app.services.telemetry.udp_telemetry — UdpTelemetryReceiver stopped.
2026-07-03 16:46:47 [INFO    ] app.services.video.manager — Starting new UdpTelemetryReceiver for JSON port 1001
2026-07-03 16:46:47 [INFO    ] app.services.telemetry.udp_telemetry — UdpTelemetryReceiver listening on 0.0.0.0:1001
2026-07-03 16:46:47 [INFO    ] app.services.video.manager — Starting new VideoReceiver for port 1002
2026-07-03 16:46:47 [INFO    ] app.services.video.receiver — VideoReceiver created (Source: UDP)
2026-07-03 16:46:47 [INFO    ] app.services.video.receiver — VideoReceiver listening on UDP port 1002
2026-07-03 16:46:47 [INFO    ] app.services.video.receiver — VideoReceiver thread started for udp
2026-07-03 16:46:47 [INFO    ] app.services.websocket.manager — Video client connected to port 1002 — total for port: 1
2026-07-03 16:46:47 [INFO    ] app.services.video.manager — Broadcast loop started for port 1002
2026-07-03 17:06:01 [INFO    ] app.services.websocket.manager — Telemetry client disconnected — remaining: 0
2026-07-03 17:06:01 [INFO    ] app.services.websocket.manager — Video client disconnected from port 1002 — remaining for port: 0
2026-07-03 17:06:01 [INFO    ] app.services.video.manager — Stopping VideoReceiver for port 1002
2026-07-03 17:06:01 [INFO    ] app.services.video.receiver — VideoReceiver stopped
2026-07-03 17:06:01 [INFO    ] app.services.video.manager — Stopping UdpTelemetryReceiver for JSON port 1001
2026-07-03 17:06:01 [INFO    ] app.services.telemetry.udp_telemetry — UdpTelemetryReceiver stopped.
2026-07-03 17:06:01 [INFO    ] app.services.websocket.manager — System client disconnected — remaining: 0
2026-07-03 17:06:02 [INFO    ] app.services.websocket.manager — System client connected — total: 1
2026-07-03 17:06:02 [INFO    ] app.services.websocket.manager — Telemetry client connected — total: 1
2026-07-03 17:06:05 [INFO    ] app.services.video.manager — Starting new UdpTelemetryReceiver for JSON port 2
2026-07-03 17:06:05 [INFO    ] app.services.telemetry.udp_telemetry — UdpTelemetryReceiver listening on 0.0.0.0:2
2026-07-03 17:06:05 [INFO    ] app.services.video.manager — Starting new VideoReceiver for port 1
2026-07-03 17:06:05 [INFO    ] app.services.video.receiver — VideoReceiver created (Source: UDP)
2026-07-03 17:06:05 [INFO    ] app.services.video.receiver — VideoReceiver listening on UDP port 1
2026-07-03 17:06:05 [INFO    ] app.services.video.receiver — VideoReceiver thread started for udp
2026-07-03 17:06:05 [INFO    ] app.services.websocket.manager — Video client connected to port 1 — total for port: 1
2026-07-03 17:06:05 [INFO    ] app.services.video.manager — Broadcast loop started for port 1
2026-07-03 17:06:10 [INFO    ] app.services.websocket.manager — Video client disconnected from port 1 — remaining for port: 0
2026-07-03 17:06:10 [INFO    ] app.services.video.manager — Stopping VideoReceiver for port 1
2026-07-03 17:06:10 [INFO    ] app.services.video.receiver — VideoReceiver stopped
2026-07-03 17:06:10 [INFO    ] app.services.video.manager — Stopping UdpTelemetryReceiver for JSON port 2
2026-07-03 17:06:10 [INFO    ] app.services.telemetry.udp_telemetry — UdpTelemetryReceiver stopped.
2026-07-03 17:06:11 [INFO    ] app.services.video.manager — Starting new UdpTelemetryReceiver for JSON port 2
2026-07-03 17:06:11 [INFO    ] app.services.telemetry.udp_telemetry — UdpTelemetryReceiver listening on 0.0.0.0:2
2026-07-03 17:06:11 [INFO    ] app.services.video.manager — Starting new VideoReceiver for port 1001
2026-07-03 17:06:11 [INFO    ] app.services.video.receiver — VideoReceiver created (Source: UDP)
2026-07-03 17:06:11 [INFO    ] app.services.video.receiver — VideoReceiver listening on UDP port 1001
2026-07-03 17:06:11 [INFO    ] app.services.video.receiver — VideoReceiver thread started for udp
2026-07-03 17:06:11 [INFO    ] app.services.websocket.manager — Video client connected to port 1001 — total for port: 1
2026-07-03 17:06:11 [INFO    ] app.services.video.manager — Broadcast loop started for port 1001
2026-07-03 17:06:14 [INFO    ] app.services.websocket.manager — Video client disconnected from port 1001 — remaining for port: 0
2026-07-03 17:06:14 [INFO    ] app.services.video.manager — Stopping VideoReceiver for port 1001
2026-07-03 17:06:14 [INFO    ] app.services.video.receiver — VideoReceiver stopped
2026-07-03 17:06:14 [INFO    ] app.services.video.manager — Stopping UdpTelemetryReceiver for JSON port 2
2026-07-03 17:06:14 [INFO    ] app.services.telemetry.udp_telemetry — UdpTelemetryReceiver stopped.
2026-07-03 17:06:15 [INFO    ] app.services.video.manager — Starting new UdpTelemetryReceiver for JSON port 1001
2026-07-03 17:06:15 [INFO    ] app.services.telemetry.udp_telemetry — UdpTelemetryReceiver listening on 0.0.0.0:1001
2026-07-03 17:06:15 [INFO    ] app.services.video.manager — Starting new VideoReceiver for port 1001
2026-07-03 17:06:15 [INFO    ] app.services.video.receiver — VideoReceiver created (Source: UDP)
2026-07-03 17:06:15 [INFO    ] app.services.video.receiver — VideoReceiver listening on UDP port 1001
2026-07-03 17:06:15 [INFO    ] app.services.video.receiver — VideoReceiver thread started for udp
2026-07-03 17:06:15 [INFO    ] app.services.websocket.manager — Video client connected to port 1001 — total for port: 1
2026-07-03 17:06:15 [INFO    ] app.services.video.manager — Broadcast loop started for port 1001
2026-07-03 17:06:16 [INFO    ] app.services.websocket.manager — Video client disconnected from port 1001 — remaining for port: 0
2026-07-03 17:06:16 [INFO    ] app.services.video.manager — Stopping VideoReceiver for port 1001
2026-07-03 17:06:16 [INFO    ] app.services.video.receiver — VideoReceiver stopped
2026-07-03 17:06:16 [INFO    ] app.services.video.manager — Stopping UdpTelemetryReceiver for JSON port 1001
2026-07-03 17:06:16 [INFO    ] app.services.telemetry.udp_telemetry — UdpTelemetryReceiver stopped.
2026-07-03 17:06:16 [INFO    ] app.services.video.manager — Starting new UdpTelemetryReceiver for JSON port 1001
2026-07-03 17:06:16 [INFO    ] app.services.telemetry.udp_telemetry — UdpTelemetryReceiver listening on 0.0.0.0:1001
2026-07-03 17:06:16 [INFO    ] app.services.video.manager — Starting new VideoReceiver for port 1002
2026-07-03 17:06:16 [INFO    ] app.services.video.receiver — VideoReceiver created (Source: UDP)
2026-07-03 17:06:16 [INFO    ] app.services.video.receiver — VideoReceiver listening on UDP port 1002
2026-07-03 17:06:16 [INFO    ] app.services.video.receiver — VideoReceiver thread started for udp
2026-07-03 17:06:16 [INFO    ] app.services.websocket.manager — Video client connected to port 1002 — total for port: 1
2026-07-03 17:06:16 [INFO    ] app.services.video.manager — Broadcast loop started for port 1002
2026-07-03 17:41:56 [INFO    ] app.services.websocket.manager — Video client disconnected from port 1002 — remaining for port: 0
2026-07-03 17:41:56 [INFO    ] app.services.video.manager — Stopping VideoReceiver for port 1002
2026-07-03 17:41:56 [INFO    ] app.services.video.receiver — VideoReceiver stopped
2026-07-03 17:41:56 [INFO    ] app.services.video.manager — Stopping UdpTelemetryReceiver for JSON port 1001
2026-07-03 17:41:56 [INFO    ] app.services.telemetry.udp_telemetry — UdpTelemetryReceiver stopped.
2026-07-03 18:02:00 [INFO    ] app.services.websocket.manager — Telemetry client disconnected — remaining: 0
2026-07-03 18:02:00 [INFO    ] app.services.websocket.manager — System client disconnected — remaining: 0
2026-07-03 18:02:04 [INFO    ] app.services.websocket.manager — Telemetry client connected — total: 1
2026-07-03 18:02:04 [INFO    ] app.services.websocket.manager — System client connected — total: 1
2026-07-03 18:03:29 [INFO    ] app.services.websocket.manager — System client disconnected — remaining: 0
2026-07-03 18:03:29 [INFO    ] app.services.websocket.manager — Telemetry client disconnected — remaining: 0
2026-07-03 18:03:30 [INFO    ] app.main — Ground Station shutting down…
2026-07-03 18:03:30 [INFO    ] app.services.yolo.detector — YOLODetector stopped | total_inferences=28 | total_detections=27
2026-07-03 18:03:30 [INFO    ] app.main — Ground Station stopped.
2026-07-03 19:42:17 [INFO    ] app.services.video.manager — MultiStreamManager ready (fps_limit=30, jpeg_quality=80, yolo=enabled)
2026-07-03 19:42:17 [INFO    ] app.main — ═══════════════════════════════════════════
2026-07-03 19:42:17 [INFO    ] app.main —   UAV Ground Station starting up
2026-07-03 19:42:17 [INFO    ] app.main —   Web  port : 8000
2026-07-03 19:42:17 [INFO    ] app.main —   Host      : 0.0.0.0
2026-07-03 19:42:17 [INFO    ] app.main —   YOLO      : enabled
2026-07-03 19:42:17 [INFO    ] app.main — ═══════════════════════════════════════════
2026-07-03 19:42:17 [INFO    ] app.services.yolo.detector — Loading YOLO model: yolo11n.pt
2026-07-03 19:42:17 [INFO    ] app.services.yolo.detector — Class 'person' → ID 0
2026-07-03 19:42:17 [INFO    ] app.services.yolo.detector — YOLODetector started | model=yolo11n.pt | conf=0.40 | iou=0.45 | max_fps=10.0 | device='auto' | filter=[0] | ws_broadcast=enabled
2026-07-03 19:42:17 [INFO    ] app.services.yolo.detector — === Class list dari model 'yolo11n.pt' ===
2026-07-03 19:42:17 [INFO    ] app.services.yolo.detector —   [  0] person ← AKTIF
2026-07-03 19:42:17 [INFO    ] app.services.yolo.detector —   [  1] bicycle
2026-07-03 19:42:17 [INFO    ] app.services.yolo.detector —   [  2] car
2026-07-03 19:42:17 [INFO    ] app.services.yolo.detector —   [  3] motorcycle
2026-07-03 19:42:17 [INFO    ] app.services.yolo.detector —   [  4] airplane
2026-07-03 19:42:17 [INFO    ] app.services.yolo.detector —   [  5] bus
2026-07-03 19:42:17 [INFO    ] app.services.yolo.detector —   [  6] train
2026-07-03 19:42:17 [INFO    ] app.services.yolo.detector —   [  7] truck
2026-07-03 19:42:17 [INFO    ] app.services.yolo.detector —   [  8] boat
2026-07-03 19:42:17 [INFO    ] app.services.yolo.detector —   [  9] traffic light
2026-07-03 19:42:17 [INFO    ] app.services.yolo.detector —   [ 10] fire hydrant
2026-07-03 19:42:17 [INFO    ] app.services.yolo.detector —   [ 11] stop sign
2026-07-03 19:42:17 [INFO    ] app.services.yolo.detector —   [ 12] parking meter
2026-07-03 19:42:17 [INFO    ] app.services.yolo.detector —   [ 13] bench
2026-07-03 19:42:17 [INFO    ] app.services.yolo.detector —   [ 14] bird
2026-07-03 19:42:17 [INFO    ] app.services.yolo.detector —   [ 15] cat
2026-07-03 19:42:17 [INFO    ] app.services.yolo.detector —   [ 16] dog
2026-07-03 19:42:17 [INFO    ] app.services.yolo.detector —   [ 17] horse
2026-07-03 19:42:17 [INFO    ] app.services.yolo.detector —   [ 18] sheep
2026-07-03 19:42:17 [INFO    ] app.services.yolo.detector —   [ 19] cow
2026-07-03 19:42:17 [INFO    ] app.services.yolo.detector —   [ 20] elephant
2026-07-03 19:42:17 [INFO    ] app.services.yolo.detector —   [ 21] bear
2026-07-03 19:42:17 [INFO    ] app.services.yolo.detector —   [ 22] zebra
2026-07-03 19:42:17 [INFO    ] app.services.yolo.detector —   [ 23] giraffe
2026-07-03 19:42:17 [INFO    ] app.services.yolo.detector —   [ 24] backpack
2026-07-03 19:42:17 [INFO    ] app.services.yolo.detector —   [ 25] umbrella
2026-07-03 19:42:17 [INFO    ] app.services.yolo.detector —   [ 26] handbag
2026-07-03 19:42:17 [INFO    ] app.services.yolo.detector —   [ 27] tie
2026-07-03 19:42:17 [INFO    ] app.services.yolo.detector —   [ 28] suitcase
2026-07-03 19:42:17 [INFO    ] app.services.yolo.detector —   [ 29] frisbee
2026-07-03 19:42:17 [INFO    ] app.services.yolo.detector —   [ 30] skis
2026-07-03 19:42:17 [INFO    ] app.services.yolo.detector —   [ 31] snowboard
2026-07-03 19:42:17 [INFO    ] app.services.yolo.detector —   [ 32] sports ball
2026-07-03 19:42:17 [INFO    ] app.services.yolo.detector —   [ 33] kite
2026-07-03 19:42:17 [INFO    ] app.services.yolo.detector —   [ 34] baseball bat
2026-07-03 19:42:17 [INFO    ] app.services.yolo.detector —   [ 35] baseball glove
2026-07-03 19:42:17 [INFO    ] app.services.yolo.detector —   [ 36] skateboard
2026-07-03 19:42:17 [INFO    ] app.services.yolo.detector —   [ 37] surfboard
2026-07-03 19:42:17 [INFO    ] app.services.yolo.detector —   [ 38] tennis racket
2026-07-03 19:42:17 [INFO    ] app.services.yolo.detector —   [ 39] bottle
2026-07-03 19:42:17 [INFO    ] app.services.yolo.detector —   [ 40] wine glass
2026-07-03 19:42:17 [INFO    ] app.services.yolo.detector —   [ 41] cup
2026-07-03 19:42:17 [INFO    ] app.services.yolo.detector —   [ 42] fork
2026-07-03 19:42:17 [INFO    ] app.services.yolo.detector —   [ 43] knife
2026-07-03 19:42:17 [INFO    ] app.services.yolo.detector —   [ 44] spoon
2026-07-03 19:42:17 [INFO    ] app.services.yolo.detector —   [ 45] bowl
2026-07-03 19:42:17 [INFO    ] app.services.yolo.detector —   [ 46] banana
2026-07-03 19:42:17 [INFO    ] app.services.yolo.detector —   [ 47] apple
2026-07-03 19:42:17 [INFO    ] app.services.yolo.detector —   [ 48] sandwich
2026-07-03 19:42:17 [INFO    ] app.services.yolo.detector —   [ 49] orange
2026-07-03 19:42:17 [INFO    ] app.services.yolo.detector —   [ 50] broccoli
2026-07-03 19:42:17 [INFO    ] app.services.yolo.detector —   [ 51] carrot
2026-07-03 19:42:17 [INFO    ] app.services.yolo.detector —   [ 52] hot dog
2026-07-03 19:42:17 [INFO    ] app.services.yolo.detector —   [ 53] pizza
2026-07-03 19:42:17 [INFO    ] app.services.yolo.detector —   [ 54] donut
2026-07-03 19:42:17 [INFO    ] app.services.yolo.detector —   [ 55] cake
2026-07-03 19:42:17 [INFO    ] app.services.yolo.detector —   [ 56] chair
2026-07-03 19:42:17 [INFO    ] app.services.yolo.detector —   [ 57] couch
2026-07-03 19:42:17 [INFO    ] app.services.yolo.detector —   [ 58] potted plant
2026-07-03 19:42:17 [INFO    ] app.services.yolo.detector —   [ 59] bed
2026-07-03 19:42:17 [INFO    ] app.services.yolo.detector —   [ 60] dining table
2026-07-03 19:42:17 [INFO    ] app.services.yolo.detector —   [ 61] toilet
2026-07-03 19:42:17 [INFO    ] app.services.yolo.detector —   [ 62] tv
2026-07-03 19:42:17 [INFO    ] app.services.yolo.detector —   [ 63] laptop
2026-07-03 19:42:17 [INFO    ] app.services.yolo.detector —   [ 64] mouse
2026-07-03 19:42:17 [INFO    ] app.services.yolo.detector —   [ 65] remote
2026-07-03 19:42:17 [INFO    ] app.services.yolo.detector —   [ 66] keyboard
2026-07-03 19:42:17 [INFO    ] app.services.yolo.detector —   [ 67] cell phone
2026-07-03 19:42:17 [INFO    ] app.services.yolo.detector —   [ 68] microwave
2026-07-03 19:42:17 [INFO    ] app.services.yolo.detector —   [ 69] oven
2026-07-03 19:42:17 [INFO    ] app.services.yolo.detector —   [ 70] toaster
2026-07-03 19:42:17 [INFO    ] app.services.yolo.detector —   [ 71] sink
2026-07-03 19:42:17 [INFO    ] app.services.yolo.detector —   [ 72] refrigerator
2026-07-03 19:42:17 [INFO    ] app.services.yolo.detector —   [ 73] book
2026-07-03 19:42:17 [INFO    ] app.services.yolo.detector —   [ 74] clock
2026-07-03 19:42:17 [INFO    ] app.services.yolo.detector —   [ 75] vase
2026-07-03 19:42:17 [INFO    ] app.services.yolo.detector —   [ 76] scissors
2026-07-03 19:42:18 [INFO    ] app.services.yolo.detector —   [ 77] teddy bear
2026-07-03 19:42:18 [INFO    ] app.services.yolo.detector —   [ 78] hair drier
2026-07-03 19:42:18 [INFO    ] app.services.yolo.detector —   [ 79] toothbrush
2026-07-03 19:42:18 [INFO    ] app.services.yolo.detector — Filter aktif: [0]
2026-07-03 19:42:18 [INFO    ] app.main — YOLODetector started (model=yolo11n.pt)
2026-07-03 19:42:18 [INFO    ] app.main — Ground Station ready — open http://0.0.0.0:8000
2026-07-03 19:42:20 [INFO    ] app.services.websocket.manager — System client connected — total: 1
2026-07-03 19:42:20 [INFO    ] app.services.websocket.manager — Telemetry client connected — total: 1
2026-07-03 19:45:38 [INFO    ] app.services.websocket.manager — Telemetry client disconnected — remaining: 0
2026-07-03 19:45:38 [INFO    ] app.services.websocket.manager — System client disconnected — remaining: 0
2026-07-03 19:45:39 [INFO    ] app.services.websocket.manager — System client connected — total: 1
2026-07-03 19:45:39 [INFO    ] app.services.websocket.manager — Telemetry client connected — total: 1
2026-07-03 19:45:40 [INFO    ] app.services.websocket.manager — Telemetry client disconnected — remaining: 0
2026-07-03 19:45:40 [INFO    ] app.services.websocket.manager — System client disconnected — remaining: 0
2026-07-03 19:45:40 [INFO    ] app.services.websocket.manager — System client connected — total: 1
2026-07-03 19:45:40 [INFO    ] app.services.websocket.manager — Telemetry client connected — total: 1
2026-07-03 19:46:29 [INFO    ] app.services.video.manager — Starting new UdpTelemetryReceiver for JSON port 1002
2026-07-03 19:46:29 [INFO    ] app.services.telemetry.udp_telemetry — UdpTelemetryReceiver listening on 0.0.0.0:1002
2026-07-03 19:46:29 [INFO    ] app.services.video.manager — Starting new VideoReceiver for port 1001
2026-07-03 19:46:29 [INFO    ] app.services.video.receiver — VideoReceiver created (Source: UDP)
2026-07-03 19:46:29 [INFO    ] app.services.video.receiver — VideoReceiver listening on UDP port 1001
2026-07-03 19:46:29 [INFO    ] app.services.video.receiver — VideoReceiver thread started for udp
2026-07-03 19:46:29 [INFO    ] app.services.websocket.manager — Video client connected to port 1001 — total for port: 1
2026-07-03 19:46:29 [INFO    ] app.services.video.manager — Broadcast loop started for port 1001
2026-07-03 19:46:31 [INFO    ] app.services.websocket.manager — Video client disconnected from port 1001 — remaining for port: 0
2026-07-03 19:46:31 [INFO    ] app.services.video.manager — Stopping VideoReceiver for port 1001
2026-07-03 19:46:31 [INFO    ] app.services.video.receiver — VideoReceiver stopped
2026-07-03 19:46:31 [INFO    ] app.services.video.manager — Stopping UdpTelemetryReceiver for JSON port 1002
2026-07-03 19:46:31 [INFO    ] app.services.telemetry.udp_telemetry — UdpTelemetryReceiver stopped.
2026-07-03 19:49:16 [INFO    ] app.services.websocket.manager — System client disconnected — remaining: 0
2026-07-03 19:49:16 [INFO    ] app.services.websocket.manager — Telemetry client disconnected — remaining: 0
2026-07-03 19:49:16 [INFO    ] app.services.websocket.manager — System client connected — total: 1
2026-07-03 19:49:16 [INFO    ] app.services.websocket.manager — Telemetry client connected — total: 1
2026-07-03 19:49:17 [INFO    ] app.services.websocket.manager — System client disconnected — remaining: 0
2026-07-03 19:49:17 [INFO    ] app.services.websocket.manager — Telemetry client disconnected — remaining: 0
2026-07-03 19:49:17 [INFO    ] app.services.websocket.manager — System client connected — total: 1
2026-07-03 19:49:17 [INFO    ] app.services.websocket.manager — Telemetry client connected — total: 1
2026-07-03 19:49:18 [INFO    ] app.services.websocket.manager — System client disconnected — remaining: 0
2026-07-03 19:49:18 [INFO    ] app.services.websocket.manager — Telemetry client disconnected — remaining: 0
2026-07-03 19:49:18 [INFO    ] app.services.websocket.manager — System client connected — total: 1
2026-07-03 19:49:18 [INFO    ] app.services.websocket.manager — Telemetry client connected — total: 1
2026-07-03 19:49:19 [INFO    ] app.services.websocket.manager — System client disconnected — remaining: 0
2026-07-03 19:49:19 [INFO    ] app.services.websocket.manager — Telemetry client disconnected — remaining: 0
2026-07-03 19:49:20 [INFO    ] app.services.websocket.manager — System client connected — total: 1
2026-07-03 19:49:20 [INFO    ] app.services.websocket.manager — Telemetry client connected — total: 1
2026-07-03 19:49:20 [INFO    ] app.services.websocket.manager — System client disconnected — remaining: 0
2026-07-03 19:49:20 [INFO    ] app.services.websocket.manager — Telemetry client disconnected — remaining: 0
2026-07-03 19:49:21 [INFO    ] app.services.websocket.manager — System client connected — total: 1
2026-07-03 19:49:21 [INFO    ] app.services.websocket.manager — Telemetry client connected — total: 1
2026-07-03 19:49:21 [INFO    ] app.services.websocket.manager — System client disconnected — remaining: 0
2026-07-03 19:49:21 [INFO    ] app.services.websocket.manager — Telemetry client disconnected — remaining: 0
2026-07-03 19:49:21 [INFO    ] app.services.websocket.manager — System client connected — total: 1
2026-07-03 19:49:21 [INFO    ] app.services.websocket.manager — Telemetry client connected — total: 1
2026-07-03 19:49:22 [INFO    ] app.services.websocket.manager — System client disconnected — remaining: 0
2026-07-03 19:49:22 [INFO    ] app.services.websocket.manager — Telemetry client disconnected — remaining: 0
2026-07-03 19:49:22 [INFO    ] app.services.websocket.manager — System client connected — total: 1
2026-07-03 19:49:22 [INFO    ] app.services.websocket.manager — Telemetry client connected — total: 1
2026-07-03 19:49:23 [INFO    ] app.services.websocket.manager — System client disconnected — remaining: 0
2026-07-03 19:49:23 [INFO    ] app.services.websocket.manager — Telemetry client disconnected — remaining: 0
2026-07-03 19:49:23 [INFO    ] app.services.websocket.manager — System client connected — total: 1
2026-07-03 19:49:23 [INFO    ] app.services.websocket.manager — Telemetry client connected — total: 1
2026-07-03 19:50:30 [INFO    ] app.services.websocket.manager — Telemetry client disconnected — remaining: 0
2026-07-03 19:50:30 [INFO    ] app.services.websocket.manager — System client disconnected — remaining: 0
2026-07-03 19:50:31 [INFO    ] app.services.websocket.manager — System client connected — total: 1
2026-07-03 19:50:31 [INFO    ] app.services.websocket.manager — Telemetry client connected — total: 1
2026-07-03 19:50:31 [INFO    ] app.services.websocket.manager — System client disconnected — remaining: 0
2026-07-03 19:50:31 [INFO    ] app.services.websocket.manager — Telemetry client disconnected — remaining: 0
2026-07-03 19:50:32 [INFO    ] app.services.websocket.manager — System client connected — total: 1
2026-07-03 19:50:32 [INFO    ] app.services.websocket.manager — Telemetry client connected — total: 1
2026-07-03 19:50:33 [INFO    ] app.services.mavlink.connection — Connecting to MAVLink at tcp:100.121.12.16:5760
2026-07-03 19:50:36 [ERROR   ] app.services.mavlink.connection — Failed to connect to tcp:100.121.12.16:5760: Connection timed out (host unreachable)
2026-07-03 19:50:36 [ERROR   ] app.services.mavlink.telemetry_bridge — Failed to connect slot 1: Connection timed out (host unreachable)
2026-07-03 19:50:43 [INFO    ] app.services.websocket.manager — System client disconnected — remaining: 0
2026-07-03 19:50:43 [INFO    ] app.services.websocket.manager — Telemetry client disconnected — remaining: 0
2026-07-03 19:50:43 [INFO    ] app.main — Ground Station shutting down…
2026-07-03 19:50:43 [INFO    ] app.services.yolo.detector — YOLODetector stopped | total_inferences=0 | total_detections=0
2026-07-03 19:50:43 [INFO    ] app.main — Ground Station stopped.
2026-07-03 19:50:43 [ERROR   ] asyncio — Exception in callback MavlinkTCPConnection.connect.<locals>.<lambda>() at C:\Users\M S I\Documents\BIMA\ground_station\ground_station\app\services\mavlink\connection.py:48
handle: <Handle MavlinkTCPConnection.connect.<locals>.<lambda>() at C:\Users\M S I\Documents\BIMA\ground_station\ground_station\app\services\mavlink\connection.py:48>
Traceback (most recent call last):
  File "C:\Users\M S I\AppData\Local\Programs\Python\Python313\Lib\asyncio\runners.py", line 118, in run
    return self._loop.run_until_complete(task)
           ~~~~~~~~~~~~~~~~~~~~~~~~~~~~~^^^^^^
  File "C:\Users\M S I\AppData\Local\Programs\Python\Python313\Lib\asyncio\base_events.py", line 721, in run_until_complete
    return future.result()
           ~~~~~~~~~~~~~^^
asyncio.exceptions.CancelledError

During handling of the above exception, another exception occurred:

Traceback (most recent call last):
  File "C:\Users\M S I\AppData\Local\Programs\Python\Python313\Lib\asyncio\runners.py", line 194, in run
    return runner.run(main)
           ~~~~~~~~~~^^^^^^
  File "C:\Users\M S I\AppData\Local\Programs\Python\Python313\Lib\asyncio\runners.py", line 123, in run
    raise KeyboardInterrupt()
KeyboardInterrupt

During handling of the above exception, another exception occurred:

Traceback (most recent call last):
  File "C:\Users\M S I\AppData\Local\Programs\Python\Python313\Lib\asyncio\events.py", line 89, in _run
    self._context.run(self._callback, *self._args)
    ~~~~~~~~~~~~~~~~~^^^^^^^^^^^^^^^^^^^^^^^^^^^^^
  File "C:\Users\M S I\Documents\BIMA\ground_station\ground_station\app\services\mavlink\connection.py", line 48, in <lambda>
    task.add_done_callback(lambda t: t.exception())
                                     ~~~~~~~~~~~^^
  File "C:\Users\M S I\AppData\Local\Programs\Python\Python313\Lib\asyncio\threads.py", line 25, in to_thread
    return await loop.run_in_executor(None, func_call)
           ^^^^^^^^^^^^^^^^^^^^^^^^^^^^^^^^^^^^^^^^^^^
asyncio.exceptions.CancelledError
2026-07-03 19:50:57 [INFO    ] app.services.video.manager — MultiStreamManager ready (fps_limit=30, jpeg_quality=80, yolo=enabled)
2026-07-03 19:50:57 [INFO    ] app.main — ═══════════════════════════════════════════
2026-07-03 19:50:57 [INFO    ] app.main —   UAV Ground Station starting up
2026-07-03 19:50:57 [INFO    ] app.main —   Web  port : 8000
2026-07-03 19:50:57 [INFO    ] app.main —   Host      : 0.0.0.0
2026-07-03 19:50:57 [INFO    ] app.main —   YOLO      : enabled
2026-07-03 19:50:57 [INFO    ] app.main — ═══════════════════════════════════════════
2026-07-03 19:50:57 [INFO    ] app.services.yolo.detector — Loading YOLO model: yolo11n.pt
2026-07-03 19:50:57 [INFO    ] app.services.yolo.detector — Class 'person' → ID 0
2026-07-03 19:50:57 [INFO    ] app.services.yolo.detector — YOLODetector started | model=yolo11n.pt | conf=0.40 | iou=0.45 | max_fps=10.0 | device='auto' | filter=[0] | ws_broadcast=enabled
2026-07-03 19:50:57 [INFO    ] app.services.yolo.detector — === Class list dari model 'yolo11n.pt' ===
2026-07-03 19:50:57 [INFO    ] app.services.yolo.detector —   [  0] person ← AKTIF
2026-07-03 19:50:57 [INFO    ] app.services.yolo.detector —   [  1] bicycle
2026-07-03 19:50:57 [INFO    ] app.services.yolo.detector —   [  2] car
2026-07-03 19:50:57 [INFO    ] app.services.yolo.detector —   [  3] motorcycle
2026-07-03 19:50:57 [INFO    ] app.services.yolo.detector —   [  4] airplane
2026-07-03 19:50:57 [INFO    ] app.services.yolo.detector —   [  5] bus
2026-07-03 19:50:57 [INFO    ] app.services.yolo.detector —   [  6] train
2026-07-03 19:50:57 [INFO    ] app.services.yolo.detector —   [  7] truck
2026-07-03 19:50:57 [INFO    ] app.services.yolo.detector —   [  8] boat
2026-07-03 19:50:57 [INFO    ] app.services.yolo.detector —   [  9] traffic light
2026-07-03 19:50:57 [INFO    ] app.services.yolo.detector —   [ 10] fire hydrant
2026-07-03 19:50:57 [INFO    ] app.services.yolo.detector —   [ 11] stop sign
2026-07-03 19:50:57 [INFO    ] app.services.yolo.detector —   [ 12] parking meter
2026-07-03 19:50:57 [INFO    ] app.services.yolo.detector —   [ 13] bench
2026-07-03 19:50:57 [INFO    ] app.services.yolo.detector —   [ 14] bird
2026-07-03 19:50:57 [INFO    ] app.services.yolo.detector —   [ 15] cat
2026-07-03 19:50:57 [INFO    ] app.services.yolo.detector —   [ 16] dog
2026-07-03 19:50:57 [INFO    ] app.services.yolo.detector —   [ 17] horse
2026-07-03 19:50:57 [INFO    ] app.services.yolo.detector —   [ 18] sheep
2026-07-03 19:50:57 [INFO    ] app.services.yolo.detector —   [ 19] cow
2026-07-03 19:50:57 [INFO    ] app.services.yolo.detector —   [ 20] elephant
2026-07-03 19:50:57 [INFO    ] app.services.yolo.detector —   [ 21] bear
2026-07-03 19:50:57 [INFO    ] app.services.yolo.detector —   [ 22] zebra
2026-07-03 19:50:57 [INFO    ] app.services.yolo.detector —   [ 23] giraffe
2026-07-03 19:50:57 [INFO    ] app.services.yolo.detector —   [ 24] backpack
2026-07-03 19:50:57 [INFO    ] app.services.yolo.detector —   [ 25] umbrella
2026-07-03 19:50:57 [INFO    ] app.services.yolo.detector —   [ 26] handbag
2026-07-03 19:50:57 [INFO    ] app.services.yolo.detector —   [ 27] tie
2026-07-03 19:50:57 [INFO    ] app.services.yolo.detector —   [ 28] suitcase
2026-07-03 19:50:57 [INFO    ] app.services.yolo.detector —   [ 29] frisbee
2026-07-03 19:50:57 [INFO    ] app.services.yolo.detector —   [ 30] skis
2026-07-03 19:50:57 [INFO    ] app.services.yolo.detector —   [ 31] snowboard
2026-07-03 19:50:57 [INFO    ] app.services.yolo.detector —   [ 32] sports ball
2026-07-03 19:50:57 [INFO    ] app.services.yolo.detector —   [ 33] kite
2026-07-03 19:50:57 [INFO    ] app.services.yolo.detector —   [ 34] baseball bat
2026-07-03 19:50:57 [INFO    ] app.services.yolo.detector —   [ 35] baseball glove
2026-07-03 19:50:57 [INFO    ] app.services.yolo.detector —   [ 36] skateboard
2026-07-03 19:50:57 [INFO    ] app.services.yolo.detector —   [ 37] surfboard
2026-07-03 19:50:57 [INFO    ] app.services.yolo.detector —   [ 38] tennis racket
2026-07-03 19:50:57 [INFO    ] app.services.yolo.detector —   [ 39] bottle
2026-07-03 19:50:57 [INFO    ] app.services.yolo.detector —   [ 40] wine glass
2026-07-03 19:50:57 [INFO    ] app.services.yolo.detector —   [ 41] cup
2026-07-03 19:50:57 [INFO    ] app.services.yolo.detector —   [ 42] fork
2026-07-03 19:50:57 [INFO    ] app.services.yolo.detector —   [ 43] knife
2026-07-03 19:50:57 [INFO    ] app.services.yolo.detector —   [ 44] spoon
2026-07-03 19:50:57 [INFO    ] app.services.yolo.detector —   [ 45] bowl
2026-07-03 19:50:57 [INFO    ] app.services.yolo.detector —   [ 46] banana
2026-07-03 19:50:57 [INFO    ] app.services.yolo.detector —   [ 47] apple
2026-07-03 19:50:57 [INFO    ] app.services.yolo.detector —   [ 48] sandwich
2026-07-03 19:50:57 [INFO    ] app.services.yolo.detector —   [ 49] orange
2026-07-03 19:50:57 [INFO    ] app.services.yolo.detector —   [ 50] broccoli
2026-07-03 19:50:57 [INFO    ] app.services.yolo.detector —   [ 51] carrot
2026-07-03 19:50:57 [INFO    ] app.services.yolo.detector —   [ 52] hot dog
2026-07-03 19:50:57 [INFO    ] app.services.yolo.detector —   [ 53] pizza
2026-07-03 19:50:57 [INFO    ] app.services.yolo.detector —   [ 54] donut
2026-07-03 19:50:57 [INFO    ] app.services.yolo.detector —   [ 55] cake
2026-07-03 19:50:57 [INFO    ] app.services.yolo.detector —   [ 56] chair
2026-07-03 19:50:57 [INFO    ] app.services.yolo.detector —   [ 57] couch
2026-07-03 19:50:57 [INFO    ] app.services.yolo.detector —   [ 58] potted plant
2026-07-03 19:50:57 [INFO    ] app.services.yolo.detector —   [ 59] bed
2026-07-03 19:50:57 [INFO    ] app.services.yolo.detector —   [ 60] dining table
2026-07-03 19:50:57 [INFO    ] app.services.yolo.detector —   [ 61] toilet
2026-07-03 19:50:57 [INFO    ] app.services.yolo.detector —   [ 62] tv
2026-07-03 19:50:57 [INFO    ] app.services.yolo.detector —   [ 63] laptop
2026-07-03 19:50:57 [INFO    ] app.services.yolo.detector —   [ 64] mouse
2026-07-03 19:50:57 [INFO    ] app.services.yolo.detector —   [ 65] remote
2026-07-03 19:50:57 [INFO    ] app.services.yolo.detector —   [ 66] keyboard
2026-07-03 19:50:57 [INFO    ] app.services.yolo.detector —   [ 67] cell phone
2026-07-03 19:50:57 [INFO    ] app.services.yolo.detector —   [ 68] microwave
2026-07-03 19:50:57 [INFO    ] app.services.yolo.detector —   [ 69] oven
2026-07-03 19:50:57 [INFO    ] app.services.yolo.detector —   [ 70] toaster
2026-07-03 19:50:57 [INFO    ] app.services.yolo.detector —   [ 71] sink
2026-07-03 19:50:57 [INFO    ] app.services.yolo.detector —   [ 72] refrigerator
2026-07-03 19:50:57 [INFO    ] app.services.yolo.detector —   [ 73] book
2026-07-03 19:50:57 [INFO    ] app.services.yolo.detector —   [ 74] clock
2026-07-03 19:50:57 [INFO    ] app.services.yolo.detector —   [ 75] vase
2026-07-03 19:50:57 [INFO    ] app.services.yolo.detector —   [ 76] scissors
2026-07-03 19:50:57 [INFO    ] app.services.yolo.detector —   [ 77] teddy bear
2026-07-03 19:50:57 [INFO    ] app.services.yolo.detector —   [ 78] hair drier
2026-07-03 19:50:57 [INFO    ] app.services.yolo.detector —   [ 79] toothbrush
2026-07-03 19:50:57 [INFO    ] app.services.yolo.detector — Filter aktif: [0]
2026-07-03 19:50:57 [INFO    ] app.main — YOLODetector started (model=yolo11n.pt)
2026-07-03 19:50:57 [INFO    ] app.main — Ground Station ready — open http://0.0.0.0:8000
2026-07-03 19:50:57 [INFO    ] app.services.websocket.manager — Telemetry client connected — total: 1
2026-07-03 19:50:59 [INFO    ] app.services.websocket.manager — System client connected — total: 1
2026-07-03 19:51:09 [INFO    ] app.services.websocket.manager — Telemetry client disconnected — remaining: 0
2026-07-03 19:51:09 [INFO    ] app.services.websocket.manager — System client disconnected — remaining: 0
2026-07-03 19:51:09 [INFO    ] app.services.websocket.manager — System client connected — total: 1
2026-07-03 19:51:09 [INFO    ] app.services.websocket.manager — Telemetry client connected — total: 1
2026-07-03 19:51:10 [INFO    ] app.services.mavlink.connection — Connecting to MAVLink at tcp:100.121.12.16:5760
2026-07-03 19:51:11 [INFO    ] app.services.websocket.manager — Telemetry client disconnected — remaining: 0
2026-07-03 19:51:11 [INFO    ] app.services.websocket.manager — System client disconnected — remaining: 0
2026-07-03 19:51:11 [INFO    ] app.services.websocket.manager — System client connected — total: 1
2026-07-03 19:51:11 [INFO    ] app.services.websocket.manager — Telemetry client connected — total: 1
2026-07-03 19:51:11 [INFO    ] app.services.mavlink.connection — Connecting to MAVLink at tcp:100.121.12.16:5760
2026-07-03 19:51:12 [INFO    ] app.services.video.manager — Starting new UdpTelemetryReceiver for JSON port 2
2026-07-03 19:51:12 [INFO    ] app.services.telemetry.udp_telemetry — UdpTelemetryReceiver listening on 0.0.0.0:2
2026-07-03 19:51:12 [INFO    ] app.services.video.manager — Starting new VideoReceiver for port 1
2026-07-03 19:51:12 [INFO    ] app.services.video.receiver — VideoReceiver created (Source: UDP)
2026-07-03 19:51:12 [INFO    ] app.services.video.receiver — VideoReceiver listening on UDP port 1
2026-07-03 19:51:12 [INFO    ] app.services.video.receiver — VideoReceiver thread started for udp
2026-07-03 19:51:12 [INFO    ] app.services.websocket.manager — Video client connected to port 1 — total for port: 1
2026-07-03 19:51:12 [INFO    ] app.services.video.manager — Broadcast loop started for port 1
2026-07-03 19:51:12 [INFO    ] app.services.websocket.manager — Telemetry client disconnected — remaining: 0
2026-07-03 19:51:12 [INFO    ] app.services.websocket.manager — System client disconnected — remaining: 0
2026-07-03 19:51:12 [INFO    ] app.services.websocket.manager — Video client disconnected from port 1 — remaining for port: 0
2026-07-03 19:51:12 [INFO    ] app.services.video.manager — Stopping VideoReceiver for port 1
2026-07-03 19:51:12 [INFO    ] app.services.video.receiver — VideoReceiver stopped
2026-07-03 19:51:12 [INFO    ] app.services.video.manager — Stopping UdpTelemetryReceiver for JSON port 2
2026-07-03 19:51:12 [INFO    ] app.services.telemetry.udp_telemetry — UdpTelemetryReceiver stopped.
2026-07-03 19:51:13 [ERROR   ] app.services.mavlink.connection — Failed to connect to tcp:100.121.12.16:5760: Connection timed out (host unreachable)
2026-07-03 19:51:13 [ERROR   ] app.services.mavlink.telemetry_bridge — Failed to connect slot 1: Connection timed out (host unreachable)
2026-07-03 19:51:14 [ERROR   ] app.services.mavlink.connection — Failed to connect to tcp:100.121.12.16:5760: Connection timed out (host unreachable)
2026-07-03 19:51:14 [ERROR   ] app.services.mavlink.telemetry_bridge — Failed to connect slot 1: Connection timed out (host unreachable)
2026-07-03 19:51:20 [INFO    ] app.services.websocket.manager — System client connected — total: 1
2026-07-03 19:51:20 [INFO    ] app.services.websocket.manager — Telemetry client connected — total: 1
2026-07-03 19:51:43 [INFO    ] app.services.mavlink.connection — Connecting to MAVLink at tcp:100.121.12.16:5760
2026-07-03 19:51:43 [INFO    ] app.services.video.manager — Starting new UdpTelemetryReceiver for JSON port 2
2026-07-03 19:51:43 [INFO    ] app.services.telemetry.udp_telemetry — UdpTelemetryReceiver listening on 0.0.0.0:2
2026-07-03 19:51:43 [INFO    ] app.services.video.manager — Starting new VideoReceiver for port 1
2026-07-03 19:51:43 [INFO    ] app.services.video.receiver — VideoReceiver created (Source: UDP)
2026-07-03 19:51:43 [INFO    ] app.services.video.receiver — VideoReceiver listening on UDP port 1
2026-07-03 19:51:43 [INFO    ] app.services.video.receiver — VideoReceiver thread started for udp
2026-07-03 19:51:43 [INFO    ] app.services.websocket.manager — Video client connected to port 1 — total for port: 1
2026-07-03 19:51:43 [INFO    ] app.services.video.manager — Broadcast loop started for port 1
2026-07-03 19:51:46 [ERROR   ] app.services.mavlink.connection — Failed to connect to tcp:100.121.12.16:5760: Connection timed out (host unreachable)
2026-07-03 19:51:46 [ERROR   ] app.services.mavlink.telemetry_bridge — Failed to connect slot 1: Connection timed out (host unreachable)
2026-07-03 19:51:51 [INFO    ] app.services.websocket.manager — System client disconnected — remaining: 0
2026-07-03 19:51:51 [INFO    ] app.services.websocket.manager — Telemetry client disconnected — remaining: 0
2026-07-03 19:51:51 [INFO    ] app.services.websocket.manager — Video client disconnected from port 1 — remaining for port: 0
2026-07-03 19:51:51 [INFO    ] app.services.video.manager — Stopping VideoReceiver for port 1
2026-07-03 19:51:51 [INFO    ] app.services.video.receiver — VideoReceiver stopped
2026-07-03 19:51:51 [INFO    ] app.services.video.manager — Stopping UdpTelemetryReceiver for JSON port 2
2026-07-03 19:51:51 [INFO    ] app.services.telemetry.udp_telemetry — UdpTelemetryReceiver stopped.
2026-07-03 19:52:03 [INFO    ] app.services.websocket.manager — System client connected — total: 1
2026-07-03 19:52:03 [INFO    ] app.services.websocket.manager — Telemetry client connected — total: 1
2026-07-03 20:27:35 [INFO    ] app.services.websocket.manager — System client disconnected — remaining: 0
2026-07-03 20:27:35 [INFO    ] app.services.websocket.manager — Telemetry client disconnected — remaining: 0
2026-07-03 20:30:00 [INFO    ] app.services.websocket.manager — System client connected — total: 1
2026-07-03 20:30:00 [INFO    ] app.services.websocket.manager — Telemetry client connected — total: 1
2026-07-03 20:41:48 [INFO    ] app.services.websocket.manager — System client disconnected — remaining: 0
2026-07-03 20:41:48 [INFO    ] app.services.websocket.manager — Telemetry client disconnected — remaining: 0
2026-07-06 15:15:52 [INFO    ] app.services.video.manager — MultiStreamManager ready (fps_limit=30, jpeg_quality=80, yolo=enabled)
2026-07-06 15:15:52 [INFO    ] app.main — ═══════════════════════════════════════════
2026-07-06 15:15:52 [INFO    ] app.main —   UAV Ground Station starting up
2026-07-06 15:15:52 [INFO    ] app.main —   Web  port : 8000
2026-07-06 15:15:52 [INFO    ] app.main —   Host      : 0.0.0.0
2026-07-06 15:15:52 [INFO    ] app.main —   YOLO      : enabled
2026-07-06 15:15:52 [INFO    ] app.main — ═══════════════════════════════════════════
2026-07-06 15:15:52 [INFO    ] app.services.yolo.detector — Loading YOLO model: yolo11n.pt
2026-07-06 15:15:53 [INFO    ] app.services.yolo.detector — Class 'person' → ID 0
2026-07-06 15:15:53 [INFO    ] app.services.yolo.detector — YOLODetector started | model=yolo11n.pt | conf=0.40 | iou=0.45 | max_fps=10.0 | device='auto' | filter=[0] | ws_broadcast=enabled
2026-07-06 15:15:53 [INFO    ] app.services.yolo.detector — === Class list dari model 'yolo11n.pt' ===
2026-07-06 15:15:53 [INFO    ] app.services.yolo.detector —   [  0] person ← AKTIF
2026-07-06 15:15:53 [INFO    ] app.services.yolo.detector —   [  1] bicycle
2026-07-06 15:15:53 [INFO    ] app.services.yolo.detector —   [  2] car
2026-07-06 15:15:53 [INFO    ] app.services.yolo.detector —   [  3] motorcycle
2026-07-06 15:15:53 [INFO    ] app.services.yolo.detector —   [  4] airplane
2026-07-06 15:15:53 [INFO    ] app.services.yolo.detector —   [  5] bus
2026-07-06 15:15:53 [INFO    ] app.services.yolo.detector —   [  6] train
2026-07-06 15:15:53 [INFO    ] app.services.yolo.detector —   [  7] truck
2026-07-06 15:15:53 [INFO    ] app.services.yolo.detector —   [  8] boat
2026-07-06 15:15:53 [INFO    ] app.services.yolo.detector —   [  9] traffic light
2026-07-06 15:15:53 [INFO    ] app.services.yolo.detector —   [ 10] fire hydrant
2026-07-06 15:15:53 [INFO    ] app.services.yolo.detector —   [ 11] stop sign
2026-07-06 15:15:53 [INFO    ] app.services.yolo.detector —   [ 12] parking meter
2026-07-06 15:15:53 [INFO    ] app.services.yolo.detector —   [ 13] bench
2026-07-06 15:15:53 [INFO    ] app.services.yolo.detector —   [ 14] bird
2026-07-06 15:15:53 [INFO    ] app.services.yolo.detector —   [ 15] cat
2026-07-06 15:15:53 [INFO    ] app.services.yolo.detector —   [ 16] dog
2026-07-06 15:15:53 [INFO    ] app.services.yolo.detector —   [ 17] horse
2026-07-06 15:15:53 [INFO    ] app.services.yolo.detector —   [ 18] sheep
2026-07-06 15:15:53 [INFO    ] app.services.yolo.detector —   [ 19] cow
2026-07-06 15:15:53 [INFO    ] app.services.yolo.detector —   [ 20] elephant
2026-07-06 15:15:53 [INFO    ] app.services.yolo.detector —   [ 21] bear
2026-07-06 15:15:53 [INFO    ] app.services.yolo.detector —   [ 22] zebra
2026-07-06 15:15:53 [INFO    ] app.services.yolo.detector —   [ 23] giraffe
2026-07-06 15:15:53 [INFO    ] app.services.yolo.detector —   [ 24] backpack
2026-07-06 15:15:53 [INFO    ] app.services.yolo.detector —   [ 25] umbrella
2026-07-06 15:15:53 [INFO    ] app.services.yolo.detector —   [ 26] handbag
2026-07-06 15:15:53 [INFO    ] app.services.yolo.detector —   [ 27] tie
2026-07-06 15:15:53 [INFO    ] app.services.yolo.detector —   [ 28] suitcase
2026-07-06 15:15:53 [INFO    ] app.services.yolo.detector —   [ 29] frisbee
2026-07-06 15:15:53 [INFO    ] app.services.yolo.detector —   [ 30] skis
2026-07-06 15:15:53 [INFO    ] app.services.yolo.detector —   [ 31] snowboard
2026-07-06 15:15:53 [INFO    ] app.services.yolo.detector —   [ 32] sports ball
2026-07-06 15:15:53 [INFO    ] app.services.yolo.detector —   [ 33] kite
2026-07-06 15:15:53 [INFO    ] app.services.yolo.detector —   [ 34] baseball bat
2026-07-06 15:15:53 [INFO    ] app.services.yolo.detector —   [ 35] baseball glove
2026-07-06 15:15:53 [INFO    ] app.services.yolo.detector —   [ 36] skateboard
2026-07-06 15:15:53 [INFO    ] app.services.yolo.detector —   [ 37] surfboard
2026-07-06 15:15:53 [INFO    ] app.services.yolo.detector —   [ 38] tennis racket
2026-07-06 15:15:53 [INFO    ] app.services.yolo.detector —   [ 39] bottle
2026-07-06 15:15:53 [INFO    ] app.services.yolo.detector —   [ 40] wine glass
2026-07-06 15:15:53 [INFO    ] app.services.yolo.detector —   [ 41] cup
2026-07-06 15:15:53 [INFO    ] app.services.yolo.detector —   [ 42] fork
2026-07-06 15:15:53 [INFO    ] app.services.yolo.detector —   [ 43] knife
2026-07-06 15:15:53 [INFO    ] app.services.yolo.detector —   [ 44] spoon
2026-07-06 15:15:53 [INFO    ] app.services.yolo.detector —   [ 45] bowl
2026-07-06 15:15:53 [INFO    ] app.services.yolo.detector —   [ 46] banana
2026-07-06 15:15:53 [INFO    ] app.services.yolo.detector —   [ 47] apple
2026-07-06 15:15:53 [INFO    ] app.services.yolo.detector —   [ 48] sandwich
2026-07-06 15:15:53 [INFO    ] app.services.yolo.detector —   [ 49] orange
2026-07-06 15:15:53 [INFO    ] app.services.yolo.detector —   [ 50] broccoli
2026-07-06 15:15:53 [INFO    ] app.services.yolo.detector —   [ 51] carrot
2026-07-06 15:15:53 [INFO    ] app.services.yolo.detector —   [ 52] hot dog
2026-07-06 15:15:53 [INFO    ] app.services.yolo.detector —   [ 53] pizza
2026-07-06 15:15:53 [INFO    ] app.services.yolo.detector —   [ 54] donut
2026-07-06 15:15:53 [INFO    ] app.services.yolo.detector —   [ 55] cake
2026-07-06 15:15:53 [INFO    ] app.services.yolo.detector —   [ 56] chair
2026-07-06 15:15:53 [INFO    ] app.services.yolo.detector —   [ 57] couch
2026-07-06 15:15:53 [INFO    ] app.services.yolo.detector —   [ 58] potted plant
2026-07-06 15:15:53 [INFO    ] app.services.yolo.detector —   [ 59] bed
2026-07-06 15:15:53 [INFO    ] app.services.yolo.detector —   [ 60] dining table
2026-07-06 15:15:53 [INFO    ] app.services.yolo.detector —   [ 61] toilet
2026-07-06 15:15:53 [INFO    ] app.services.yolo.detector —   [ 62] tv
2026-07-06 15:15:53 [INFO    ] app.services.yolo.detector —   [ 63] laptop
2026-07-06 15:15:53 [INFO    ] app.services.yolo.detector —   [ 64] mouse
2026-07-06 15:15:53 [INFO    ] app.services.yolo.detector —   [ 65] remote
2026-07-06 15:15:53 [INFO    ] app.services.yolo.detector —   [ 66] keyboard
2026-07-06 15:15:53 [INFO    ] app.services.yolo.detector —   [ 67] cell phone
2026-07-06 15:15:53 [INFO    ] app.services.yolo.detector —   [ 68] microwave
2026-07-06 15:15:53 [INFO    ] app.services.yolo.detector —   [ 69] oven
2026-07-06 15:15:53 [INFO    ] app.services.yolo.detector —   [ 70] toaster
2026-07-06 15:15:53 [INFO    ] app.services.yolo.detector —   [ 71] sink
2026-07-06 15:15:53 [INFO    ] app.services.yolo.detector —   [ 72] refrigerator
2026-07-06 15:15:53 [INFO    ] app.services.yolo.detector —   [ 73] book
2026-07-06 15:15:53 [INFO    ] app.services.yolo.detector —   [ 74] clock
2026-07-06 15:15:53 [INFO    ] app.services.yolo.detector —   [ 75] vase
2026-07-06 15:15:53 [INFO    ] app.services.yolo.detector —   [ 76] scissors
2026-07-06 15:15:53 [INFO    ] app.services.yolo.detector —   [ 77] teddy bear
2026-07-06 15:15:53 [INFO    ] app.services.yolo.detector —   [ 78] hair drier
2026-07-06 15:15:53 [INFO    ] app.services.yolo.detector —   [ 79] toothbrush
2026-07-06 15:15:53 [INFO    ] app.services.yolo.detector — Filter aktif: [0]
2026-07-06 15:15:53 [INFO    ] app.main — YOLODetector started (model=yolo11n.pt)
2026-07-06 15:15:53 [INFO    ] app.main — Ground Station ready — open http://0.0.0.0:8000
2026-07-06 15:15:56 [INFO    ] app.services.websocket.manager — System client connected — total: 1
2026-07-06 15:15:57 [INFO    ] app.services.websocket.manager — Telemetry client connected — total: 1
2026-07-06 15:16:16 [INFO    ] app.services.mavlink.connection — Connecting to MAVLink at tcp:100.121.12.16:5760
2026-07-06 15:16:16 [INFO    ] app.services.video.manager — Starting new UdpTelemetryReceiver for JSON port 2
2026-07-06 15:16:16 [INFO    ] app.services.telemetry.udp_telemetry — UdpTelemetryReceiver listening on 0.0.0.0:2
2026-07-06 15:16:16 [INFO    ] app.services.video.manager — Starting new VideoReceiver for port 1
2026-07-06 15:16:16 [INFO    ] app.services.video.receiver — VideoReceiver created (Source: UDP)
2026-07-06 15:16:16 [INFO    ] app.services.video.receiver — VideoReceiver listening on UDP port 1
2026-07-06 15:16:16 [INFO    ] app.services.video.receiver — VideoReceiver thread started for udp
2026-07-06 15:16:16 [INFO    ] app.services.websocket.manager — Video client connected to port 1 — total for port: 1
2026-07-06 15:16:16 [INFO    ] app.services.video.manager — Broadcast loop started for port 1
2026-07-06 15:16:19 [ERROR   ] app.services.mavlink.connection — Failed to connect to tcp:100.121.12.16:5760: Connection timed out (host unreachable)
2026-07-06 15:16:19 [ERROR   ] app.services.mavlink.telemetry_bridge — Failed to connect slot 1: Connection timed out (host unreachable)
2026-07-06 15:22:47 [INFO    ] app.services.websocket.manager — Video client disconnected from port 1 — remaining for port: 0
2026-07-06 15:22:47 [INFO    ] app.services.video.manager — Stopping VideoReceiver for port 1
2026-07-06 15:22:47 [INFO    ] app.services.video.receiver — VideoReceiver stopped
2026-07-06 15:22:47 [INFO    ] app.services.video.manager — Stopping UdpTelemetryReceiver for JSON port 2
2026-07-06 15:22:47 [INFO    ] app.services.telemetry.udp_telemetry — UdpTelemetryReceiver stopped.
2026-07-06 15:22:47 [INFO    ] app.services.video.manager — Starting new UdpTelemetryReceiver for JSON port 2
2026-07-06 15:22:47 [INFO    ] app.services.telemetry.udp_telemetry — UdpTelemetryReceiver listening on 0.0.0.0:2
2026-07-06 15:22:47 [INFO    ] app.services.video.manager — Starting new VideoReceiver for port 1002
2026-07-06 15:22:47 [INFO    ] app.services.video.receiver — VideoReceiver created (Source: UDP)
2026-07-06 15:22:47 [INFO    ] app.services.video.receiver — VideoReceiver listening on UDP port 1002
2026-07-06 15:22:47 [INFO    ] app.services.video.receiver — VideoReceiver thread started for udp
2026-07-06 15:22:47 [INFO    ] app.services.websocket.manager — Video client connected to port 1002 — total for port: 1
2026-07-06 15:22:47 [INFO    ] app.services.video.manager — Broadcast loop started for port 1002
2026-07-06 15:22:49 [INFO    ] app.services.websocket.manager — Video client disconnected from port 1002 — remaining for port: 0
2026-07-06 15:22:49 [INFO    ] app.services.video.manager — Stopping VideoReceiver for port 1002
2026-07-06 15:22:49 [INFO    ] app.services.video.receiver — VideoReceiver stopped
2026-07-06 15:22:49 [INFO    ] app.services.video.manager — Stopping UdpTelemetryReceiver for JSON port 2
2026-07-06 15:22:49 [INFO    ] app.services.telemetry.udp_telemetry — UdpTelemetryReceiver stopped.
2026-07-06 15:22:49 [INFO    ] app.services.video.manager — Starting new UdpTelemetryReceiver for JSON port 1003
2026-07-06 15:22:49 [INFO    ] app.services.telemetry.udp_telemetry — UdpTelemetryReceiver listening on 0.0.0.0:1003
2026-07-06 15:22:49 [INFO    ] app.services.video.manager — Starting new VideoReceiver for port 1002
2026-07-06 15:22:49 [INFO    ] app.services.video.receiver — VideoReceiver created (Source: UDP)
2026-07-06 15:22:49 [INFO    ] app.services.video.receiver — VideoReceiver listening on UDP port 1002
2026-07-06 15:22:49 [INFO    ] app.services.video.receiver — VideoReceiver thread started for udp
2026-07-06 15:22:49 [INFO    ] app.services.websocket.manager — Video client connected to port 1002 — total for port: 1
2026-07-06 15:22:49 [INFO    ] app.services.video.manager — Broadcast loop started for port 1002
2026-07-06 15:22:49 [INFO    ] app.services.websocket.manager — Video client disconnected from port 1002 — remaining for port: 0
2026-07-06 15:22:49 [INFO    ] app.services.video.manager — Stopping VideoReceiver for port 1002
2026-07-06 15:22:49 [INFO    ] app.services.video.receiver — VideoReceiver stopped
2026-07-06 15:22:49 [INFO    ] app.services.video.manager — Stopping UdpTelemetryReceiver for JSON port 1003
2026-07-06 15:22:49 [INFO    ] app.services.telemetry.udp_telemetry — UdpTelemetryReceiver stopped.
2026-07-06 15:22:49 [INFO    ] app.services.video.manager — Starting new UdpTelemetryReceiver for JSON port 1004
2026-07-06 15:22:49 [INFO    ] app.services.telemetry.udp_telemetry — UdpTelemetryReceiver listening on 0.0.0.0:1004
2026-07-06 15:22:49 [INFO    ] app.services.video.manager — Starting new VideoReceiver for port 1002
2026-07-06 15:22:49 [INFO    ] app.services.video.receiver — VideoReceiver created (Source: UDP)
2026-07-06 15:22:49 [INFO    ] app.services.video.receiver — VideoReceiver listening on UDP port 1002
2026-07-06 15:22:49 [INFO    ] app.services.video.receiver — VideoReceiver thread started for udp
2026-07-06 15:22:49 [INFO    ] app.services.websocket.manager — Video client connected to port 1002 — total for port: 1
2026-07-06 15:22:49 [INFO    ] app.services.video.manager — Broadcast loop started for port 1002
2026-07-06 15:22:50 [INFO    ] app.services.websocket.manager — Video client disconnected from port 1002 — remaining for port: 0
2026-07-06 15:22:50 [INFO    ] app.services.video.manager — Stopping VideoReceiver for port 1002
2026-07-06 15:22:50 [INFO    ] app.services.video.receiver — VideoReceiver stopped
2026-07-06 15:22:50 [INFO    ] app.services.video.manager — Stopping UdpTelemetryReceiver for JSON port 1004
2026-07-06 15:22:50 [INFO    ] app.services.telemetry.udp_telemetry — UdpTelemetryReceiver stopped.
2026-07-06 15:22:50 [INFO    ] app.services.video.manager — Starting new UdpTelemetryReceiver for JSON port 1002
2026-07-06 15:22:50 [INFO    ] app.services.telemetry.udp_telemetry — UdpTelemetryReceiver listening on 0.0.0.0:1002
2026-07-06 15:22:50 [INFO    ] app.services.video.manager — Starting new VideoReceiver for port 1002
2026-07-06 15:22:50 [INFO    ] app.services.video.receiver — VideoReceiver created (Source: UDP)
2026-07-06 15:22:50 [INFO    ] app.services.video.receiver — VideoReceiver listening on UDP port 1002
2026-07-06 15:22:50 [INFO    ] app.services.video.receiver — VideoReceiver thread started for udp
2026-07-06 15:22:50 [INFO    ] app.services.websocket.manager — Video client connected to port 1002 — total for port: 1
2026-07-06 15:22:50 [INFO    ] app.services.video.manager — Broadcast loop started for port 1002
2026-07-06 15:22:50 [INFO    ] app.services.websocket.manager — Video client disconnected from port 1002 — remaining for port: 0
2026-07-06 15:22:50 [INFO    ] app.services.video.manager — Stopping VideoReceiver for port 1002
2026-07-06 15:22:50 [INFO    ] app.services.video.receiver — VideoReceiver stopped
2026-07-06 15:22:50 [INFO    ] app.services.video.manager — Stopping UdpTelemetryReceiver for JSON port 1002
2026-07-06 15:22:50 [INFO    ] app.services.telemetry.udp_telemetry — UdpTelemetryReceiver stopped.
2026-07-06 15:22:51 [INFO    ] app.services.video.manager — Starting new UdpTelemetryReceiver for JSON port 1001
2026-07-06 15:22:51 [INFO    ] app.services.telemetry.udp_telemetry — UdpTelemetryReceiver listening on 0.0.0.0:1001
2026-07-06 15:22:51 [INFO    ] app.services.video.manager — Starting new VideoReceiver for port 1002
2026-07-06 15:22:51 [INFO    ] app.services.video.receiver — VideoReceiver created (Source: UDP)
2026-07-06 15:22:51 [INFO    ] app.services.video.receiver — VideoReceiver listening on UDP port 1002
2026-07-06 15:22:51 [INFO    ] app.services.video.receiver — VideoReceiver thread started for udp
2026-07-06 15:22:51 [INFO    ] app.services.websocket.manager — Video client connected to port 1002 — total for port: 1
2026-07-06 15:22:51 [INFO    ] app.services.video.manager — Broadcast loop started for port 1002
2026-07-06 15:22:53 [INFO    ] app.services.mavlink.connection — Connecting to MAVLink at tcp:100.121.12.16:5760
2026-07-06 15:22:55 [ERROR   ] app.services.mavlink.connection — Failed to connect to tcp:100.121.12.16:5760: [WinError 10061] No connection could be made because the target machine actively refused it
2026-07-06 15:22:55 [ERROR   ] app.services.mavlink.telemetry_bridge — Failed to connect slot 1: [WinError 10061] No connection could be made because the target machine actively refused it
2026-07-06 15:26:10 [INFO    ] app.services.websocket.manager — Telemetry client disconnected — remaining: 0
2026-07-06 15:26:10 [INFO    ] app.services.websocket.manager — Video client disconnected from port 1002 — remaining for port: 0
2026-07-06 15:26:10 [INFO    ] app.services.video.manager — Stopping VideoReceiver for port 1002
2026-07-06 15:26:10 [INFO    ] app.services.video.receiver — VideoReceiver stopped
2026-07-06 15:26:10 [INFO    ] app.services.video.manager — Stopping UdpTelemetryReceiver for JSON port 1001
2026-07-06 15:26:10 [INFO    ] app.services.telemetry.udp_telemetry — UdpTelemetryReceiver stopped.
2026-07-06 15:26:10 [INFO    ] app.services.websocket.manager — System client disconnected — remaining: 0
2026-07-06 15:26:10 [INFO    ] app.services.websocket.manager — System client connected — total: 1
2026-07-06 15:26:10 [INFO    ] app.services.websocket.manager — Telemetry client connected — total: 1
2026-07-06 15:26:11 [INFO    ] app.services.mavlink.connection — Connecting to MAVLink at tcp:100.121.12.16:5760
2026-07-06 15:26:13 [ERROR   ] app.services.mavlink.connection — Failed to connect to tcp:100.121.12.16:5760: [WinError 10061] No connection could be made because the target machine actively refused it
2026-07-06 15:26:13 [ERROR   ] app.services.mavlink.telemetry_bridge — Failed to connect slot 1: [WinError 10061] No connection could be made because the target machine actively refused it
2026-07-06 15:33:23 [INFO    ] app.services.websocket.manager — Telemetry client disconnected — remaining: 0
2026-07-06 15:33:23 [INFO    ] app.services.websocket.manager — System client disconnected — remaining: 0
2026-07-06 15:33:24 [INFO    ] app.main — Ground Station shutting down…
2026-07-06 15:33:24 [INFO    ] app.services.yolo.detector — YOLODetector stopped | total_inferences=1790 | total_detections=4
2026-07-06 15:33:24 [INFO    ] app.main — Ground Station stopped.
2026-07-07 16:18:45 [INFO    ] app.services.video.manager — MultiStreamManager ready (fps_limit=30, jpeg_quality=80, yolo=enabled)
2026-07-07 16:18:45 [INFO    ] app.main — ═══════════════════════════════════════════
2026-07-07 16:18:45 [INFO    ] app.main —   UAV Ground Station starting up
2026-07-07 16:18:45 [INFO    ] app.main —   Web  port : 8000
2026-07-07 16:18:45 [INFO    ] app.main —   Host      : 0.0.0.0
2026-07-07 16:18:45 [INFO    ] app.main —   YOLO      : enabled
2026-07-07 16:18:45 [INFO    ] app.main — ═══════════════════════════════════════════
2026-07-07 16:18:45 [INFO    ] app.services.yolo.detector — Loading YOLO model: yolo11n.pt
2026-07-07 16:18:45 [INFO    ] app.services.yolo.detector — Class 'person' → ID 0
2026-07-07 16:18:45 [INFO    ] app.services.yolo.detector — YOLODetector started | model=yolo11n.pt | conf=0.40 | iou=0.45 | max_fps=10.0 | device='auto' | filter=[0] | ws_broadcast=enabled
2026-07-07 16:18:45 [INFO    ] app.services.yolo.detector — === Class list dari model 'yolo11n.pt' ===
2026-07-07 16:18:45 [INFO    ] app.services.yolo.detector —   [  0] person ← AKTIF
2026-07-07 16:18:45 [INFO    ] app.services.yolo.detector —   [  1] bicycle
2026-07-07 16:18:45 [INFO    ] app.services.yolo.detector —   [  2] car
2026-07-07 16:18:45 [INFO    ] app.services.yolo.detector —   [  3] motorcycle
2026-07-07 16:18:45 [INFO    ] app.services.yolo.detector —   [  4] airplane
2026-07-07 16:18:45 [INFO    ] app.services.yolo.detector —   [  5] bus
2026-07-07 16:18:45 [INFO    ] app.services.yolo.detector —   [  6] train
2026-07-07 16:18:45 [INFO    ] app.services.yolo.detector —   [  7] truck
2026-07-07 16:18:45 [INFO    ] app.services.yolo.detector —   [  8] boat
2026-07-07 16:18:45 [INFO    ] app.services.yolo.detector —   [  9] traffic light
2026-07-07 16:18:45 [INFO    ] app.services.yolo.detector —   [ 10] fire hydrant
2026-07-07 16:18:45 [INFO    ] app.services.yolo.detector —   [ 11] stop sign
2026-07-07 16:18:45 [INFO    ] app.services.yolo.detector —   [ 12] parking meter
2026-07-07 16:18:45 [INFO    ] app.services.yolo.detector —   [ 13] bench
2026-07-07 16:18:46 [INFO    ] app.services.yolo.detector —   [ 14] bird
2026-07-07 16:18:46 [INFO    ] app.services.yolo.detector —   [ 15] cat
2026-07-07 16:18:46 [INFO    ] app.services.yolo.detector —   [ 16] dog
2026-07-07 16:18:46 [INFO    ] app.services.yolo.detector —   [ 17] horse
2026-07-07 16:18:46 [INFO    ] app.services.yolo.detector —   [ 18] sheep
2026-07-07 16:18:46 [INFO    ] app.services.yolo.detector —   [ 19] cow
2026-07-07 16:18:46 [INFO    ] app.services.yolo.detector —   [ 20] elephant
2026-07-07 16:18:46 [INFO    ] app.services.yolo.detector —   [ 21] bear
2026-07-07 16:18:46 [INFO    ] app.services.yolo.detector —   [ 22] zebra
2026-07-07 16:18:46 [INFO    ] app.services.yolo.detector —   [ 23] giraffe
2026-07-07 16:18:46 [INFO    ] app.services.yolo.detector —   [ 24] backpack
2026-07-07 16:18:46 [INFO    ] app.services.yolo.detector —   [ 25] umbrella
2026-07-07 16:18:46 [INFO    ] app.services.yolo.detector —   [ 26] handbag
2026-07-07 16:18:46 [INFO    ] app.services.yolo.detector —   [ 27] tie
2026-07-07 16:18:46 [INFO    ] app.services.yolo.detector —   [ 28] suitcase
2026-07-07 16:18:46 [INFO    ] app.services.yolo.detector —   [ 29] frisbee
2026-07-07 16:18:46 [INFO    ] app.services.yolo.detector —   [ 30] skis
2026-07-07 16:18:46 [INFO    ] app.services.yolo.detector —   [ 31] snowboard
2026-07-07 16:18:46 [INFO    ] app.services.yolo.detector —   [ 32] sports ball
2026-07-07 16:18:46 [INFO    ] app.services.yolo.detector —   [ 33] kite
2026-07-07 16:18:46 [INFO    ] app.services.yolo.detector —   [ 34] baseball bat
2026-07-07 16:18:46 [INFO    ] app.services.yolo.detector —   [ 35] baseball glove
2026-07-07 16:18:46 [INFO    ] app.services.yolo.detector —   [ 36] skateboard
2026-07-07 16:18:46 [INFO    ] app.services.yolo.detector —   [ 37] surfboard
2026-07-07 16:18:46 [INFO    ] app.services.yolo.detector —   [ 38] tennis racket
2026-07-07 16:18:46 [INFO    ] app.services.yolo.detector —   [ 39] bottle
2026-07-07 16:18:46 [INFO    ] app.services.yolo.detector —   [ 40] wine glass
2026-07-07 16:18:46 [INFO    ] app.services.yolo.detector —   [ 41] cup
2026-07-07 16:18:46 [INFO    ] app.services.yolo.detector —   [ 42] fork
2026-07-07 16:18:46 [INFO    ] app.services.yolo.detector —   [ 43] knife
2026-07-07 16:18:46 [INFO    ] app.services.yolo.detector —   [ 44] spoon
2026-07-07 16:18:46 [INFO    ] app.services.yolo.detector —   [ 45] bowl
2026-07-07 16:18:46 [INFO    ] app.services.yolo.detector —   [ 46] banana
2026-07-07 16:18:46 [INFO    ] app.services.yolo.detector —   [ 47] apple
2026-07-07 16:18:46 [INFO    ] app.services.yolo.detector —   [ 48] sandwich
2026-07-07 16:18:46 [INFO    ] app.services.yolo.detector —   [ 49] orange
2026-07-07 16:18:46 [INFO    ] app.services.yolo.detector —   [ 50] broccoli
2026-07-07 16:18:46 [INFO    ] app.services.yolo.detector —   [ 51] carrot
2026-07-07 16:18:46 [INFO    ] app.services.yolo.detector —   [ 52] hot dog
2026-07-07 16:18:46 [INFO    ] app.services.yolo.detector —   [ 53] pizza
2026-07-07 16:18:46 [INFO    ] app.services.yolo.detector —   [ 54] donut
2026-07-07 16:18:46 [INFO    ] app.services.yolo.detector —   [ 55] cake
2026-07-07 16:18:46 [INFO    ] app.services.yolo.detector —   [ 56] chair
2026-07-07 16:18:46 [INFO    ] app.services.yolo.detector —   [ 57] couch
2026-07-07 16:18:46 [INFO    ] app.services.yolo.detector —   [ 58] potted plant
2026-07-07 16:18:46 [INFO    ] app.services.yolo.detector —   [ 59] bed
2026-07-07 16:18:46 [INFO    ] app.services.yolo.detector —   [ 60] dining table
2026-07-07 16:18:46 [INFO    ] app.services.yolo.detector —   [ 61] toilet
2026-07-07 16:18:46 [INFO    ] app.services.yolo.detector —   [ 62] tv
2026-07-07 16:18:46 [INFO    ] app.services.yolo.detector —   [ 63] laptop
2026-07-07 16:18:46 [INFO    ] app.services.yolo.detector —   [ 64] mouse
2026-07-07 16:18:46 [INFO    ] app.services.yolo.detector —   [ 65] remote
2026-07-07 16:18:46 [INFO    ] app.services.yolo.detector —   [ 66] keyboard
2026-07-07 16:18:46 [INFO    ] app.services.yolo.detector —   [ 67] cell phone
2026-07-07 16:18:46 [INFO    ] app.services.yolo.detector —   [ 68] microwave
2026-07-07 16:18:46 [INFO    ] app.services.yolo.detector —   [ 69] oven
2026-07-07 16:18:46 [INFO    ] app.services.yolo.detector —   [ 70] toaster
2026-07-07 16:18:46 [INFO    ] app.services.yolo.detector —   [ 71] sink
2026-07-07 16:18:46 [INFO    ] app.services.yolo.detector —   [ 72] refrigerator
2026-07-07 16:18:46 [INFO    ] app.services.yolo.detector —   [ 73] book
2026-07-07 16:18:46 [INFO    ] app.services.yolo.detector —   [ 74] clock
2026-07-07 16:18:46 [INFO    ] app.services.yolo.detector —   [ 75] vase
2026-07-07 16:18:46 [INFO    ] app.services.yolo.detector —   [ 76] scissors
2026-07-07 16:18:46 [INFO    ] app.services.yolo.detector —   [ 77] teddy bear
2026-07-07 16:18:46 [INFO    ] app.services.yolo.detector —   [ 78] hair drier
2026-07-07 16:18:46 [INFO    ] app.services.yolo.detector —   [ 79] toothbrush
2026-07-07 16:18:46 [INFO    ] app.services.yolo.detector — Filter aktif: [0]
2026-07-07 16:18:46 [INFO    ] app.main — YOLODetector started (model=yolo11n.pt)
2026-07-07 16:18:46 [INFO    ] app.main — Ground Station ready — open http://0.0.0.0:8000
2026-07-07 16:18:50 [INFO    ] app.services.websocket.manager — System client connected — total: 1
2026-07-07 16:18:50 [INFO    ] app.services.websocket.manager — Telemetry client connected — total: 1
2026-07-07 16:19:05 [INFO    ] app.services.mavlink.connection — Connecting to MAVLink at tcp:100.121.12.16:5760
2026-07-07 16:19:05 [INFO    ] app.services.video.manager — Starting new UdpTelemetryReceiver for JSON port 2
2026-07-07 16:19:05 [INFO    ] app.services.telemetry.udp_telemetry — UdpTelemetryReceiver listening on 0.0.0.0:2
2026-07-07 16:19:05 [INFO    ] app.services.video.manager — Starting new VideoReceiver for port 1
2026-07-07 16:19:05 [INFO    ] app.services.video.receiver — VideoReceiver created (Source: UDP)
2026-07-07 16:19:05 [INFO    ] app.services.video.receiver — VideoReceiver listening on UDP port 1
2026-07-07 16:19:05 [INFO    ] app.services.video.receiver — VideoReceiver thread started for udp
2026-07-07 16:19:05 [INFO    ] app.services.websocket.manager — Video client connected to port 1 — total for port: 1
2026-07-07 16:19:05 [INFO    ] app.services.video.manager — Broadcast loop started for port 1
2026-07-07 16:19:08 [ERROR   ] app.services.mavlink.connection — Failed to connect to tcp:100.121.12.16:5760: Connection timed out (host unreachable)
2026-07-07 16:19:08 [ERROR   ] app.services.mavlink.telemetry_bridge — Failed to connect slot 1: Connection timed out (host unreachable)
2026-07-07 16:27:44 [INFO    ] app.services.websocket.manager — Video client disconnected from port 1 — remaining for port: 0
2026-07-07 16:27:44 [INFO    ] app.services.video.manager — Stopping VideoReceiver for port 1
2026-07-07 16:27:44 [INFO    ] app.services.video.receiver — VideoReceiver stopped
2026-07-07 16:27:44 [INFO    ] app.services.video.manager — Stopping UdpTelemetryReceiver for JSON port 2
2026-07-07 16:27:44 [INFO    ] app.services.telemetry.udp_telemetry — UdpTelemetryReceiver stopped.
2026-07-07 16:27:44 [INFO    ] app.services.websocket.manager — System client disconnected — remaining: 0
2026-07-07 16:27:44 [INFO    ] app.services.websocket.manager — Telemetry client disconnected — remaining: 0
2026-07-07 16:27:44 [INFO    ] app.main — Ground Station shutting down…
2026-07-07 16:27:44 [INFO    ] app.services.yolo.detector — YOLODetector stopped | total_inferences=0 | total_detections=0
2026-07-07 16:27:44 [INFO    ] app.main — Ground Station stopped.
2026-07-09 15:10:05 [INFO    ] app.services.video.manager — MultiStreamManager ready (fps_limit=30, jpeg_quality=80, yolo=enabled)
2026-07-09 15:10:05 [INFO    ] app.main — ═══════════════════════════════════════════
2026-07-09 15:10:05 [INFO    ] app.main —   UAV Ground Station starting up
2026-07-09 15:10:05 [INFO    ] app.main —   Web  port : 8000
2026-07-09 15:10:05 [INFO    ] app.main —   Host      : 0.0.0.0
2026-07-09 15:10:05 [INFO    ] app.main —   YOLO      : enabled
2026-07-09 15:10:05 [INFO    ] app.main — ═══════════════════════════════════════════
2026-07-09 15:10:05 [INFO    ] app.services.yolo.detector — Loading YOLO model: yolo11n.pt
2026-07-09 15:10:05 [INFO    ] app.services.yolo.detector — Class 'person' → ID 0
2026-07-09 15:10:05 [INFO    ] app.services.yolo.detector — YOLODetector started | model=yolo11n.pt | conf=0.40 | iou=0.45 | max_fps=10.0 | device='auto' | filter=[0] | ws_broadcast=enabled
2026-07-09 15:10:05 [INFO    ] app.services.yolo.detector — === Class list dari model 'yolo11n.pt' ===
2026-07-09 15:10:05 [INFO    ] app.services.yolo.detector —   [  0] person ← AKTIF
2026-07-09 15:10:05 [INFO    ] app.services.yolo.detector —   [  1] bicycle
2026-07-09 15:10:05 [INFO    ] app.services.yolo.detector —   [  2] car
2026-07-09 15:10:05 [INFO    ] app.services.yolo.detector —   [  3] motorcycle
2026-07-09 15:10:05 [INFO    ] app.services.yolo.detector —   [  4] airplane
2026-07-09 15:10:05 [INFO    ] app.services.yolo.detector —   [  5] bus
2026-07-09 15:10:05 [INFO    ] app.services.yolo.detector —   [  6] train
2026-07-09 15:10:05 [INFO    ] app.services.yolo.detector —   [  7] truck
2026-07-09 15:10:05 [INFO    ] app.services.yolo.detector —   [  8] boat
2026-07-09 15:10:05 [INFO    ] app.services.yolo.detector —   [  9] traffic light
2026-07-09 15:10:05 [INFO    ] app.services.yolo.detector —   [ 10] fire hydrant
2026-07-09 15:10:05 [INFO    ] app.services.yolo.detector —   [ 11] stop sign
2026-07-09 15:10:05 [INFO    ] app.services.yolo.detector —   [ 12] parking meter
2026-07-09 15:10:05 [INFO    ] app.services.yolo.detector —   [ 13] bench
2026-07-09 15:10:05 [INFO    ] app.services.yolo.detector —   [ 14] bird
2026-07-09 15:10:05 [INFO    ] app.services.yolo.detector —   [ 15] cat
2026-07-09 15:10:05 [INFO    ] app.services.yolo.detector —   [ 16] dog
2026-07-09 15:10:05 [INFO    ] app.services.yolo.detector —   [ 17] horse
2026-07-09 15:10:05 [INFO    ] app.services.yolo.detector —   [ 18] sheep
2026-07-09 15:10:05 [INFO    ] app.services.yolo.detector —   [ 19] cow
2026-07-09 15:10:05 [INFO    ] app.services.yolo.detector —   [ 20] elephant
2026-07-09 15:10:05 [INFO    ] app.services.yolo.detector —   [ 21] bear
2026-07-09 15:10:05 [INFO    ] app.services.yolo.detector —   [ 22] zebra
2026-07-09 15:10:05 [INFO    ] app.services.yolo.detector —   [ 23] giraffe
2026-07-09 15:10:05 [INFO    ] app.services.yolo.detector —   [ 24] backpack
2026-07-09 15:10:05 [INFO    ] app.services.yolo.detector —   [ 25] umbrella
2026-07-09 15:10:05 [INFO    ] app.services.yolo.detector —   [ 26] handbag
2026-07-09 15:10:05 [INFO    ] app.services.yolo.detector —   [ 27] tie
2026-07-09 15:10:05 [INFO    ] app.services.yolo.detector —   [ 28] suitcase
2026-07-09 15:10:05 [INFO    ] app.services.yolo.detector —   [ 29] frisbee
2026-07-09 15:10:05 [INFO    ] app.services.yolo.detector —   [ 30] skis
2026-07-09 15:10:05 [INFO    ] app.services.yolo.detector —   [ 31] snowboard
2026-07-09 15:10:05 [INFO    ] app.services.yolo.detector —   [ 32] sports ball
2026-07-09 15:10:05 [INFO    ] app.services.yolo.detector —   [ 33] kite
2026-07-09 15:10:05 [INFO    ] app.services.yolo.detector —   [ 34] baseball bat
2026-07-09 15:10:05 [INFO    ] app.services.yolo.detector —   [ 35] baseball glove
2026-07-09 15:10:05 [INFO    ] app.services.yolo.detector —   [ 36] skateboard
2026-07-09 15:10:05 [INFO    ] app.services.yolo.detector —   [ 37] surfboard
2026-07-09 15:10:05 [INFO    ] app.services.yolo.detector —   [ 38] tennis racket
2026-07-09 15:10:05 [INFO    ] app.services.yolo.detector —   [ 39] bottle
2026-07-09 15:10:05 [INFO    ] app.services.yolo.detector —   [ 40] wine glass
2026-07-09 15:10:05 [INFO    ] app.services.yolo.detector —   [ 41] cup
2026-07-09 15:10:05 [INFO    ] app.services.yolo.detector —   [ 42] fork
2026-07-09 15:10:05 [INFO    ] app.services.yolo.detector —   [ 43] knife
2026-07-09 15:10:05 [INFO    ] app.services.yolo.detector —   [ 44] spoon
2026-07-09 15:10:05 [INFO    ] app.services.yolo.detector —   [ 45] bowl
2026-07-09 15:10:05 [INFO    ] app.services.yolo.detector —   [ 46] banana
2026-07-09 15:10:05 [INFO    ] app.services.yolo.detector —   [ 47] apple
2026-07-09 15:10:05 [INFO    ] app.services.yolo.detector —   [ 48] sandwich
2026-07-09 15:10:05 [INFO    ] app.services.yolo.detector —   [ 49] orange
2026-07-09 15:10:05 [INFO    ] app.services.yolo.detector —   [ 50] broccoli
2026-07-09 15:10:05 [INFO    ] app.services.yolo.detector —   [ 51] carrot
2026-07-09 15:10:05 [INFO    ] app.services.yolo.detector —   [ 52] hot dog
2026-07-09 15:10:05 [INFO    ] app.services.yolo.detector —   [ 53] pizza
2026-07-09 15:10:05 [INFO    ] app.services.yolo.detector —   [ 54] donut
2026-07-09 15:10:05 [INFO    ] app.services.yolo.detector —   [ 55] cake
2026-07-09 15:10:05 [INFO    ] app.services.yolo.detector —   [ 56] chair
2026-07-09 15:10:05 [INFO    ] app.services.yolo.detector —   [ 57] couch
2026-07-09 15:10:05 [INFO    ] app.services.yolo.detector —   [ 58] potted plant
2026-07-09 15:10:05 [INFO    ] app.services.yolo.detector —   [ 59] bed
2026-07-09 15:10:05 [INFO    ] app.services.yolo.detector —   [ 60] dining table
2026-07-09 15:10:05 [INFO    ] app.services.yolo.detector —   [ 61] toilet
2026-07-09 15:10:05 [INFO    ] app.services.yolo.detector —   [ 62] tv
2026-07-09 15:10:05 [INFO    ] app.services.yolo.detector —   [ 63] laptop
2026-07-09 15:10:05 [INFO    ] app.services.yolo.detector —   [ 64] mouse
2026-07-09 15:10:05 [INFO    ] app.services.yolo.detector —   [ 65] remote
2026-07-09 15:10:05 [INFO    ] app.services.yolo.detector —   [ 66] keyboard
2026-07-09 15:10:05 [INFO    ] app.services.yolo.detector —   [ 67] cell phone
2026-07-09 15:10:05 [INFO    ] app.services.yolo.detector —   [ 68] microwave
2026-07-09 15:10:05 [INFO    ] app.services.yolo.detector —   [ 69] oven
2026-07-09 15:10:05 [INFO    ] app.services.yolo.detector —   [ 70] toaster
2026-07-09 15:10:05 [INFO    ] app.services.yolo.detector —   [ 71] sink
2026-07-09 15:10:05 [INFO    ] app.services.yolo.detector —   [ 72] refrigerator
2026-07-09 15:10:05 [INFO    ] app.services.yolo.detector —   [ 73] book
2026-07-09 15:10:05 [INFO    ] app.services.yolo.detector —   [ 74] clock
2026-07-09 15:10:05 [INFO    ] app.services.yolo.detector —   [ 75] vase
2026-07-09 15:10:05 [INFO    ] app.services.yolo.detector —   [ 76] scissors
2026-07-09 15:10:05 [INFO    ] app.services.yolo.detector —   [ 77] teddy bear
2026-07-09 15:10:05 [INFO    ] app.services.yolo.detector —   [ 78] hair drier
2026-07-09 15:10:05 [INFO    ] app.services.yolo.detector —   [ 79] toothbrush
2026-07-09 15:10:05 [INFO    ] app.services.yolo.detector — Filter aktif: [0]
2026-07-09 15:10:05 [INFO    ] app.main — YOLODetector started (model=yolo11n.pt)
2026-07-09 15:10:05 [INFO    ] app.main — Ground Station ready — open http://0.0.0.0:8000
2026-07-09 15:10:07 [INFO    ] app.services.websocket.manager — System client connected — total: 1
2026-07-09 15:10:07 [INFO    ] app.services.websocket.manager — Telemetry client connected — total: 1
2026-07-09 15:10:21 [INFO    ] app.services.mavlink.connection — Connecting to MAVLink at tcp:100.121.12.16:5760
2026-07-09 15:10:22 [INFO    ] app.services.video.manager — Starting new UdpTelemetryReceiver for JSON port 2
2026-07-09 15:10:22 [INFO    ] app.services.telemetry.udp_telemetry — UdpTelemetryReceiver listening on 0.0.0.0:2
2026-07-09 15:10:22 [INFO    ] app.services.video.manager — Starting new VideoReceiver for port 1
2026-07-09 15:10:22 [INFO    ] app.services.video.receiver — VideoReceiver created (Source: UDP)
2026-07-09 15:10:22 [INFO    ] app.services.video.receiver — VideoReceiver listening on UDP port 1
2026-07-09 15:10:22 [INFO    ] app.services.video.receiver — VideoReceiver thread started for udp
2026-07-09 15:10:22 [INFO    ] app.services.websocket.manager — Video client connected to port 1 — total for port: 1
2026-07-09 15:10:22 [INFO    ] app.services.video.manager — Broadcast loop started for port 1
2026-07-09 15:10:24 [ERROR   ] app.services.mavlink.connection — Failed to connect to tcp:100.121.12.16:5760: [WinError 10061] No connection could be made because the target machine actively refused it
2026-07-09 15:10:24 [ERROR   ] app.services.mavlink.telemetry_bridge — Failed to connect slot 1: [WinError 10061] No connection could be made because the target machine actively refused it
2026-07-09 15:10:28 [INFO    ] app.services.websocket.manager — Video client disconnected from port 1 — remaining for port: 0
2026-07-09 15:10:28 [INFO    ] app.services.video.manager — Stopping VideoReceiver for port 1
2026-07-09 15:10:28 [INFO    ] app.services.video.receiver — VideoReceiver stopped
2026-07-09 15:10:28 [INFO    ] app.services.video.manager — Stopping UdpTelemetryReceiver for JSON port 2
2026-07-09 15:10:28 [INFO    ] app.services.telemetry.udp_telemetry — UdpTelemetryReceiver stopped.
2026-07-09 15:10:28 [INFO    ] app.services.video.manager — Starting new UdpTelemetryReceiver for JSON port 2
2026-07-09 15:10:28 [INFO    ] app.services.telemetry.udp_telemetry — UdpTelemetryReceiver listening on 0.0.0.0:2
2026-07-09 15:10:28 [INFO    ] app.services.video.manager — Starting new VideoReceiver for port 1002
2026-07-09 15:10:28 [INFO    ] app.services.video.receiver — VideoReceiver created (Source: UDP)
2026-07-09 15:10:28 [INFO    ] app.services.video.receiver — VideoReceiver listening on UDP port 1002
2026-07-09 15:10:28 [INFO    ] app.services.video.receiver — VideoReceiver thread started for udp
2026-07-09 15:10:28 [INFO    ] app.services.websocket.manager — Video client connected to port 1002 — total for port: 1
2026-07-09 15:10:28 [INFO    ] app.services.video.manager — Broadcast loop started for port 1002
2026-07-09 15:11:48 [INFO    ] app.services.websocket.manager — Video client disconnected from port 1002 — remaining for port: 0
2026-07-09 15:11:48 [INFO    ] app.services.video.manager — Stopping VideoReceiver for port 1002
2026-07-09 15:11:48 [INFO    ] app.services.video.receiver — VideoReceiver stopped
2026-07-09 15:11:48 [INFO    ] app.services.video.manager — Stopping UdpTelemetryReceiver for JSON port 2
2026-07-09 15:11:48 [INFO    ] app.services.telemetry.udp_telemetry — UdpTelemetryReceiver stopped.
2026-07-09 15:11:48 [INFO    ] app.services.video.manager — Starting new UdpTelemetryReceiver for JSON port 1003
2026-07-09 15:11:48 [INFO    ] app.services.telemetry.udp_telemetry — UdpTelemetryReceiver listening on 0.0.0.0:1003
2026-07-09 15:11:48 [INFO    ] app.services.video.manager — Starting new VideoReceiver for port 1002
2026-07-09 15:11:48 [INFO    ] app.services.video.receiver — VideoReceiver created (Source: UDP)
2026-07-09 15:11:48 [INFO    ] app.services.video.receiver — VideoReceiver listening on UDP port 1002
2026-07-09 15:11:48 [INFO    ] app.services.video.receiver — VideoReceiver thread started for udp
2026-07-09 15:11:48 [INFO    ] app.services.websocket.manager — Video client connected to port 1002 — total for port: 1
2026-07-09 15:11:48 [INFO    ] app.services.video.manager — Broadcast loop started for port 1002
2026-07-09 15:11:48 [INFO    ] app.services.websocket.manager — Video client disconnected from port 1002 — remaining for port: 0
2026-07-09 15:11:48 [INFO    ] app.services.video.manager — Stopping VideoReceiver for port 1002
2026-07-09 15:11:48 [INFO    ] app.services.video.receiver — VideoReceiver stopped
2026-07-09 15:11:48 [INFO    ] app.services.video.manager — Stopping UdpTelemetryReceiver for JSON port 1003
2026-07-09 15:11:48 [INFO    ] app.services.telemetry.udp_telemetry — UdpTelemetryReceiver stopped.
2026-07-09 15:11:49 [INFO    ] app.services.video.manager — Starting new UdpTelemetryReceiver for JSON port 1004
2026-07-09 15:11:49 [INFO    ] app.services.telemetry.udp_telemetry — UdpTelemetryReceiver listening on 0.0.0.0:1004
2026-07-09 15:11:49 [INFO    ] app.services.video.manager — Starting new VideoReceiver for port 1002
2026-07-09 15:11:49 [INFO    ] app.services.video.receiver — VideoReceiver created (Source: UDP)
2026-07-09 15:11:49 [INFO    ] app.services.video.receiver — VideoReceiver listening on UDP port 1002
2026-07-09 15:11:49 [INFO    ] app.services.video.receiver — VideoReceiver thread started for udp
2026-07-09 15:11:49 [INFO    ] app.services.websocket.manager — Video client connected to port 1002 — total for port: 1
2026-07-09 15:11:49 [INFO    ] app.services.video.manager — Broadcast loop started for port 1002
2026-07-09 15:11:49 [INFO    ] app.services.websocket.manager — Video client disconnected from port 1002 — remaining for port: 0
2026-07-09 15:11:49 [INFO    ] app.services.video.manager — Stopping VideoReceiver for port 1002
2026-07-09 15:11:49 [INFO    ] app.services.video.receiver — VideoReceiver stopped
2026-07-09 15:11:49 [INFO    ] app.services.video.manager — Stopping UdpTelemetryReceiver for JSON port 1004
2026-07-09 15:11:49 [INFO    ] app.services.telemetry.udp_telemetry — UdpTelemetryReceiver stopped.
2026-07-09 15:11:49 [INFO    ] app.services.video.manager — Starting new UdpTelemetryReceiver for JSON port 1005
2026-07-09 15:11:49 [INFO    ] app.services.telemetry.udp_telemetry — UdpTelemetryReceiver listening on 0.0.0.0:1005
2026-07-09 15:11:49 [INFO    ] app.services.video.manager — Starting new VideoReceiver for port 1002
2026-07-09 15:11:49 [INFO    ] app.services.video.receiver — VideoReceiver created (Source: UDP)
2026-07-09 15:11:49 [INFO    ] app.services.video.receiver — VideoReceiver listening on UDP port 1002
2026-07-09 15:11:49 [INFO    ] app.services.video.receiver — VideoReceiver thread started for udp
2026-07-09 15:11:49 [INFO    ] app.services.websocket.manager — Video client connected to port 1002 — total for port: 1
2026-07-09 15:11:49 [INFO    ] app.services.video.manager — Broadcast loop started for port 1002
2026-07-09 15:11:50 [INFO    ] app.services.websocket.manager — Video client disconnected from port 1002 — remaining for port: 0
2026-07-09 15:11:50 [INFO    ] app.services.video.manager — Stopping VideoReceiver for port 1002
2026-07-09 15:11:50 [INFO    ] app.services.video.receiver — VideoReceiver stopped
2026-07-09 15:11:50 [INFO    ] app.services.video.manager — Stopping UdpTelemetryReceiver for JSON port 1005
2026-07-09 15:11:50 [INFO    ] app.services.telemetry.udp_telemetry — UdpTelemetryReceiver stopped.
2026-07-09 15:11:50 [INFO    ] app.services.video.manager — Starting new UdpTelemetryReceiver for JSON port 1006
2026-07-09 15:11:50 [INFO    ] app.services.telemetry.udp_telemetry — UdpTelemetryReceiver listening on 0.0.0.0:1006
2026-07-09 15:11:50 [INFO    ] app.services.video.manager — Starting new VideoReceiver for port 1002
2026-07-09 15:11:50 [INFO    ] app.services.video.receiver — VideoReceiver created (Source: UDP)
2026-07-09 15:11:50 [INFO    ] app.services.video.receiver — VideoReceiver listening on UDP port 1002
2026-07-09 15:11:50 [INFO    ] app.services.video.receiver — VideoReceiver thread started for udp
2026-07-09 15:11:50 [INFO    ] app.services.websocket.manager — Video client connected to port 1002 — total for port: 1
2026-07-09 15:11:50 [INFO    ] app.services.video.manager — Broadcast loop started for port 1002
2026-07-09 15:12:00 [INFO    ] app.services.websocket.manager — Video client disconnected from port 1002 — remaining for port: 0
2026-07-09 15:12:00 [INFO    ] app.services.video.manager — Stopping VideoReceiver for port 1002
2026-07-09 15:12:00 [INFO    ] app.services.video.receiver — VideoReceiver stopped
2026-07-09 15:12:00 [INFO    ] app.services.video.manager — Stopping UdpTelemetryReceiver for JSON port 1006
2026-07-09 15:12:00 [INFO    ] app.services.telemetry.udp_telemetry — UdpTelemetryReceiver stopped.
2026-07-09 15:12:00 [INFO    ] app.services.video.manager — Starting new UdpTelemetryReceiver for JSON port 1001
2026-07-09 15:12:00 [INFO    ] app.services.telemetry.udp_telemetry — UdpTelemetryReceiver listening on 0.0.0.0:1001
2026-07-09 15:12:00 [INFO    ] app.services.video.manager — Starting new VideoReceiver for port 1002
2026-07-09 15:12:00 [INFO    ] app.services.video.receiver — VideoReceiver created (Source: UDP)
2026-07-09 15:12:00 [INFO    ] app.services.video.receiver — VideoReceiver listening on UDP port 1002
2026-07-09 15:12:00 [INFO    ] app.services.video.receiver — VideoReceiver thread started for udp
2026-07-09 15:12:00 [INFO    ] app.services.websocket.manager — Video client connected to port 1002 — total for port: 1
2026-07-09 15:12:00 [INFO    ] app.services.video.manager — Broadcast loop started for port 1002
2026-07-09 15:21:43 [INFO    ] app.services.websocket.manager — Telemetry client disconnected — remaining: 0
2026-07-09 15:21:43 [INFO    ] app.services.websocket.manager — System client disconnected — remaining: 0
2026-07-09 15:21:43 [INFO    ] app.services.websocket.manager — Video client disconnected from port 1002 — remaining for port: 0
2026-07-09 15:21:43 [INFO    ] app.services.video.manager — Stopping VideoReceiver for port 1002
2026-07-09 15:21:43 [INFO    ] app.services.video.receiver — VideoReceiver stopped
2026-07-09 15:21:43 [INFO    ] app.services.video.manager — Stopping UdpTelemetryReceiver for JSON port 1001
2026-07-09 15:21:43 [INFO    ] app.services.telemetry.udp_telemetry — UdpTelemetryReceiver stopped.
2026-07-09 15:21:43 [INFO    ] app.main — Ground Station shutting down…
2026-07-09 15:21:43 [INFO    ] app.services.yolo.detector — YOLODetector stopped | total_inferences=728 | total_detections=51
2026-07-09 15:21:43 [INFO    ] app.main — Ground Station stopped.
2026-07-10 17:46:49 [INFO    ] app.services.video.manager — MultiStreamManager ready (fps_limit=30, jpeg_quality=80, yolo=enabled)
2026-07-10 17:46:49 [INFO    ] app.main — ═══════════════════════════════════════════
2026-07-10 17:46:49 [INFO    ] app.main —   UAV Ground Station starting up
2026-07-10 17:46:49 [INFO    ] app.main —   Web  port : 8000
2026-07-10 17:46:49 [INFO    ] app.main —   Host      : 0.0.0.0
2026-07-10 17:46:49 [INFO    ] app.main —   YOLO      : enabled
2026-07-10 17:46:49 [INFO    ] app.main — ═══════════════════════════════════════════
2026-07-10 17:46:49 [INFO    ] app.services.yolo.detector — Loading YOLO model: yolo11n.pt
2026-07-10 17:46:49 [INFO    ] app.services.yolo.detector — Class 'person' → ID 0
2026-07-10 17:46:49 [INFO    ] app.services.yolo.detector — YOLODetector started | model=yolo11n.pt | conf=0.40 | iou=0.45 | max_fps=10.0 | device='auto' | filter=[0] | ws_broadcast=enabled
2026-07-10 17:46:49 [INFO    ] app.services.yolo.detector — === Class list dari model 'yolo11n.pt' ===
2026-07-10 17:46:49 [INFO    ] app.services.yolo.detector —   [  0] person ← AKTIF
2026-07-10 17:46:49 [INFO    ] app.services.yolo.detector —   [  1] bicycle
2026-07-10 17:46:49 [INFO    ] app.services.yolo.detector —   [  2] car
2026-07-10 17:46:49 [INFO    ] app.services.yolo.detector —   [  3] motorcycle
2026-07-10 17:46:49 [INFO    ] app.services.yolo.detector —   [  4] airplane
2026-07-10 17:46:49 [INFO    ] app.services.yolo.detector —   [  5] bus
2026-07-10 17:46:49 [INFO    ] app.services.yolo.detector —   [  6] train
2026-07-10 17:46:49 [INFO    ] app.services.yolo.detector —   [  7] truck
2026-07-10 17:46:49 [INFO    ] app.services.yolo.detector —   [  8] boat
2026-07-10 17:46:49 [INFO    ] app.services.yolo.detector —   [  9] traffic light
2026-07-10 17:46:49 [INFO    ] app.services.yolo.detector —   [ 10] fire hydrant
2026-07-10 17:46:49 [INFO    ] app.services.yolo.detector —   [ 11] stop sign
2026-07-10 17:46:49 [INFO    ] app.services.yolo.detector —   [ 12] parking meter
2026-07-10 17:46:49 [INFO    ] app.services.yolo.detector —   [ 13] bench
2026-07-10 17:46:49 [INFO    ] app.services.yolo.detector —   [ 14] bird
2026-07-10 17:46:49 [INFO    ] app.services.yolo.detector —   [ 15] cat
2026-07-10 17:46:49 [INFO    ] app.services.yolo.detector —   [ 16] dog
2026-07-10 17:46:49 [INFO    ] app.services.yolo.detector —   [ 17] horse
2026-07-10 17:46:49 [INFO    ] app.services.yolo.detector —   [ 18] sheep
2026-07-10 17:46:49 [INFO    ] app.services.yolo.detector —   [ 19] cow
2026-07-10 17:46:49 [INFO    ] app.services.yolo.detector —   [ 20] elephant
2026-07-10 17:46:49 [INFO    ] app.services.yolo.detector —   [ 21] bear
2026-07-10 17:46:49 [INFO    ] app.services.yolo.detector —   [ 22] zebra
2026-07-10 17:46:49 [INFO    ] app.services.yolo.detector —   [ 23] giraffe
2026-07-10 17:46:49 [INFO    ] app.services.yolo.detector —   [ 24] backpack
2026-07-10 17:46:49 [INFO    ] app.services.yolo.detector —   [ 25] umbrella
2026-07-10 17:46:49 [INFO    ] app.services.yolo.detector —   [ 26] handbag
2026-07-10 17:46:49 [INFO    ] app.services.yolo.detector —   [ 27] tie
2026-07-10 17:46:49 [INFO    ] app.services.yolo.detector —   [ 28] suitcase
2026-07-10 17:46:49 [INFO    ] app.services.yolo.detector —   [ 29] frisbee
2026-07-10 17:46:49 [INFO    ] app.services.yolo.detector —   [ 30] skis
2026-07-10 17:46:49 [INFO    ] app.services.yolo.detector —   [ 31] snowboard
2026-07-10 17:46:49 [INFO    ] app.services.yolo.detector —   [ 32] sports ball
2026-07-10 17:46:49 [INFO    ] app.services.yolo.detector —   [ 33] kite
2026-07-10 17:46:49 [INFO    ] app.services.yolo.detector —   [ 34] baseball bat
2026-07-10 17:46:49 [INFO    ] app.services.yolo.detector —   [ 35] baseball glove
2026-07-10 17:46:49 [INFO    ] app.services.yolo.detector —   [ 36] skateboard
2026-07-10 17:46:49 [INFO    ] app.services.yolo.detector —   [ 37] surfboard
2026-07-10 17:46:49 [INFO    ] app.services.yolo.detector —   [ 38] tennis racket
2026-07-10 17:46:49 [INFO    ] app.services.yolo.detector —   [ 39] bottle
2026-07-10 17:46:49 [INFO    ] app.services.yolo.detector —   [ 40] wine glass
2026-07-10 17:46:49 [INFO    ] app.services.yolo.detector —   [ 41] cup
2026-07-10 17:46:49 [INFO    ] app.services.yolo.detector —   [ 42] fork
2026-07-10 17:46:49 [INFO    ] app.services.yolo.detector —   [ 43] knife
2026-07-10 17:46:49 [INFO    ] app.services.yolo.detector —   [ 44] spoon
2026-07-10 17:46:49 [INFO    ] app.services.yolo.detector —   [ 45] bowl
2026-07-10 17:46:49 [INFO    ] app.services.yolo.detector —   [ 46] banana
2026-07-10 17:46:49 [INFO    ] app.services.yolo.detector —   [ 47] apple
2026-07-10 17:46:49 [INFO    ] app.services.yolo.detector —   [ 48] sandwich
2026-07-10 17:46:49 [INFO    ] app.services.yolo.detector —   [ 49] orange
2026-07-10 17:46:49 [INFO    ] app.services.yolo.detector —   [ 50] broccoli
2026-07-10 17:46:49 [INFO    ] app.services.yolo.detector —   [ 51] carrot
2026-07-10 17:46:49 [INFO    ] app.services.yolo.detector —   [ 52] hot dog
2026-07-10 17:46:49 [INFO    ] app.services.yolo.detector —   [ 53] pizza
2026-07-10 17:46:49 [INFO    ] app.services.yolo.detector —   [ 54] donut
2026-07-10 17:46:49 [INFO    ] app.services.yolo.detector —   [ 55] cake
2026-07-10 17:46:49 [INFO    ] app.services.yolo.detector —   [ 56] chair
2026-07-10 17:46:49 [INFO    ] app.services.yolo.detector —   [ 57] couch
2026-07-10 17:46:49 [INFO    ] app.services.yolo.detector —   [ 58] potted plant
2026-07-10 17:46:49 [INFO    ] app.services.yolo.detector —   [ 59] bed
2026-07-10 17:46:49 [INFO    ] app.services.yolo.detector —   [ 60] dining table
2026-07-10 17:46:49 [INFO    ] app.services.yolo.detector —   [ 61] toilet
2026-07-10 17:46:49 [INFO    ] app.services.yolo.detector —   [ 62] tv
2026-07-10 17:46:49 [INFO    ] app.services.yolo.detector —   [ 63] laptop
2026-07-10 17:46:49 [INFO    ] app.services.yolo.detector —   [ 64] mouse
2026-07-10 17:46:49 [INFO    ] app.services.yolo.detector —   [ 65] remote
2026-07-10 17:46:49 [INFO    ] app.services.yolo.detector —   [ 66] keyboard
2026-07-10 17:46:49 [INFO    ] app.services.yolo.detector —   [ 67] cell phone
2026-07-10 17:46:49 [INFO    ] app.services.yolo.detector —   [ 68] microwave
2026-07-10 17:46:49 [INFO    ] app.services.yolo.detector —   [ 69] oven
2026-07-10 17:46:49 [INFO    ] app.services.yolo.detector —   [ 70] toaster
2026-07-10 17:46:49 [INFO    ] app.services.yolo.detector —   [ 71] sink
2026-07-10 17:46:49 [INFO    ] app.services.yolo.detector —   [ 72] refrigerator
2026-07-10 17:46:49 [INFO    ] app.services.yolo.detector —   [ 73] book
2026-07-10 17:46:49 [INFO    ] app.services.yolo.detector —   [ 74] clock
2026-07-10 17:46:49 [INFO    ] app.services.yolo.detector —   [ 75] vase
2026-07-10 17:46:49 [INFO    ] app.services.yolo.detector —   [ 76] scissors
2026-07-10 17:46:49 [INFO    ] app.services.yolo.detector —   [ 77] teddy bear
2026-07-10 17:46:49 [INFO    ] app.services.yolo.detector —   [ 78] hair drier
2026-07-10 17:46:49 [INFO    ] app.services.yolo.detector —   [ 79] toothbrush
2026-07-10 17:46:49 [INFO    ] app.services.yolo.detector — Filter aktif: [0]
2026-07-10 17:46:49 [INFO    ] app.main — YOLODetector started (model=yolo11n.pt)
2026-07-10 17:46:49 [INFO    ] app.main — Ground Station ready — open http://0.0.0.0:8000
2026-07-10 17:46:52 [INFO    ] app.services.websocket.manager — System client connected — total: 1
2026-07-10 17:46:52 [INFO    ] app.services.websocket.manager — Telemetry client connected — total: 1
2026-07-10 17:47:03 [INFO    ] app.services.mavlink.connection — Connecting to MAVLink at tcp:100.121.12.16:5760
2026-07-10 17:47:03 [INFO    ] app.services.video.manager — Starting new UdpTelemetryReceiver for JSON port 2
2026-07-10 17:47:03 [INFO    ] app.services.telemetry.udp_telemetry — UdpTelemetryReceiver listening on 0.0.0.0:2
2026-07-10 17:47:03 [INFO    ] app.services.video.manager — Starting new VideoReceiver for port 1
2026-07-10 17:47:03 [INFO    ] app.services.video.receiver — VideoReceiver created (Source: UDP)
2026-07-10 17:47:03 [INFO    ] app.services.video.receiver — VideoReceiver listening on UDP port 1
2026-07-10 17:47:03 [INFO    ] app.services.video.receiver — VideoReceiver thread started for udp
2026-07-10 17:47:03 [INFO    ] app.services.websocket.manager — Video client connected to port 1 — total for port: 1
2026-07-10 17:47:03 [INFO    ] app.services.video.manager — Broadcast loop started for port 1
2026-07-10 17:47:05 [INFO    ] app.services.websocket.manager — Video client disconnected from port 1 — remaining for port: 0
2026-07-10 17:47:05 [INFO    ] app.services.video.manager — Stopping VideoReceiver for port 1
2026-07-10 17:47:05 [INFO    ] app.services.video.receiver — VideoReceiver stopped
2026-07-10 17:47:05 [INFO    ] app.services.video.manager — Stopping UdpTelemetryReceiver for JSON port 2
2026-07-10 17:47:05 [INFO    ] app.services.telemetry.udp_telemetry — UdpTelemetryReceiver stopped.
2026-07-10 17:47:05 [ERROR   ] app.services.mavlink.connection — Failed to connect to tcp:100.121.12.16:5760: [WinError 10061] No connection could be made because the target machine actively refused it
2026-07-10 17:47:05 [ERROR   ] app.services.mavlink.telemetry_bridge — Failed to connect slot 1: [WinError 10061] No connection could be made because the target machine actively refused it
2026-07-10 17:47:05 [INFO    ] app.services.video.manager — Starting new UdpTelemetryReceiver for JSON port 2
2026-07-10 17:47:05 [INFO    ] app.services.telemetry.udp_telemetry — UdpTelemetryReceiver listening on 0.0.0.0:2
2026-07-10 17:47:05 [INFO    ] app.services.video.manager — Starting new VideoReceiver for port 1001
2026-07-10 17:47:05 [INFO    ] app.services.video.receiver — VideoReceiver created (Source: UDP)
2026-07-10 17:47:05 [INFO    ] app.services.video.receiver — VideoReceiver listening on UDP port 1001
2026-07-10 17:47:05 [INFO    ] app.services.video.receiver — VideoReceiver thread started for udp
2026-07-10 17:47:05 [INFO    ] app.services.websocket.manager — Video client connected to port 1001 — total for port: 1
2026-07-10 17:47:05 [INFO    ] app.services.video.manager — Broadcast loop started for port 1001
2026-07-10 17:47:07 [INFO    ] app.services.websocket.manager — Video client disconnected from port 1001 — remaining for port: 0
2026-07-10 17:47:07 [INFO    ] app.services.video.manager — Stopping VideoReceiver for port 1001
2026-07-10 17:47:07 [INFO    ] app.services.video.receiver — VideoReceiver stopped
2026-07-10 17:47:07 [INFO    ] app.services.video.manager — Stopping UdpTelemetryReceiver for JSON port 2
2026-07-10 17:47:07 [INFO    ] app.services.telemetry.udp_telemetry — UdpTelemetryReceiver stopped.
2026-07-10 17:47:07 [INFO    ] app.services.video.manager — Starting new UdpTelemetryReceiver for JSON port 1002
2026-07-10 17:47:07 [INFO    ] app.services.telemetry.udp_telemetry — UdpTelemetryReceiver listening on 0.0.0.0:1002
2026-07-10 17:47:07 [INFO    ] app.services.video.manager — Starting new VideoReceiver for port 1001
2026-07-10 17:47:07 [INFO    ] app.services.video.receiver — VideoReceiver created (Source: UDP)
2026-07-10 17:47:07 [INFO    ] app.services.video.receiver — VideoReceiver listening on UDP port 1001
2026-07-10 17:47:07 [INFO    ] app.services.video.receiver — VideoReceiver thread started for udp
2026-07-10 17:47:07 [INFO    ] app.services.websocket.manager — Video client connected to port 1001 — total for port: 1
2026-07-10 17:47:07 [INFO    ] app.services.video.manager — Broadcast loop started for port 1001
2026-07-10 17:47:12 [INFO    ] app.services.websocket.manager — Video client disconnected from port 1001 — remaining for port: 0
2026-07-10 17:47:12 [INFO    ] app.services.video.manager — Stopping VideoReceiver for port 1001
2026-07-10 17:47:12 [INFO    ] app.services.video.receiver — VideoReceiver stopped
2026-07-10 17:47:12 [INFO    ] app.services.video.manager — Stopping UdpTelemetryReceiver for JSON port 1002
2026-07-10 17:47:12 [INFO    ] app.services.telemetry.udp_telemetry — UdpTelemetryReceiver stopped.
2026-07-10 17:47:12 [INFO    ] app.services.video.manager — Starting new UdpTelemetryReceiver for JSON port 1002
2026-07-10 17:47:12 [INFO    ] app.services.telemetry.udp_telemetry — UdpTelemetryReceiver listening on 0.0.0.0:1002
2026-07-10 17:47:12 [INFO    ] app.services.video.manager — Starting new VideoReceiver for port 1000
2026-07-10 17:47:12 [INFO    ] app.services.video.receiver — VideoReceiver created (Source: UDP)
2026-07-10 17:47:12 [INFO    ] app.services.video.receiver — VideoReceiver listening on UDP port 1000
2026-07-10 17:47:12 [INFO    ] app.services.video.receiver — VideoReceiver thread started for udp
2026-07-10 17:47:12 [INFO    ] app.services.websocket.manager — Video client connected to port 1000 — total for port: 1
2026-07-10 17:47:12 [INFO    ] app.services.video.manager — Broadcast loop started for port 1000
2026-07-10 17:47:12 [INFO    ] app.services.websocket.manager — Video client disconnected from port 1000 — remaining for port: 0
2026-07-10 17:47:12 [INFO    ] app.services.video.manager — Stopping VideoReceiver for port 1000
2026-07-10 17:47:12 [INFO    ] app.services.video.receiver — VideoReceiver stopped
2026-07-10 17:47:12 [INFO    ] app.services.video.manager — Stopping UdpTelemetryReceiver for JSON port 1002
2026-07-10 17:47:12 [INFO    ] app.services.telemetry.udp_telemetry — UdpTelemetryReceiver stopped.
2026-07-10 17:47:13 [INFO    ] app.services.video.manager — Starting new UdpTelemetryReceiver for JSON port 1002
2026-07-10 17:47:13 [INFO    ] app.services.telemetry.udp_telemetry — UdpTelemetryReceiver listening on 0.0.0.0:1002
2026-07-10 17:47:13 [INFO    ] app.services.video.manager — Starting new VideoReceiver for port 1002
2026-07-10 17:47:13 [INFO    ] app.services.video.receiver — VideoReceiver created (Source: UDP)
2026-07-10 17:47:13 [INFO    ] app.services.video.receiver — VideoReceiver listening on UDP port 1002
2026-07-10 17:47:13 [INFO    ] app.services.video.receiver — VideoReceiver thread started for udp
2026-07-10 17:47:13 [INFO    ] app.services.websocket.manager — Video client connected to port 1002 — total for port: 1
2026-07-10 17:47:13 [INFO    ] app.services.video.manager — Broadcast loop started for port 1002
2026-07-10 17:47:15 [INFO    ] app.services.websocket.manager — Video client disconnected from port 1002 — remaining for port: 0
2026-07-10 17:47:15 [INFO    ] app.services.video.manager — Stopping VideoReceiver for port 1002
2026-07-10 17:47:15 [INFO    ] app.services.video.receiver — VideoReceiver stopped
2026-07-10 17:47:15 [INFO    ] app.services.video.manager — Stopping UdpTelemetryReceiver for JSON port 1002
2026-07-10 17:47:15 [INFO    ] app.services.telemetry.udp_telemetry — UdpTelemetryReceiver stopped.
2026-07-10 17:47:15 [INFO    ] app.services.video.manager — Starting new UdpTelemetryReceiver for JSON port 1003
2026-07-10 17:47:15 [INFO    ] app.services.telemetry.udp_telemetry — UdpTelemetryReceiver listening on 0.0.0.0:1003
2026-07-10 17:47:15 [INFO    ] app.services.video.manager — Starting new VideoReceiver for port 1002
2026-07-10 17:47:15 [INFO    ] app.services.video.receiver — VideoReceiver created (Source: UDP)
2026-07-10 17:47:15 [INFO    ] app.services.video.receiver — VideoReceiver listening on UDP port 1002
2026-07-10 17:47:15 [INFO    ] app.services.video.receiver — VideoReceiver thread started for udp
2026-07-10 17:47:15 [INFO    ] app.services.websocket.manager — Video client connected to port 1002 — total for port: 1
2026-07-10 17:47:15 [INFO    ] app.services.video.manager — Broadcast loop started for port 1002
2026-07-10 17:47:15 [INFO    ] app.services.websocket.manager — Video client disconnected from port 1002 — remaining for port: 0
2026-07-10 17:47:15 [INFO    ] app.services.video.manager — Stopping VideoReceiver for port 1002
2026-07-10 17:47:15 [INFO    ] app.services.video.receiver — VideoReceiver stopped
2026-07-10 17:47:15 [INFO    ] app.services.video.manager — Stopping UdpTelemetryReceiver for JSON port 1003
2026-07-10 17:47:15 [INFO    ] app.services.telemetry.udp_telemetry — UdpTelemetryReceiver stopped.
2026-07-10 17:47:15 [INFO    ] app.services.video.manager — Starting new UdpTelemetryReceiver for JSON port 1001
2026-07-10 17:47:15 [INFO    ] app.services.telemetry.udp_telemetry — UdpTelemetryReceiver listening on 0.0.0.0:1001
2026-07-10 17:47:15 [INFO    ] app.services.video.manager — Starting new VideoReceiver for port 1002
2026-07-10 17:47:15 [INFO    ] app.services.video.receiver — VideoReceiver created (Source: UDP)
2026-07-10 17:47:15 [INFO    ] app.services.video.receiver — VideoReceiver listening on UDP port 1002
2026-07-10 17:47:15 [INFO    ] app.services.video.receiver — VideoReceiver thread started for udp
2026-07-10 17:47:15 [INFO    ] app.services.websocket.manager — Video client connected to port 1002 — total for port: 1
2026-07-10 17:47:15 [INFO    ] app.services.video.manager — Broadcast loop started for port 1002
2026-07-10 18:20:48 [INFO    ] app.services.websocket.manager — System client disconnected — remaining: 0
2026-07-10 18:20:48 [INFO    ] app.services.websocket.manager — Video client disconnected from port 1002 — remaining for port: 0
2026-07-10 18:20:48 [INFO    ] app.services.video.manager — Stopping VideoReceiver for port 1002
2026-07-10 18:20:48 [INFO    ] app.services.video.receiver — VideoReceiver stopped
2026-07-10 18:20:48 [INFO    ] app.services.video.manager — Stopping UdpTelemetryReceiver for JSON port 1001
2026-07-10 18:20:48 [INFO    ] app.services.telemetry.udp_telemetry — UdpTelemetryReceiver stopped.
2026-07-10 18:20:48 [INFO    ] app.services.websocket.manager — Telemetry client disconnected — remaining: 0
2026-07-10 18:20:48 [INFO    ] app.main — Ground Station shutting down…
2026-07-10 18:20:48 [INFO    ] app.services.yolo.detector — YOLODetector stopped | total_inferences=19804 | total_detections=12
2026-07-10 18:20:48 [INFO    ] app.main — Ground Station stopped.
2026-07-11 15:47:25 [INFO    ] app.services.video.manager — MultiStreamManager ready (fps_limit=30, jpeg_quality=80, yolo=enabled)
2026-07-11 15:47:25 [INFO    ] app.main — ═══════════════════════════════════════════
2026-07-11 15:47:25 [INFO    ] app.main —   UAV Ground Station starting up
2026-07-11 15:47:25 [INFO    ] app.main —   Web  port : 8000
2026-07-11 15:47:25 [INFO    ] app.main —   Host      : 0.0.0.0
2026-07-11 15:47:25 [INFO    ] app.main —   YOLO      : enabled
2026-07-11 15:47:25 [INFO    ] app.main — ═══════════════════════════════════════════
2026-07-11 15:47:25 [INFO    ] app.services.yolo.detector — Loading YOLO model: yolo11n.pt
2026-07-11 15:47:25 [INFO    ] app.services.yolo.detector — Class 'person' → ID 0
2026-07-11 15:47:25 [INFO    ] app.services.yolo.detector — YOLODetector started | model=yolo11n.pt | conf=0.40 | iou=0.45 | max_fps=10.0 | device='auto' | filter=[0] | ws_broadcast=enabled
2026-07-11 15:47:25 [INFO    ] app.services.yolo.detector — === Class list dari model 'yolo11n.pt' ===
2026-07-11 15:47:25 [INFO    ] app.services.yolo.detector —   [  0] person ← AKTIF
2026-07-11 15:47:25 [INFO    ] app.services.yolo.detector —   [  1] bicycle
2026-07-11 15:47:25 [INFO    ] app.services.yolo.detector —   [  2] car
2026-07-11 15:47:25 [INFO    ] app.services.yolo.detector —   [  3] motorcycle
2026-07-11 15:47:25 [INFO    ] app.services.yolo.detector —   [  4] airplane
2026-07-11 15:47:25 [INFO    ] app.services.yolo.detector —   [  5] bus
2026-07-11 15:47:25 [INFO    ] app.services.yolo.detector —   [  6] train
2026-07-11 15:47:25 [INFO    ] app.services.yolo.detector —   [  7] truck
2026-07-11 15:47:25 [INFO    ] app.services.yolo.detector —   [  8] boat
2026-07-11 15:47:25 [INFO    ] app.services.yolo.detector —   [  9] traffic light
2026-07-11 15:47:25 [INFO    ] app.services.yolo.detector —   [ 10] fire hydrant
2026-07-11 15:47:25 [INFO    ] app.services.yolo.detector —   [ 11] stop sign
2026-07-11 15:47:25 [INFO    ] app.services.yolo.detector —   [ 12] parking meter
2026-07-11 15:47:25 [INFO    ] app.services.yolo.detector —   [ 13] bench
2026-07-11 15:47:25 [INFO    ] app.services.yolo.detector —   [ 14] bird
2026-07-11 15:47:25 [INFO    ] app.services.yolo.detector —   [ 15] cat
2026-07-11 15:47:25 [INFO    ] app.services.yolo.detector —   [ 16] dog
2026-07-11 15:47:25 [INFO    ] app.services.yolo.detector —   [ 17] horse
2026-07-11 15:47:25 [INFO    ] app.services.yolo.detector —   [ 18] sheep
2026-07-11 15:47:25 [INFO    ] app.services.yolo.detector —   [ 19] cow
2026-07-11 15:47:25 [INFO    ] app.services.yolo.detector —   [ 20] elephant
2026-07-11 15:47:25 [INFO    ] app.services.yolo.detector —   [ 21] bear
2026-07-11 15:47:25 [INFO    ] app.services.yolo.detector —   [ 22] zebra
2026-07-11 15:47:25 [INFO    ] app.services.yolo.detector —   [ 23] giraffe
2026-07-11 15:47:25 [INFO    ] app.services.yolo.detector —   [ 24] backpack
2026-07-11 15:47:25 [INFO    ] app.services.yolo.detector —   [ 25] umbrella
2026-07-11 15:47:25 [INFO    ] app.services.yolo.detector —   [ 26] handbag
2026-07-11 15:47:25 [INFO    ] app.services.yolo.detector —   [ 27] tie
2026-07-11 15:47:25 [INFO    ] app.services.yolo.detector —   [ 28] suitcase
2026-07-11 15:47:25 [INFO    ] app.services.yolo.detector —   [ 29] frisbee
2026-07-11 15:47:25 [INFO    ] app.services.yolo.detector —   [ 30] skis
2026-07-11 15:47:25 [INFO    ] app.services.yolo.detector —   [ 31] snowboard
2026-07-11 15:47:25 [INFO    ] app.services.yolo.detector —   [ 32] sports ball
2026-07-11 15:47:25 [INFO    ] app.services.yolo.detector —   [ 33] kite
2026-07-11 15:47:25 [INFO    ] app.services.yolo.detector —   [ 34] baseball bat
2026-07-11 15:47:25 [INFO    ] app.services.yolo.detector —   [ 35] baseball glove
2026-07-11 15:47:25 [INFO    ] app.services.yolo.detector —   [ 36] skateboard
2026-07-11 15:47:25 [INFO    ] app.services.yolo.detector —   [ 37] surfboard
2026-07-11 15:47:25 [INFO    ] app.services.yolo.detector —   [ 38] tennis racket
2026-07-11 15:47:25 [INFO    ] app.services.yolo.detector —   [ 39] bottle
2026-07-11 15:47:25 [INFO    ] app.services.yolo.detector —   [ 40] wine glass
2026-07-11 15:47:25 [INFO    ] app.services.yolo.detector —   [ 41] cup
2026-07-11 15:47:25 [INFO    ] app.services.yolo.detector —   [ 42] fork
2026-07-11 15:47:25 [INFO    ] app.services.yolo.detector —   [ 43] knife
2026-07-11 15:47:25 [INFO    ] app.services.yolo.detector —   [ 44] spoon
2026-07-11 15:47:25 [INFO    ] app.services.yolo.detector —   [ 45] bowl
2026-07-11 15:47:25 [INFO    ] app.services.yolo.detector —   [ 46] banana
2026-07-11 15:47:25 [INFO    ] app.services.yolo.detector —   [ 47] apple
2026-07-11 15:47:25 [INFO    ] app.services.yolo.detector —   [ 48] sandwich
2026-07-11 15:47:25 [INFO    ] app.services.yolo.detector —   [ 49] orange
2026-07-11 15:47:25 [INFO    ] app.services.yolo.detector —   [ 50] broccoli
2026-07-11 15:47:25 [INFO    ] app.services.yolo.detector —   [ 51] carrot
2026-07-11 15:47:25 [INFO    ] app.services.yolo.detector —   [ 52] hot dog
2026-07-11 15:47:25 [INFO    ] app.services.yolo.detector —   [ 53] pizza
2026-07-11 15:47:25 [INFO    ] app.services.yolo.detector —   [ 54] donut
2026-07-11 15:47:25 [INFO    ] app.services.yolo.detector —   [ 55] cake
2026-07-11 15:47:25 [INFO    ] app.services.yolo.detector —   [ 56] chair
2026-07-11 15:47:25 [INFO    ] app.services.yolo.detector —   [ 57] couch
2026-07-11 15:47:25 [INFO    ] app.services.yolo.detector —   [ 58] potted plant
2026-07-11 15:47:25 [INFO    ] app.services.yolo.detector —   [ 59] bed
2026-07-11 15:47:25 [INFO    ] app.services.yolo.detector —   [ 60] dining table
2026-07-11 15:47:25 [INFO    ] app.services.yolo.detector —   [ 61] toilet
2026-07-11 15:47:25 [INFO    ] app.services.yolo.detector —   [ 62] tv
2026-07-11 15:47:25 [INFO    ] app.services.yolo.detector —   [ 63] laptop
2026-07-11 15:47:25 [INFO    ] app.services.yolo.detector —   [ 64] mouse
2026-07-11 15:47:25 [INFO    ] app.services.yolo.detector —   [ 65] remote
2026-07-11 15:47:25 [INFO    ] app.services.yolo.detector —   [ 66] keyboard
2026-07-11 15:47:25 [INFO    ] app.services.yolo.detector —   [ 67] cell phone
2026-07-11 15:47:25 [INFO    ] app.services.yolo.detector —   [ 68] microwave
2026-07-11 15:47:25 [INFO    ] app.services.yolo.detector —   [ 69] oven
2026-07-11 15:47:25 [INFO    ] app.services.yolo.detector —   [ 70] toaster
2026-07-11 15:47:25 [INFO    ] app.services.yolo.detector —   [ 71] sink
2026-07-11 15:47:25 [INFO    ] app.services.yolo.detector —   [ 72] refrigerator
2026-07-11 15:47:25 [INFO    ] app.services.yolo.detector —   [ 73] book
2026-07-11 15:47:25 [INFO    ] app.services.yolo.detector —   [ 74] clock
2026-07-11 15:47:25 [INFO    ] app.services.yolo.detector —   [ 75] vase
2026-07-11 15:47:25 [INFO    ] app.services.yolo.detector —   [ 76] scissors
2026-07-11 15:47:25 [INFO    ] app.services.yolo.detector —   [ 77] teddy bear
2026-07-11 15:47:25 [INFO    ] app.services.yolo.detector —   [ 78] hair drier
2026-07-11 15:47:25 [INFO    ] app.services.yolo.detector —   [ 79] toothbrush
2026-07-11 15:47:25 [INFO    ] app.services.yolo.detector — Filter aktif: [0]
2026-07-11 15:47:25 [INFO    ] app.main — YOLODetector started (model=yolo11n.pt)
2026-07-11 15:47:25 [INFO    ] app.main — Ground Station ready — open http://0.0.0.0:8000
2026-07-11 15:47:26 [INFO    ] app.services.websocket.manager — System client connected — total: 1
2026-07-11 15:47:26 [INFO    ] app.services.websocket.manager — Telemetry client connected — total: 1
2026-07-11 15:47:48 [INFO    ] app.services.mavlink.connection — Connecting to MAVLink at tcp:100.121.12.16:5760
2026-07-11 15:47:48 [INFO    ] app.services.video.manager — Starting new UdpTelemetryReceiver for JSON port 2
2026-07-11 15:47:48 [INFO    ] app.services.telemetry.udp_telemetry — UdpTelemetryReceiver listening on 0.0.0.0:2
2026-07-11 15:47:48 [INFO    ] app.services.video.manager — Starting new VideoReceiver for port 1
2026-07-11 15:47:48 [INFO    ] app.services.video.receiver — VideoReceiver created (Source: UDP)
2026-07-11 15:47:48 [INFO    ] app.services.video.receiver — VideoReceiver listening on UDP port 1
2026-07-11 15:47:48 [INFO    ] app.services.video.receiver — VideoReceiver thread started for udp
2026-07-11 15:47:48 [INFO    ] app.services.websocket.manager — Video client connected to port 1 — total for port: 1
2026-07-11 15:47:48 [INFO    ] app.services.video.manager — Broadcast loop started for port 1
2026-07-11 15:47:50 [INFO    ] app.services.websocket.manager — Video client disconnected from port 1 — remaining for port: 0
2026-07-11 15:47:50 [INFO    ] app.services.video.manager — Stopping VideoReceiver for port 1
2026-07-11 15:47:50 [INFO    ] app.services.video.receiver — VideoReceiver stopped
2026-07-11 15:47:50 [INFO    ] app.services.video.manager — Stopping UdpTelemetryReceiver for JSON port 2
2026-07-11 15:47:50 [INFO    ] app.services.telemetry.udp_telemetry — UdpTelemetryReceiver stopped.
2026-07-11 15:47:50 [INFO    ] app.services.video.manager — Starting new UdpTelemetryReceiver for JSON port 2
2026-07-11 15:47:50 [INFO    ] app.services.telemetry.udp_telemetry — UdpTelemetryReceiver listening on 0.0.0.0:2
2026-07-11 15:47:50 [INFO    ] app.services.video.manager — Starting new VideoReceiver for port 1002
2026-07-11 15:47:50 [INFO    ] app.services.video.receiver — VideoReceiver created (Source: UDP)
2026-07-11 15:47:50 [INFO    ] app.services.video.receiver — VideoReceiver listening on UDP port 1002
2026-07-11 15:47:50 [INFO    ] app.services.video.receiver — VideoReceiver thread started for udp
2026-07-11 15:47:50 [INFO    ] app.services.websocket.manager — Video client connected to port 1002 — total for port: 1
2026-07-11 15:47:50 [INFO    ] app.services.video.manager — Broadcast loop started for port 1002
2026-07-11 15:47:51 [ERROR   ] app.services.mavlink.connection — Failed to connect to tcp:100.121.12.16:5760: Connection timed out (host unreachable)
2026-07-11 15:47:51 [ERROR   ] app.services.mavlink.telemetry_bridge — Failed to connect slot 1: Connection timed out (host unreachable)
2026-07-11 15:49:55 [INFO    ] app.services.websocket.manager — Video client disconnected from port 1002 — remaining for port: 0
2026-07-11 15:49:55 [INFO    ] app.services.video.manager — Stopping VideoReceiver for port 1002
2026-07-11 15:49:55 [INFO    ] app.services.video.receiver — VideoReceiver stopped
2026-07-11 15:49:55 [INFO    ] app.services.video.manager — Stopping UdpTelemetryReceiver for JSON port 2
2026-07-11 15:49:55 [INFO    ] app.services.telemetry.udp_telemetry — UdpTelemetryReceiver stopped.
2026-07-11 15:49:55 [INFO    ] app.services.video.manager — Starting new UdpTelemetryReceiver for JSON port 1002
2026-07-11 15:49:55 [INFO    ] app.services.telemetry.udp_telemetry — UdpTelemetryReceiver listening on 0.0.0.0:1002
2026-07-11 15:49:55 [INFO    ] app.services.video.manager — Starting new VideoReceiver for port 1002
2026-07-11 15:49:55 [INFO    ] app.services.video.receiver — VideoReceiver created (Source: UDP)
2026-07-11 15:49:55 [INFO    ] app.services.video.receiver — VideoReceiver listening on UDP port 1002
2026-07-11 15:49:55 [INFO    ] app.services.video.receiver — VideoReceiver thread started for udp
2026-07-11 15:49:55 [INFO    ] app.services.websocket.manager — Video client connected to port 1002 — total for port: 1
2026-07-11 15:49:55 [INFO    ] app.services.video.manager — Broadcast loop started for port 1002
2026-07-11 15:49:56 [INFO    ] app.services.websocket.manager — Video client disconnected from port 1002 — remaining for port: 0
2026-07-11 15:49:56 [INFO    ] app.services.video.manager — Stopping VideoReceiver for port 1002
2026-07-11 15:49:56 [INFO    ] app.services.video.receiver — VideoReceiver stopped
2026-07-11 15:49:56 [INFO    ] app.services.video.manager — Stopping UdpTelemetryReceiver for JSON port 1002
2026-07-11 15:49:56 [INFO    ] app.services.telemetry.udp_telemetry — UdpTelemetryReceiver stopped.
2026-07-11 15:49:56 [INFO    ] app.services.video.manager — Starting new UdpTelemetryReceiver for JSON port 1001
2026-07-11 15:49:56 [INFO    ] app.services.telemetry.udp_telemetry — UdpTelemetryReceiver listening on 0.0.0.0:1001
2026-07-11 15:49:56 [INFO    ] app.services.video.manager — Starting new VideoReceiver for port 1002
2026-07-11 15:49:56 [INFO    ] app.services.video.receiver — VideoReceiver created (Source: UDP)
2026-07-11 15:49:56 [INFO    ] app.services.video.receiver — VideoReceiver listening on UDP port 1002
2026-07-11 15:49:56 [INFO    ] app.services.video.receiver — VideoReceiver thread started for udp
2026-07-11 15:49:56 [INFO    ] app.services.websocket.manager — Video client connected to port 1002 — total for port: 1
2026-07-11 15:49:56 [INFO    ] app.services.video.manager — Broadcast loop started for port 1002
2026-07-11 15:54:27 [INFO    ] app.services.websocket.manager — System client disconnected — remaining: 0
2026-07-11 15:54:27 [INFO    ] app.services.websocket.manager — Telemetry client disconnected — remaining: 0
2026-07-11 15:54:27 [INFO    ] app.services.websocket.manager — Video client disconnected from port 1002 — remaining for port: 0
2026-07-11 15:54:27 [INFO    ] app.services.video.manager — Stopping VideoReceiver for port 1002
2026-07-11 15:54:27 [INFO    ] app.services.video.receiver — VideoReceiver stopped
2026-07-11 15:54:27 [INFO    ] app.services.video.manager — Stopping UdpTelemetryReceiver for JSON port 1001
2026-07-11 15:54:27 [INFO    ] app.services.telemetry.udp_telemetry — UdpTelemetryReceiver stopped.
2026-07-11 15:54:29 [INFO    ] app.main — Ground Station shutting down…
2026-07-11 15:54:29 [INFO    ] app.services.yolo.detector — YOLODetector stopped | total_inferences=513 | total_detections=162
2026-07-11 15:54:29 [INFO    ] app.main — Ground Station stopped.
2026-07-13 15:33:11 [INFO    ] app.services.video.manager — MultiStreamManager ready (fps_limit=30, jpeg_quality=80, yolo=enabled)
2026-07-13 15:33:11 [INFO    ] app.main — ═══════════════════════════════════════════
2026-07-13 15:33:11 [INFO    ] app.main —   UAV Ground Station starting up
2026-07-13 15:33:11 [INFO    ] app.main —   Web  port : 8000
2026-07-13 15:33:11 [INFO    ] app.main —   Host      : 0.0.0.0
2026-07-13 15:33:11 [INFO    ] app.main —   YOLO      : enabled
2026-07-13 15:33:11 [INFO    ] app.main — ═══════════════════════════════════════════
2026-07-13 15:33:11 [INFO    ] app.services.yolo.detector — Loading YOLO model: yolo11n.pt
2026-07-13 15:33:12 [INFO    ] app.services.yolo.detector — Class 'person' → ID 0
2026-07-13 15:33:12 [INFO    ] app.services.yolo.detector — YOLODetector started | model=yolo11n.pt | conf=0.40 | iou=0.45 | max_fps=10.0 | device='auto' | filter=[0] | ws_broadcast=enabled
2026-07-13 15:33:12 [INFO    ] app.services.yolo.detector — === Class list dari model 'yolo11n.pt' ===
2026-07-13 15:33:12 [INFO    ] app.services.yolo.detector —   [  0] person ← AKTIF
2026-07-13 15:33:12 [INFO    ] app.services.yolo.detector —   [  1] bicycle
2026-07-13 15:33:12 [INFO    ] app.services.yolo.detector —   [  2] car
2026-07-13 15:33:12 [INFO    ] app.services.yolo.detector —   [  3] motorcycle
2026-07-13 15:33:12 [INFO    ] app.services.yolo.detector —   [  4] airplane
2026-07-13 15:33:12 [INFO    ] app.services.yolo.detector —   [  5] bus
2026-07-13 15:33:12 [INFO    ] app.services.yolo.detector —   [  6] train
2026-07-13 15:33:12 [INFO    ] app.services.yolo.detector —   [  7] truck
2026-07-13 15:33:12 [INFO    ] app.services.yolo.detector —   [  8] boat
2026-07-13 15:33:12 [INFO    ] app.services.yolo.detector —   [  9] traffic light
2026-07-13 15:33:12 [INFO    ] app.services.yolo.detector —   [ 10] fire hydrant
2026-07-13 15:33:12 [INFO    ] app.services.yolo.detector —   [ 11] stop sign
2026-07-13 15:33:12 [INFO    ] app.services.yolo.detector —   [ 12] parking meter
2026-07-13 15:33:12 [INFO    ] app.services.yolo.detector —   [ 13] bench
2026-07-13 15:33:12 [INFO    ] app.services.yolo.detector —   [ 14] bird
2026-07-13 15:33:12 [INFO    ] app.services.yolo.detector —   [ 15] cat
2026-07-13 15:33:12 [INFO    ] app.services.yolo.detector —   [ 16] dog
2026-07-13 15:33:12 [INFO    ] app.services.yolo.detector —   [ 17] horse
2026-07-13 15:33:12 [INFO    ] app.services.yolo.detector —   [ 18] sheep
2026-07-13 15:33:12 [INFO    ] app.services.yolo.detector —   [ 19] cow
2026-07-13 15:33:12 [INFO    ] app.services.yolo.detector —   [ 20] elephant
2026-07-13 15:33:12 [INFO    ] app.services.yolo.detector —   [ 21] bear
2026-07-13 15:33:12 [INFO    ] app.services.yolo.detector —   [ 22] zebra
2026-07-13 15:33:12 [INFO    ] app.services.yolo.detector —   [ 23] giraffe
2026-07-13 15:33:12 [INFO    ] app.services.yolo.detector —   [ 24] backpack
2026-07-13 15:33:12 [INFO    ] app.services.yolo.detector —   [ 25] umbrella
2026-07-13 15:33:12 [INFO    ] app.services.yolo.detector —   [ 26] handbag
2026-07-13 15:33:12 [INFO    ] app.services.yolo.detector —   [ 27] tie
2026-07-13 15:33:12 [INFO    ] app.services.yolo.detector —   [ 28] suitcase
2026-07-13 15:33:12 [INFO    ] app.services.yolo.detector —   [ 29] frisbee
2026-07-13 15:33:12 [INFO    ] app.services.yolo.detector —   [ 30] skis
2026-07-13 15:33:12 [INFO    ] app.services.yolo.detector —   [ 31] snowboard
2026-07-13 15:33:12 [INFO    ] app.services.yolo.detector —   [ 32] sports ball
2026-07-13 15:33:12 [INFO    ] app.services.yolo.detector —   [ 33] kite
2026-07-13 15:33:12 [INFO    ] app.services.yolo.detector —   [ 34] baseball bat
2026-07-13 15:33:12 [INFO    ] app.services.yolo.detector —   [ 35] baseball glove
2026-07-13 15:33:12 [INFO    ] app.services.yolo.detector —   [ 36] skateboard
2026-07-13 15:33:12 [INFO    ] app.services.yolo.detector —   [ 37] surfboard
2026-07-13 15:33:12 [INFO    ] app.services.yolo.detector —   [ 38] tennis racket
2026-07-13 15:33:12 [INFO    ] app.services.yolo.detector —   [ 39] bottle
2026-07-13 15:33:12 [INFO    ] app.services.yolo.detector —   [ 40] wine glass
2026-07-13 15:33:12 [INFO    ] app.services.yolo.detector —   [ 41] cup
2026-07-13 15:33:12 [INFO    ] app.services.yolo.detector —   [ 42] fork
2026-07-13 15:33:12 [INFO    ] app.services.yolo.detector —   [ 43] knife
2026-07-13 15:33:12 [INFO    ] app.services.yolo.detector —   [ 44] spoon
2026-07-13 15:33:12 [INFO    ] app.services.yolo.detector —   [ 45] bowl
2026-07-13 15:33:12 [INFO    ] app.services.yolo.detector —   [ 46] banana
2026-07-13 15:33:12 [INFO    ] app.services.yolo.detector —   [ 47] apple
2026-07-13 15:33:12 [INFO    ] app.services.yolo.detector —   [ 48] sandwich
2026-07-13 15:33:12 [INFO    ] app.services.yolo.detector —   [ 49] orange
2026-07-13 15:33:12 [INFO    ] app.services.yolo.detector —   [ 50] broccoli
2026-07-13 15:33:12 [INFO    ] app.services.yolo.detector —   [ 51] carrot
2026-07-13 15:33:12 [INFO    ] app.services.yolo.detector —   [ 52] hot dog
2026-07-13 15:33:12 [INFO    ] app.services.yolo.detector —   [ 53] pizza
2026-07-13 15:33:12 [INFO    ] app.services.yolo.detector —   [ 54] donut
2026-07-13 15:33:12 [INFO    ] app.services.yolo.detector —   [ 55] cake
2026-07-13 15:33:12 [INFO    ] app.services.yolo.detector —   [ 56] chair
2026-07-13 15:33:12 [INFO    ] app.services.yolo.detector —   [ 57] couch
2026-07-13 15:33:12 [INFO    ] app.services.yolo.detector —   [ 58] potted plant
2026-07-13 15:33:12 [INFO    ] app.services.yolo.detector —   [ 59] bed
2026-07-13 15:33:12 [INFO    ] app.services.yolo.detector —   [ 60] dining table
2026-07-13 15:33:12 [INFO    ] app.services.yolo.detector —   [ 61] toilet
2026-07-13 15:33:12 [INFO    ] app.services.yolo.detector —   [ 62] tv
2026-07-13 15:33:12 [INFO    ] app.services.yolo.detector —   [ 63] laptop
2026-07-13 15:33:12 [INFO    ] app.services.yolo.detector —   [ 64] mouse
2026-07-13 15:33:12 [INFO    ] app.services.yolo.detector —   [ 65] remote
2026-07-13 15:33:12 [INFO    ] app.services.yolo.detector —   [ 66] keyboard
2026-07-13 15:33:12 [INFO    ] app.services.yolo.detector —   [ 67] cell phone
2026-07-13 15:33:12 [INFO    ] app.services.yolo.detector —   [ 68] microwave
2026-07-13 15:33:12 [INFO    ] app.services.yolo.detector —   [ 69] oven
2026-07-13 15:33:12 [INFO    ] app.services.yolo.detector —   [ 70] toaster
2026-07-13 15:33:12 [INFO    ] app.services.yolo.detector —   [ 71] sink
2026-07-13 15:33:12 [INFO    ] app.services.yolo.detector —   [ 72] refrigerator
2026-07-13 15:33:12 [INFO    ] app.services.yolo.detector —   [ 73] book
2026-07-13 15:33:12 [INFO    ] app.services.yolo.detector —   [ 74] clock
2026-07-13 15:33:12 [INFO    ] app.services.yolo.detector —   [ 75] vase
2026-07-13 15:33:12 [INFO    ] app.services.yolo.detector —   [ 76] scissors
2026-07-13 15:33:12 [INFO    ] app.services.yolo.detector —   [ 77] teddy bear
2026-07-13 15:33:12 [INFO    ] app.services.yolo.detector —   [ 78] hair drier
2026-07-13 15:33:12 [INFO    ] app.services.yolo.detector —   [ 79] toothbrush
2026-07-13 15:33:12 [INFO    ] app.services.yolo.detector — Filter aktif: [0]
2026-07-13 15:33:12 [INFO    ] app.main — YOLODetector started (model=yolo11n.pt)
2026-07-13 15:33:12 [INFO    ] app.main — Ground Station ready — open http://0.0.0.0:8000
2026-07-13 15:33:13 [INFO    ] app.services.websocket.manager — System client connected — total: 1
2026-07-13 15:33:13 [INFO    ] app.services.websocket.manager — Telemetry client connected — total: 1
2026-07-13 15:33:36 [INFO    ] app.services.mavlink.connection — Connecting to MAVLink at tcp:100.121.12.16:5760
2026-07-13 15:33:36 [INFO    ] app.services.video.manager — Starting new UdpTelemetryReceiver for JSON port 2
2026-07-13 15:33:36 [INFO    ] app.services.telemetry.udp_telemetry — UdpTelemetryReceiver listening on 0.0.0.0:2
2026-07-13 15:33:36 [INFO    ] app.services.video.manager — Starting new VideoReceiver for port 1
2026-07-13 15:33:36 [INFO    ] app.services.video.receiver — VideoReceiver created (Source: UDP)
2026-07-13 15:33:36 [INFO    ] app.services.video.receiver — VideoReceiver listening on UDP port 1
2026-07-13 15:33:36 [INFO    ] app.services.video.receiver — VideoReceiver thread started for udp
2026-07-13 15:33:36 [INFO    ] app.services.websocket.manager — Video client connected to port 1 — total for port: 1
2026-07-13 15:33:36 [INFO    ] app.services.video.manager — Broadcast loop started for port 1
2026-07-13 15:33:39 [ERROR   ] app.services.mavlink.connection — Failed to connect to tcp:100.121.12.16:5760: Connection timed out (host unreachable)
2026-07-13 15:33:39 [ERROR   ] app.services.mavlink.telemetry_bridge — Failed to connect slot 1: Connection timed out (host unreachable)
2026-07-13 15:34:06 [INFO    ] app.services.websocket.manager — Video client disconnected from port 1 — remaining for port: 0
2026-07-13 15:34:06 [INFO    ] app.services.video.manager — Stopping VideoReceiver for port 1
2026-07-13 15:34:06 [INFO    ] app.services.video.receiver — VideoReceiver stopped
2026-07-13 15:34:06 [INFO    ] app.services.video.manager — Stopping UdpTelemetryReceiver for JSON port 2
2026-07-13 15:34:06 [INFO    ] app.services.telemetry.udp_telemetry — UdpTelemetryReceiver stopped.
2026-07-13 15:34:06 [INFO    ] app.services.websocket.manager — Telemetry client disconnected — remaining: 0
2026-07-13 15:34:06 [INFO    ] app.services.websocket.manager — System client disconnected — remaining: 0
2026-07-13 15:34:06 [INFO    ] app.main — Ground Station shutting down…
2026-07-13 15:34:06 [INFO    ] app.services.yolo.detector — YOLODetector stopped | total_inferences=0 | total_detections=0
2026-07-13 15:34:06 [INFO    ] app.main — Ground Station stopped.
2026-07-13 15:48:48 [INFO    ] app.services.video.manager — MultiStreamManager ready (fps_limit=30, jpeg_quality=80, yolo=enabled)
2026-07-13 15:48:48 [INFO    ] app.main — ═══════════════════════════════════════════
2026-07-13 15:48:48 [INFO    ] app.main —   UAV Ground Station starting up
2026-07-13 15:48:48 [INFO    ] app.main —   Web  port : 8000
2026-07-13 15:48:48 [INFO    ] app.main —   Host      : 0.0.0.0
2026-07-13 15:48:48 [INFO    ] app.main —   YOLO      : enabled
2026-07-13 15:48:48 [INFO    ] app.main — ═══════════════════════════════════════════
2026-07-13 15:48:48 [INFO    ] app.services.yolo.detector — Loading YOLO model: yolo11n.pt
2026-07-13 15:48:48 [INFO    ] app.services.yolo.detector — Class 'person' → ID 0
2026-07-13 15:48:48 [INFO    ] app.services.yolo.detector — YOLODetector started | model=yolo11n.pt | conf=0.40 | iou=0.45 | max_fps=10.0 | device='auto' | filter=[0] | ws_broadcast=enabled
2026-07-13 15:48:48 [INFO    ] app.services.yolo.detector — === Class list dari model 'yolo11n.pt' ===
2026-07-13 15:48:48 [INFO    ] app.services.yolo.detector —   [  0] person ← AKTIF
2026-07-13 15:48:48 [INFO    ] app.services.yolo.detector —   [  1] bicycle
2026-07-13 15:48:48 [INFO    ] app.services.yolo.detector —   [  2] car
2026-07-13 15:48:48 [INFO    ] app.services.yolo.detector —   [  3] motorcycle
2026-07-13 15:48:48 [INFO    ] app.services.yolo.detector —   [  4] airplane
2026-07-13 15:48:48 [INFO    ] app.services.yolo.detector —   [  5] bus
2026-07-13 15:48:48 [INFO    ] app.services.yolo.detector —   [  6] train
2026-07-13 15:48:48 [INFO    ] app.services.yolo.detector —   [  7] truck
2026-07-13 15:48:48 [INFO    ] app.services.yolo.detector —   [  8] boat
2026-07-13 15:48:48 [INFO    ] app.services.yolo.detector —   [  9] traffic light
2026-07-13 15:48:48 [INFO    ] app.services.yolo.detector —   [ 10] fire hydrant
2026-07-13 15:48:48 [INFO    ] app.services.yolo.detector —   [ 11] stop sign
2026-07-13 15:48:48 [INFO    ] app.services.yolo.detector —   [ 12] parking meter
2026-07-13 15:48:48 [INFO    ] app.services.yolo.detector —   [ 13] bench
2026-07-13 15:48:48 [INFO    ] app.services.yolo.detector —   [ 14] bird
2026-07-13 15:48:48 [INFO    ] app.services.yolo.detector —   [ 15] cat
2026-07-13 15:48:48 [INFO    ] app.services.yolo.detector —   [ 16] dog
2026-07-13 15:48:48 [INFO    ] app.services.yolo.detector —   [ 17] horse
2026-07-13 15:48:48 [INFO    ] app.services.yolo.detector —   [ 18] sheep
2026-07-13 15:48:48 [INFO    ] app.services.yolo.detector —   [ 19] cow
2026-07-13 15:48:48 [INFO    ] app.services.yolo.detector —   [ 20] elephant
2026-07-13 15:48:48 [INFO    ] app.services.yolo.detector —   [ 21] bear
2026-07-13 15:48:48 [INFO    ] app.services.yolo.detector —   [ 22] zebra
2026-07-13 15:48:48 [INFO    ] app.services.yolo.detector —   [ 23] giraffe
2026-07-13 15:48:48 [INFO    ] app.services.yolo.detector —   [ 24] backpack
2026-07-13 15:48:48 [INFO    ] app.services.yolo.detector —   [ 25] umbrella
2026-07-13 15:48:48 [INFO    ] app.services.yolo.detector —   [ 26] handbag
2026-07-13 15:48:48 [INFO    ] app.services.yolo.detector —   [ 27] tie
2026-07-13 15:48:48 [INFO    ] app.services.yolo.detector —   [ 28] suitcase
2026-07-13 15:48:48 [INFO    ] app.services.yolo.detector —   [ 29] frisbee
2026-07-13 15:48:48 [INFO    ] app.services.yolo.detector —   [ 30] skis
2026-07-13 15:48:48 [INFO    ] app.services.yolo.detector —   [ 31] snowboard
2026-07-13 15:48:48 [INFO    ] app.services.yolo.detector —   [ 32] sports ball
2026-07-13 15:48:48 [INFO    ] app.services.yolo.detector —   [ 33] kite
2026-07-13 15:48:48 [INFO    ] app.services.yolo.detector —   [ 34] baseball bat
2026-07-13 15:48:48 [INFO    ] app.services.yolo.detector —   [ 35] baseball glove
2026-07-13 15:48:48 [INFO    ] app.services.yolo.detector —   [ 36] skateboard
2026-07-13 15:48:48 [INFO    ] app.services.yolo.detector —   [ 37] surfboard
2026-07-13 15:48:48 [INFO    ] app.services.yolo.detector —   [ 38] tennis racket
2026-07-13 15:48:48 [INFO    ] app.services.yolo.detector —   [ 39] bottle
2026-07-13 15:48:48 [INFO    ] app.services.yolo.detector —   [ 40] wine glass
2026-07-13 15:48:48 [INFO    ] app.services.yolo.detector —   [ 41] cup
2026-07-13 15:48:48 [INFO    ] app.services.yolo.detector —   [ 42] fork
2026-07-13 15:48:48 [INFO    ] app.services.yolo.detector —   [ 43] knife
2026-07-13 15:48:48 [INFO    ] app.services.yolo.detector —   [ 44] spoon
2026-07-13 15:48:48 [INFO    ] app.services.yolo.detector —   [ 45] bowl
2026-07-13 15:48:48 [INFO    ] app.services.yolo.detector —   [ 46] banana
2026-07-13 15:48:48 [INFO    ] app.services.yolo.detector —   [ 47] apple
2026-07-13 15:48:48 [INFO    ] app.services.yolo.detector —   [ 48] sandwich
2026-07-13 15:48:48 [INFO    ] app.services.yolo.detector —   [ 49] orange
2026-07-13 15:48:48 [INFO    ] app.services.yolo.detector —   [ 50] broccoli
2026-07-13 15:48:48 [INFO    ] app.services.yolo.detector —   [ 51] carrot
2026-07-13 15:48:48 [INFO    ] app.services.yolo.detector —   [ 52] hot dog
2026-07-13 15:48:48 [INFO    ] app.services.yolo.detector —   [ 53] pizza
2026-07-13 15:48:48 [INFO    ] app.services.yolo.detector —   [ 54] donut
2026-07-13 15:48:48 [INFO    ] app.services.yolo.detector —   [ 55] cake
2026-07-13 15:48:48 [INFO    ] app.services.yolo.detector —   [ 56] chair
2026-07-13 15:48:48 [INFO    ] app.services.yolo.detector —   [ 57] couch
2026-07-13 15:48:48 [INFO    ] app.services.yolo.detector —   [ 58] potted plant
2026-07-13 15:48:48 [INFO    ] app.services.yolo.detector —   [ 59] bed
2026-07-13 15:48:48 [INFO    ] app.services.yolo.detector —   [ 60] dining table
2026-07-13 15:48:48 [INFO    ] app.services.yolo.detector —   [ 61] toilet
2026-07-13 15:48:48 [INFO    ] app.services.yolo.detector —   [ 62] tv
2026-07-13 15:48:48 [INFO    ] app.services.yolo.detector —   [ 63] laptop
2026-07-13 15:48:48 [INFO    ] app.services.yolo.detector —   [ 64] mouse
2026-07-13 15:48:48 [INFO    ] app.services.yolo.detector —   [ 65] remote
2026-07-13 15:48:48 [INFO    ] app.services.yolo.detector —   [ 66] keyboard
2026-07-13 15:48:48 [INFO    ] app.services.yolo.detector —   [ 67] cell phone
2026-07-13 15:48:48 [INFO    ] app.services.yolo.detector —   [ 68] microwave
2026-07-13 15:48:48 [INFO    ] app.services.yolo.detector —   [ 69] oven
2026-07-13 15:48:48 [INFO    ] app.services.yolo.detector —   [ 70] toaster
2026-07-13 15:48:48 [INFO    ] app.services.yolo.detector —   [ 71] sink
2026-07-13 15:48:48 [INFO    ] app.services.yolo.detector —   [ 72] refrigerator
2026-07-13 15:48:48 [INFO    ] app.services.yolo.detector —   [ 73] book
2026-07-13 15:48:48 [INFO    ] app.services.yolo.detector —   [ 74] clock
2026-07-13 15:48:48 [INFO    ] app.services.yolo.detector —   [ 75] vase
2026-07-13 15:48:48 [INFO    ] app.services.yolo.detector —   [ 76] scissors
2026-07-13 15:48:48 [INFO    ] app.services.yolo.detector —   [ 77] teddy bear
2026-07-13 15:48:48 [INFO    ] app.services.yolo.detector —   [ 78] hair drier
2026-07-13 15:48:48 [INFO    ] app.services.yolo.detector —   [ 79] toothbrush
2026-07-13 15:48:48 [INFO    ] app.services.yolo.detector — Filter aktif: [0]
2026-07-13 15:48:48 [INFO    ] app.main — YOLODetector started (model=yolo11n.pt)
2026-07-13 15:48:48 [INFO    ] app.main — Ground Station ready — open http://0.0.0.0:8000
2026-07-13 15:48:48 [INFO    ] app.services.video.manager — Starting new UdpTelemetryReceiver for JSON port 2
2026-07-13 15:48:48 [INFO    ] app.services.telemetry.udp_telemetry — UdpTelemetryReceiver listening on 0.0.0.0:2
2026-07-13 15:48:48 [INFO    ] app.services.video.manager — Starting new VideoReceiver for port 1
2026-07-13 15:48:48 [INFO    ] app.services.video.receiver — VideoReceiver created (Source: UDP)
2026-07-13 15:48:48 [INFO    ] app.services.video.receiver — VideoReceiver listening on UDP port 1
2026-07-13 15:48:48 [INFO    ] app.services.video.receiver — VideoReceiver thread started for udp
2026-07-13 15:48:48 [INFO    ] app.services.websocket.manager — Video client connected to port 1 — total for port: 1
2026-07-13 15:48:48 [INFO    ] app.services.video.manager — Broadcast loop started for port 1
2026-07-13 15:48:49 [INFO    ] app.services.websocket.manager — System client connected — total: 1
2026-07-13 15:48:50 [INFO    ] app.services.websocket.manager — Telemetry client connected — total: 1
2026-07-13 15:49:07 [INFO    ] app.services.websocket.manager — Telemetry client connected — total: 2
2026-07-13 15:49:07 [INFO    ] app.services.video.manager — Starting new UdpTelemetryReceiver for JSON port 1002
2026-07-13 15:49:07 [INFO    ] app.services.telemetry.udp_telemetry — UdpTelemetryReceiver listening on 0.0.0.0:1002
2026-07-13 15:49:07 [INFO    ] app.services.video.manager — Starting new VideoReceiver for port 1001
2026-07-13 15:49:07 [INFO    ] app.services.video.receiver — VideoReceiver created (Source: UDP)
2026-07-13 15:49:07 [INFO    ] app.services.video.receiver — VideoReceiver listening on UDP port 1001
2026-07-13 15:49:07 [INFO    ] app.services.video.receiver — VideoReceiver thread started for udp
2026-07-13 15:49:07 [INFO    ] app.services.websocket.manager — Video client connected to port 1001 — total for port: 1
2026-07-13 15:49:07 [INFO    ] app.services.video.manager — Broadcast loop started for port 1001
2026-07-13 15:49:07 [INFO    ] app.services.video.manager — Starting new UdpTelemetryReceiver for JSON port 5002
2026-07-13 15:49:07 [INFO    ] app.services.telemetry.udp_telemetry — UdpTelemetryReceiver listening on 0.0.0.0:5002
2026-07-13 15:49:07 [INFO    ] app.services.video.manager — Starting new VideoReceiver for port 5601
2026-07-13 15:49:07 [INFO    ] app.services.video.receiver — VideoReceiver created (Source: UDP)
2026-07-13 15:49:07 [INFO    ] app.services.video.receiver — VideoReceiver listening on UDP port 5601
2026-07-13 15:49:07 [INFO    ] app.services.video.receiver — VideoReceiver thread started for udp
2026-07-13 15:49:07 [INFO    ] app.services.websocket.manager — Video client connected to port 5601 — total for port: 1
2026-07-13 15:49:07 [INFO    ] app.services.video.manager — Broadcast loop started for port 5601
2026-07-13 15:49:07 [INFO    ] app.services.mavlink.connection — Connecting to MAVLink at tcp:100.121.12.16:5760
2026-07-13 15:49:10 [ERROR   ] app.services.mavlink.connection — Failed to connect to tcp:100.121.12.16:5760: Connection timed out (host unreachable)
2026-07-13 15:49:10 [ERROR   ] app.services.mavlink.telemetry_bridge — Failed to connect slot 1: Connection timed out (host unreachable)
2026-07-13 15:49:15 [INFO    ] app.services.websocket.manager — Video client disconnected from port 5601 — remaining for port: 0
2026-07-13 15:49:15 [INFO    ] app.services.video.manager — Stopping VideoReceiver for port 5601
2026-07-13 15:49:15 [INFO    ] app.services.video.receiver — VideoReceiver stopped
2026-07-13 15:49:15 [INFO    ] app.services.video.manager — Stopping UdpTelemetryReceiver for JSON port 5002
2026-07-13 15:49:15 [INFO    ] app.services.telemetry.udp_telemetry — UdpTelemetryReceiver stopped.
2026-07-13 15:49:48 [INFO    ] app.services.websocket.manager — Telemetry client disconnected — remaining: 1
2026-07-13 15:49:48 [INFO    ] app.services.websocket.manager — Video client disconnected from port 1001 — remaining for port: 0
2026-07-13 15:49:48 [INFO    ] app.services.video.manager — Stopping VideoReceiver for port 1001
2026-07-13 15:49:48 [INFO    ] app.services.video.receiver — VideoReceiver stopped
2026-07-13 15:49:48 [INFO    ] app.services.video.manager — Stopping UdpTelemetryReceiver for JSON port 1002
2026-07-13 15:49:48 [INFO    ] app.services.telemetry.udp_telemetry — UdpTelemetryReceiver stopped.
2026-07-13 15:50:23 [INFO    ] app.services.websocket.manager — Telemetry client connected — total: 2
2026-07-13 15:50:23 [INFO    ] app.services.video.manager — Starting new UdpTelemetryReceiver for JSON port 1002
2026-07-13 15:50:23 [INFO    ] app.services.telemetry.udp_telemetry — UdpTelemetryReceiver listening on 0.0.0.0:1002
2026-07-13 15:50:23 [INFO    ] app.services.video.manager — Starting new VideoReceiver for port 1001
2026-07-13 15:50:23 [INFO    ] app.services.video.receiver — VideoReceiver created (Source: UDP)
2026-07-13 15:50:23 [INFO    ] app.services.video.receiver — VideoReceiver listening on UDP port 1001
2026-07-13 15:50:23 [INFO    ] app.services.video.receiver — VideoReceiver thread started for udp
2026-07-13 15:50:23 [INFO    ] app.services.websocket.manager — Video client connected to port 1001 — total for port: 1
2026-07-13 15:50:23 [INFO    ] app.services.video.manager — Broadcast loop started for port 1001
2026-07-13 15:50:23 [INFO    ] app.services.video.manager — Starting new UdpTelemetryReceiver for JSON port 5002
2026-07-13 15:50:23 [INFO    ] app.services.telemetry.udp_telemetry — UdpTelemetryReceiver listening on 0.0.0.0:5002
2026-07-13 15:50:23 [INFO    ] app.services.video.manager — Starting new VideoReceiver for port 5601
2026-07-13 15:50:23 [INFO    ] app.services.video.receiver — VideoReceiver created (Source: UDP)
2026-07-13 15:50:23 [INFO    ] app.services.video.receiver — VideoReceiver listening on UDP port 5601
2026-07-13 15:50:23 [INFO    ] app.services.video.receiver — VideoReceiver thread started for udp
2026-07-13 15:50:23 [INFO    ] app.services.websocket.manager — Video client connected to port 5601 — total for port: 1
2026-07-13 15:50:23 [INFO    ] app.services.video.manager — Broadcast loop started for port 5601
2026-07-13 15:50:23 [INFO    ] app.services.mavlink.connection — Connecting to MAVLink at tcp:100.121.12.16:5760
2026-07-13 15:50:26 [ERROR   ] app.services.mavlink.connection — Failed to connect to tcp:100.121.12.16:5760: Connection timed out (host unreachable)
2026-07-13 15:50:26 [ERROR   ] app.services.mavlink.telemetry_bridge — Failed to connect slot 1: Connection timed out (host unreachable)
2026-07-13 15:50:41 [INFO    ] app.services.websocket.manager — System client connected — total: 2
2026-07-13 15:50:41 [INFO    ] app.services.websocket.manager — Telemetry client connected — total: 3
2026-07-13 15:50:57 [INFO    ] app.services.mavlink.connection — Connecting to MAVLink at tcp:100.121.12.16:5760
2026-07-13 15:50:57 [INFO    ] app.services.websocket.manager — Video client connected to port 1 — total for port: 2
2026-07-13 15:51:00 [ERROR   ] app.services.mavlink.connection — Failed to connect to tcp:100.121.12.16:5760: Connection timed out (host unreachable)
2026-07-13 15:51:00 [ERROR   ] app.services.mavlink.telemetry_bridge — Failed to connect slot 1: Connection timed out (host unreachable)
2026-07-13 15:55:40 [INFO    ] app.services.websocket.manager — Video client disconnected from port 1001 — remaining for port: 0
2026-07-13 15:55:40 [INFO    ] app.services.video.manager — Stopping VideoReceiver for port 1001
2026-07-13 15:55:40 [INFO    ] app.services.video.receiver — VideoReceiver stopped
2026-07-13 15:55:40 [INFO    ] app.services.video.manager — Stopping UdpTelemetryReceiver for JSON port 1002
2026-07-13 15:55:40 [INFO    ] app.services.telemetry.udp_telemetry — UdpTelemetryReceiver stopped.
2026-07-13 15:55:40 [INFO    ] app.services.websocket.manager — Video client disconnected from port 5601 — remaining for port: 0
2026-07-13 15:55:40 [INFO    ] app.services.video.manager — Stopping VideoReceiver for port 5601
2026-07-13 15:55:40 [INFO    ] app.services.video.receiver — VideoReceiver stopped
2026-07-13 15:55:40 [INFO    ] app.services.video.manager — Stopping UdpTelemetryReceiver for JSON port 5002
2026-07-13 15:55:40 [INFO    ] app.services.telemetry.udp_telemetry — UdpTelemetryReceiver stopped.
2026-07-13 15:55:40 [INFO    ] app.services.websocket.manager — Telemetry client disconnected — remaining: 2
2026-07-13 16:00:22 [INFO    ] app.services.websocket.manager — System client disconnected — remaining: 1
2026-07-13 16:00:22 [INFO    ] app.services.websocket.manager — Telemetry client disconnected — remaining: 1
2026-07-13 16:00:22 [INFO    ] app.services.websocket.manager — Video client disconnected from port 1 — remaining for port: 1
2026-07-13 16:00:38 [INFO    ] app.services.websocket.manager — Telemetry client connected — total: 2
2026-07-13 16:00:38 [INFO    ] app.services.video.manager — Starting new UdpTelemetryReceiver for JSON port 1002
2026-07-13 16:00:38 [INFO    ] app.services.telemetry.udp_telemetry — UdpTelemetryReceiver listening on 0.0.0.0:1002
2026-07-13 16:00:39 [INFO    ] app.services.video.manager — Starting new VideoReceiver for port 1001
2026-07-13 16:00:39 [INFO    ] app.services.video.receiver — VideoReceiver created (Source: UDP)
2026-07-13 16:00:39 [INFO    ] app.services.video.receiver — VideoReceiver listening on UDP port 1001
2026-07-13 16:00:39 [INFO    ] app.services.video.receiver — VideoReceiver thread started for udp
2026-07-13 16:00:39 [INFO    ] app.services.websocket.manager — Video client connected to port 1001 — total for port: 1
2026-07-13 16:00:39 [INFO    ] app.services.video.manager — Broadcast loop started for port 1001
2026-07-13 16:00:39 [INFO    ] app.services.video.manager — Starting new UdpTelemetryReceiver for JSON port 5002
2026-07-13 16:00:39 [INFO    ] app.services.telemetry.udp_telemetry — UdpTelemetryReceiver listening on 0.0.0.0:5002
2026-07-13 16:00:39 [INFO    ] app.services.video.manager — Starting new VideoReceiver for port 5601
2026-07-13 16:00:39 [INFO    ] app.services.video.receiver — VideoReceiver created (Source: UDP)
2026-07-13 16:00:39 [INFO    ] app.services.video.receiver — VideoReceiver listening on UDP port 5601
2026-07-13 16:00:39 [INFO    ] app.services.video.receiver — VideoReceiver thread started for udp
2026-07-13 16:00:39 [INFO    ] app.services.websocket.manager — Video client connected to port 5601 — total for port: 1
2026-07-13 16:00:39 [INFO    ] app.services.video.manager — Broadcast loop started for port 5601
2026-07-13 16:00:39 [INFO    ] app.services.mavlink.connection — Connecting to MAVLink at tcp:100.121.12.16:5760
2026-07-13 16:00:42 [ERROR   ] app.services.mavlink.connection — Failed to connect to tcp:100.121.12.16:5760: Connection timed out (host unreachable)
2026-07-13 16:00:42 [ERROR   ] app.services.mavlink.telemetry_bridge — Failed to connect slot 1: Connection timed out (host unreachable)
2026-07-13 16:00:54 [INFO    ] app.services.websocket.manager — Telemetry client disconnected — remaining: 1
2026-07-13 16:00:54 [INFO    ] app.services.websocket.manager — Video client disconnected from port 5601 — remaining for port: 0
2026-07-13 16:00:54 [INFO    ] app.services.video.manager — Stopping VideoReceiver for port 5601
2026-07-13 16:00:54 [INFO    ] app.services.video.receiver — VideoReceiver stopped
2026-07-13 16:00:54 [INFO    ] app.services.video.manager — Stopping UdpTelemetryReceiver for JSON port 5002
2026-07-13 16:00:54 [INFO    ] app.services.telemetry.udp_telemetry — UdpTelemetryReceiver stopped.
2026-07-13 16:00:54 [INFO    ] app.services.websocket.manager — Video client disconnected from port 1001 — remaining for port: 0
2026-07-13 16:00:54 [INFO    ] app.services.video.manager — Stopping VideoReceiver for port 1001
2026-07-13 16:00:54 [INFO    ] app.services.video.receiver — VideoReceiver stopped
2026-07-13 16:00:54 [INFO    ] app.services.video.manager — Stopping UdpTelemetryReceiver for JSON port 1002
2026-07-13 16:00:54 [INFO    ] app.services.telemetry.udp_telemetry — UdpTelemetryReceiver stopped.
2026-07-13 16:01:12 [INFO    ] app.services.websocket.manager — Telemetry client connected — total: 2
2026-07-13 16:01:12 [INFO    ] app.services.video.manager — Starting new UdpTelemetryReceiver for JSON port 1
2026-07-13 16:01:12 [INFO    ] app.services.telemetry.udp_telemetry — UdpTelemetryReceiver listening on 0.0.0.0:1
2026-07-13 16:01:12 [INFO    ] app.services.video.manager — Starting new VideoReceiver for port 1001
2026-07-13 16:01:12 [INFO    ] app.services.video.receiver — VideoReceiver created (Source: UDP)
2026-07-13 16:01:12 [INFO    ] app.services.video.receiver — VideoReceiver listening on UDP port 1001
2026-07-13 16:01:12 [INFO    ] app.services.video.receiver — VideoReceiver thread started for udp
2026-07-13 16:01:12 [INFO    ] app.services.websocket.manager — Video client connected to port 1001 — total for port: 1
2026-07-13 16:01:12 [INFO    ] app.services.video.manager — Broadcast loop started for port 1001
2026-07-13 16:01:12 [INFO    ] app.services.video.manager — Starting new UdpTelemetryReceiver for JSON port 5002
2026-07-13 16:01:12 [INFO    ] app.services.telemetry.udp_telemetry — UdpTelemetryReceiver listening on 0.0.0.0:5002
2026-07-13 16:01:12 [INFO    ] app.services.video.manager — Starting new VideoReceiver for port 5601
2026-07-13 16:01:12 [INFO    ] app.services.video.receiver — VideoReceiver created (Source: UDP)
2026-07-13 16:01:12 [INFO    ] app.services.video.receiver — VideoReceiver listening on UDP port 5601
2026-07-13 16:01:12 [INFO    ] app.services.video.receiver — VideoReceiver thread started for udp
2026-07-13 16:01:12 [INFO    ] app.services.websocket.manager — Video client connected to port 5601 — total for port: 1
2026-07-13 16:01:12 [INFO    ] app.services.video.manager — Broadcast loop started for port 5601
2026-07-13 16:01:13 [INFO    ] app.services.mavlink.connection — Connecting to MAVLink at tcp:100.121.12.16:1
2026-07-13 16:01:16 [ERROR   ] app.services.mavlink.connection — Failed to connect to tcp:100.121.12.16:1: Connection timed out (host unreachable)
2026-07-13 16:01:16 [ERROR   ] app.services.mavlink.telemetry_bridge — Failed to connect slot 1: Connection timed out (host unreachable)
2026-07-13 16:03:01 [INFO    ] app.services.websocket.manager — Telemetry client disconnected — remaining: 1
2026-07-13 16:03:02 [INFO    ] app.services.websocket.manager — Telemetry client connected — total: 2
2026-07-13 16:04:12 [INFO    ] app.services.websocket.manager — Video client disconnected from port 1001 — remaining for port: 0
2026-07-13 16:04:12 [INFO    ] app.services.video.manager — Stopping VideoReceiver for port 1001
2026-07-13 16:04:12 [INFO    ] app.services.video.receiver — VideoReceiver stopped
2026-07-13 16:04:12 [INFO    ] app.services.video.manager — Stopping UdpTelemetryReceiver for JSON port 1
2026-07-13 16:04:12 [INFO    ] app.services.telemetry.udp_telemetry — UdpTelemetryReceiver stopped.
2026-07-13 16:04:12 [INFO    ] app.services.websocket.manager — Telemetry client disconnected — remaining: 1
2026-07-13 16:04:12 [INFO    ] app.services.websocket.manager — Video client disconnected from port 5601 — remaining for port: 0
2026-07-13 16:04:12 [INFO    ] app.services.video.manager — Stopping VideoReceiver for port 5601
2026-07-13 16:04:12 [INFO    ] app.services.video.receiver — VideoReceiver stopped
2026-07-13 16:04:12 [INFO    ] app.services.video.manager — Stopping UdpTelemetryReceiver for JSON port 5002
2026-07-13 16:04:12 [INFO    ] app.services.telemetry.udp_telemetry — UdpTelemetryReceiver stopped.
2026-07-13 16:04:38 [INFO    ] app.services.websocket.manager — Telemetry client connected — total: 2
2026-07-13 16:04:38 [INFO    ] app.services.video.manager — Starting new UdpTelemetryReceiver for JSON port 1
2026-07-13 16:04:38 [INFO    ] app.services.telemetry.udp_telemetry — UdpTelemetryReceiver listening on 0.0.0.0:1
2026-07-13 16:04:38 [INFO    ] app.services.websocket.manager — Video client connected to port 1 — total for port: 2
2026-07-13 16:04:38 [INFO    ] app.services.video.manager — Starting new UdpTelemetryReceiver for JSON port 5002
2026-07-13 16:04:38 [INFO    ] app.services.telemetry.udp_telemetry — UdpTelemetryReceiver listening on 0.0.0.0:5002
2026-07-13 16:04:38 [INFO    ] app.services.video.manager — Starting new VideoReceiver for port 5601
2026-07-13 16:04:38 [INFO    ] app.services.video.receiver — VideoReceiver created (Source: UDP)
2026-07-13 16:04:38 [INFO    ] app.services.video.receiver — VideoReceiver listening on UDP port 5601
2026-07-13 16:04:38 [INFO    ] app.services.video.receiver — VideoReceiver thread started for udp
2026-07-13 16:04:38 [INFO    ] app.services.websocket.manager — Video client connected to port 5601 — total for port: 1
2026-07-13 16:04:38 [INFO    ] app.services.video.manager — Broadcast loop started for port 5601
2026-07-13 16:04:38 [INFO    ] app.services.mavlink.connection — Connecting to MAVLink at tcp:1:1
2026-07-13 16:04:41 [ERROR   ] app.services.mavlink.connection — Failed to connect to tcp:1:1: Connection timed out (host unreachable)
2026-07-13 16:04:41 [ERROR   ] app.services.mavlink.telemetry_bridge — Failed to connect slot 1: Connection timed out (host unreachable)
2026-07-13 16:07:32 [INFO    ] app.services.websocket.manager — Telemetry client disconnected — remaining: 1
2026-07-13 16:07:32 [INFO    ] app.services.websocket.manager — Video client disconnected from port 1 — remaining for port: 1
2026-07-13 16:07:32 [INFO    ] app.services.websocket.manager — Video client disconnected from port 5601 — remaining for port: 0
2026-07-13 16:07:32 [INFO    ] app.services.video.manager — Stopping VideoReceiver for port 5601
2026-07-13 16:07:32 [INFO    ] app.services.video.receiver — VideoReceiver stopped
2026-07-13 16:07:32 [INFO    ] app.services.video.manager — Stopping UdpTelemetryReceiver for JSON port 5002
2026-07-13 16:07:32 [INFO    ] app.services.telemetry.udp_telemetry — UdpTelemetryReceiver stopped.
2026-07-13 16:08:36 [INFO    ] app.services.websocket.manager — Telemetry client connected — total: 2
2026-07-13 16:08:36 [INFO    ] app.services.websocket.manager — Video client connected to port 1 — total for port: 2
2026-07-13 16:08:36 [INFO    ] app.services.video.manager — Starting new UdpTelemetryReceiver for JSON port 5002
2026-07-13 16:08:36 [INFO    ] app.services.telemetry.udp_telemetry — UdpTelemetryReceiver listening on 0.0.0.0:5002
2026-07-13 16:08:36 [INFO    ] app.services.video.manager — Starting new VideoReceiver for port 5601
2026-07-13 16:08:36 [INFO    ] app.services.video.receiver — VideoReceiver created (Source: UDP)
2026-07-13 16:08:36 [INFO    ] app.services.video.receiver — VideoReceiver listening on UDP port 5601
2026-07-13 16:08:36 [INFO    ] app.services.video.receiver — VideoReceiver thread started for udp
2026-07-13 16:08:36 [INFO    ] app.services.websocket.manager — Video client connected to port 5601 — total for port: 1
2026-07-13 16:08:36 [INFO    ] app.services.video.manager — Broadcast loop started for port 5601
2026-07-13 16:08:37 [INFO    ] app.services.mavlink.connection — Connecting to MAVLink at tcp:1:1
2026-07-13 16:08:39 [ERROR   ] app.services.mavlink.connection — Failed to connect to tcp:1:1: [Errno 11001] getaddrinfo failed
2026-07-13 16:08:39 [ERROR   ] app.services.mavlink.telemetry_bridge — Failed to connect slot 1: [Errno 11001] getaddrinfo failed
2026-07-13 16:14:05 [INFO    ] app.services.websocket.manager — Video client disconnected from port 5601 — remaining for port: 0
2026-07-13 16:14:05 [INFO    ] app.services.video.manager — Stopping VideoReceiver for port 5601
2026-07-13 16:14:05 [INFO    ] app.services.video.receiver — VideoReceiver stopped
2026-07-13 16:14:05 [INFO    ] app.services.video.manager — Stopping UdpTelemetryReceiver for JSON port 5002
2026-07-13 16:14:05 [INFO    ] app.services.telemetry.udp_telemetry — UdpTelemetryReceiver stopped.
2026-07-13 16:14:05 [INFO    ] app.services.websocket.manager — Video client disconnected from port 1 — remaining for port: 1
2026-07-13 16:14:05 [INFO    ] app.services.websocket.manager — Telemetry client disconnected — remaining: 1
2026-07-13 16:14:05 [INFO    ] app.services.websocket.manager — System client disconnected — remaining: 0
2026-07-13 16:14:05 [INFO    ] app.services.websocket.manager — Video client disconnected from port 1 — remaining for port: 0
2026-07-13 16:14:05 [INFO    ] app.services.video.manager — Stopping VideoReceiver for port 1
2026-07-13 16:14:05 [INFO    ] app.services.video.receiver — VideoReceiver stopped
2026-07-13 16:14:05 [INFO    ] app.services.video.manager — Stopping UdpTelemetryReceiver for JSON port 1
2026-07-13 16:14:05 [INFO    ] app.services.telemetry.udp_telemetry — UdpTelemetryReceiver stopped.
2026-07-13 16:14:05 [INFO    ] app.services.websocket.manager — Telemetry client disconnected — remaining: 0
2026-07-13 16:14:05 [INFO    ] app.main — Ground Station shutting down…
2026-07-13 16:14:05 [INFO    ] app.services.telemetry.udp_telemetry — UdpTelemetryReceiver stopped.
2026-07-13 16:14:05 [INFO    ] app.services.yolo.detector — YOLODetector stopped | total_inferences=0 | total_detections=0
2026-07-13 16:14:05 [INFO    ] app.main — Ground Station stopped.
2026-07-13 16:14:11 [INFO    ] app.services.video.manager — MultiStreamManager ready (fps_limit=30, jpeg_quality=80, yolo=enabled)
2026-07-13 16:14:11 [INFO    ] app.main — ═══════════════════════════════════════════
2026-07-13 16:14:11 [INFO    ] app.main —   UAV Ground Station starting up
2026-07-13 16:14:11 [INFO    ] app.main —   Web  port : 8000
2026-07-13 16:14:11 [INFO    ] app.main —   Host      : 0.0.0.0
2026-07-13 16:14:11 [INFO    ] app.main —   YOLO      : enabled
2026-07-13 16:14:11 [INFO    ] app.main — ═══════════════════════════════════════════
2026-07-13 16:14:11 [INFO    ] app.services.yolo.detector — Loading YOLO model: yolo11n.pt
2026-07-13 16:14:12 [INFO    ] app.services.yolo.detector — Class 'person' → ID 0
2026-07-13 16:14:12 [INFO    ] app.services.yolo.detector — YOLODetector started | model=yolo11n.pt | conf=0.40 | iou=0.45 | max_fps=10.0 | device='auto' | filter=[0] | ws_broadcast=enabled
2026-07-13 16:14:12 [INFO    ] app.services.yolo.detector — === Class list dari model 'yolo11n.pt' ===
2026-07-13 16:14:12 [INFO    ] app.services.yolo.detector —   [  0] person ← AKTIF
2026-07-13 16:14:12 [INFO    ] app.services.yolo.detector —   [  1] bicycle
2026-07-13 16:14:12 [INFO    ] app.services.yolo.detector —   [  2] car
2026-07-13 16:14:12 [INFO    ] app.services.yolo.detector —   [  3] motorcycle
2026-07-13 16:14:12 [INFO    ] app.services.yolo.detector —   [  4] airplane
2026-07-13 16:14:12 [INFO    ] app.services.yolo.detector —   [  5] bus
2026-07-13 16:14:12 [INFO    ] app.services.yolo.detector —   [  6] train
2026-07-13 16:14:12 [INFO    ] app.services.yolo.detector —   [  7] truck
2026-07-13 16:14:12 [INFO    ] app.services.yolo.detector —   [  8] boat
2026-07-13 16:14:12 [INFO    ] app.services.yolo.detector —   [  9] traffic light
2026-07-13 16:14:12 [INFO    ] app.services.yolo.detector —   [ 10] fire hydrant
2026-07-13 16:14:12 [INFO    ] app.services.yolo.detector —   [ 11] stop sign
2026-07-13 16:14:12 [INFO    ] app.services.yolo.detector —   [ 12] parking meter
2026-07-13 16:14:12 [INFO    ] app.services.yolo.detector —   [ 13] bench
2026-07-13 16:14:12 [INFO    ] app.services.yolo.detector —   [ 14] bird
2026-07-13 16:14:12 [INFO    ] app.services.yolo.detector —   [ 15] cat
2026-07-13 16:14:12 [INFO    ] app.services.yolo.detector —   [ 16] dog
2026-07-13 16:14:12 [INFO    ] app.services.yolo.detector —   [ 17] horse
2026-07-13 16:14:12 [INFO    ] app.services.yolo.detector —   [ 18] sheep
2026-07-13 16:14:12 [INFO    ] app.services.yolo.detector —   [ 19] cow
2026-07-13 16:14:12 [INFO    ] app.services.yolo.detector —   [ 20] elephant
2026-07-13 16:14:12 [INFO    ] app.services.yolo.detector —   [ 21] bear
2026-07-13 16:14:12 [INFO    ] app.services.yolo.detector —   [ 22] zebra
2026-07-13 16:14:12 [INFO    ] app.services.yolo.detector —   [ 23] giraffe
2026-07-13 16:14:12 [INFO    ] app.services.yolo.detector —   [ 24] backpack
2026-07-13 16:14:12 [INFO    ] app.services.yolo.detector —   [ 25] umbrella
2026-07-13 16:14:12 [INFO    ] app.services.yolo.detector —   [ 26] handbag
2026-07-13 16:14:12 [INFO    ] app.services.yolo.detector —   [ 27] tie
2026-07-13 16:14:12 [INFO    ] app.services.yolo.detector —   [ 28] suitcase
2026-07-13 16:14:12 [INFO    ] app.services.yolo.detector —   [ 29] frisbee
2026-07-13 16:14:12 [INFO    ] app.services.yolo.detector —   [ 30] skis
2026-07-13 16:14:12 [INFO    ] app.services.yolo.detector —   [ 31] snowboard
2026-07-13 16:14:12 [INFO    ] app.services.yolo.detector —   [ 32] sports ball
2026-07-13 16:14:12 [INFO    ] app.services.yolo.detector —   [ 33] kite
2026-07-13 16:14:12 [INFO    ] app.services.yolo.detector —   [ 34] baseball bat
2026-07-13 16:14:12 [INFO    ] app.services.yolo.detector —   [ 35] baseball glove
2026-07-13 16:14:12 [INFO    ] app.services.yolo.detector —   [ 36] skateboard
2026-07-13 16:14:12 [INFO    ] app.services.yolo.detector —   [ 37] surfboard
2026-07-13 16:14:12 [INFO    ] app.services.yolo.detector —   [ 38] tennis racket
2026-07-13 16:14:12 [INFO    ] app.services.yolo.detector —   [ 39] bottle
2026-07-13 16:14:12 [INFO    ] app.services.yolo.detector —   [ 40] wine glass
2026-07-13 16:14:12 [INFO    ] app.services.yolo.detector —   [ 41] cup
2026-07-13 16:14:12 [INFO    ] app.services.yolo.detector —   [ 42] fork
2026-07-13 16:14:12 [INFO    ] app.services.yolo.detector —   [ 43] knife
2026-07-13 16:14:12 [INFO    ] app.services.yolo.detector —   [ 44] spoon
2026-07-13 16:14:12 [INFO    ] app.services.yolo.detector —   [ 45] bowl
2026-07-13 16:14:12 [INFO    ] app.services.yolo.detector —   [ 46] banana
2026-07-13 16:14:12 [INFO    ] app.services.yolo.detector —   [ 47] apple
2026-07-13 16:14:12 [INFO    ] app.services.yolo.detector —   [ 48] sandwich
2026-07-13 16:14:12 [INFO    ] app.services.yolo.detector —   [ 49] orange
2026-07-13 16:14:12 [INFO    ] app.services.yolo.detector —   [ 50] broccoli
2026-07-13 16:14:12 [INFO    ] app.services.yolo.detector —   [ 51] carrot
2026-07-13 16:14:12 [INFO    ] app.services.yolo.detector —   [ 52] hot dog
2026-07-13 16:14:12 [INFO    ] app.services.yolo.detector —   [ 53] pizza
2026-07-13 16:14:12 [INFO    ] app.services.yolo.detector —   [ 54] donut
2026-07-13 16:14:12 [INFO    ] app.services.yolo.detector —   [ 55] cake
2026-07-13 16:14:12 [INFO    ] app.services.yolo.detector —   [ 56] chair
2026-07-13 16:14:12 [INFO    ] app.services.yolo.detector —   [ 57] couch
2026-07-13 16:14:12 [INFO    ] app.services.yolo.detector —   [ 58] potted plant
2026-07-13 16:14:12 [INFO    ] app.services.yolo.detector —   [ 59] bed
2026-07-13 16:14:12 [INFO    ] app.services.yolo.detector —   [ 60] dining table
2026-07-13 16:14:12 [INFO    ] app.services.yolo.detector —   [ 61] toilet
2026-07-13 16:14:12 [INFO    ] app.services.yolo.detector —   [ 62] tv
2026-07-13 16:14:12 [INFO    ] app.services.yolo.detector —   [ 63] laptop
2026-07-13 16:14:12 [INFO    ] app.services.yolo.detector —   [ 64] mouse
2026-07-13 16:14:12 [INFO    ] app.services.yolo.detector —   [ 65] remote
2026-07-13 16:14:12 [INFO    ] app.services.yolo.detector —   [ 66] keyboard
2026-07-13 16:14:12 [INFO    ] app.services.yolo.detector —   [ 67] cell phone
2026-07-13 16:14:12 [INFO    ] app.services.yolo.detector —   [ 68] microwave
2026-07-13 16:14:12 [INFO    ] app.services.yolo.detector —   [ 69] oven
2026-07-13 16:14:12 [INFO    ] app.services.yolo.detector —   [ 70] toaster
2026-07-13 16:14:12 [INFO    ] app.services.yolo.detector —   [ 71] sink
2026-07-13 16:14:12 [INFO    ] app.services.yolo.detector —   [ 72] refrigerator
2026-07-13 16:14:12 [INFO    ] app.services.yolo.detector —   [ 73] book
2026-07-13 16:14:12 [INFO    ] app.services.yolo.detector —   [ 74] clock
2026-07-13 16:14:12 [INFO    ] app.services.yolo.detector —   [ 75] vase
2026-07-13 16:14:12 [INFO    ] app.services.yolo.detector —   [ 76] scissors
2026-07-13 16:14:12 [INFO    ] app.services.yolo.detector —   [ 77] teddy bear
2026-07-13 16:14:12 [INFO    ] app.services.yolo.detector —   [ 78] hair drier
2026-07-13 16:14:12 [INFO    ] app.services.yolo.detector —   [ 79] toothbrush
2026-07-13 16:14:12 [INFO    ] app.services.yolo.detector — Filter aktif: [0]
2026-07-13 16:14:12 [INFO    ] app.main — YOLODetector started (model=yolo11n.pt)
2026-07-13 16:14:12 [INFO    ] app.main — Ground Station ready — open http://0.0.0.0:8000
2026-07-13 16:14:12 [INFO    ] app.services.video.manager — Starting new UdpTelemetryReceiver for JSON port 1
2026-07-13 16:14:12 [INFO    ] app.services.telemetry.udp_telemetry — UdpTelemetryReceiver listening on 0.0.0.0:1
2026-07-13 16:14:12 [INFO    ] app.services.video.manager — Starting new VideoReceiver for port 1
2026-07-13 16:14:12 [INFO    ] app.services.video.receiver — VideoReceiver created (Source: UDP)
2026-07-13 16:14:12 [INFO    ] app.services.video.receiver — VideoReceiver listening on UDP port 1
2026-07-13 16:14:12 [INFO    ] app.services.video.receiver — VideoReceiver thread started for udp
2026-07-13 16:14:12 [INFO    ] app.services.websocket.manager — Video client connected to port 1 — total for port: 1
2026-07-13 16:14:12 [INFO    ] app.services.video.manager — Broadcast loop started for port 1
2026-07-13 16:14:12 [INFO    ] app.services.websocket.manager — System client connected — total: 1
2026-07-13 16:14:12 [INFO    ] app.services.video.manager — Starting new UdpTelemetryReceiver for JSON port 5002
2026-07-13 16:14:12 [INFO    ] app.services.telemetry.udp_telemetry — UdpTelemetryReceiver listening on 0.0.0.0:5002
2026-07-13 16:14:12 [INFO    ] app.services.video.manager — Starting new VideoReceiver for port 5601
2026-07-13 16:14:12 [INFO    ] app.services.video.receiver — VideoReceiver created (Source: UDP)
2026-07-13 16:14:12 [INFO    ] app.services.video.receiver — VideoReceiver listening on UDP port 5601
2026-07-13 16:14:12 [INFO    ] app.services.video.receiver — VideoReceiver thread started for udp
2026-07-13 16:14:12 [INFO    ] app.services.websocket.manager — Video client connected to port 5601 — total for port: 1
2026-07-13 16:14:12 [INFO    ] app.services.video.manager — Broadcast loop started for port 5601
2026-07-13 16:14:12 [INFO    ] app.services.websocket.manager — Telemetry client connected — total: 1
2026-07-13 16:14:12 [INFO    ] app.services.video.manager — Starting new UdpTelemetryReceiver for JSON port 2
2026-07-13 16:14:12 [INFO    ] app.services.telemetry.udp_telemetry — UdpTelemetryReceiver listening on 0.0.0.0:2
2026-07-13 16:14:12 [INFO    ] app.services.websocket.manager — Video client connected to port 1 — total for port: 2
2026-07-13 16:14:12 [INFO    ] app.services.websocket.manager — Telemetry client connected — total: 2
2026-07-13 16:14:19 [INFO    ] app.services.websocket.manager — Video client disconnected from port 1 — remaining for port: 1
2026-07-13 16:14:19 [INFO    ] app.services.websocket.manager — System client disconnected — remaining: 0
2026-07-13 16:14:19 [INFO    ] app.services.websocket.manager — Telemetry client disconnected — remaining: 1
2026-07-13 16:14:19 [INFO    ] app.services.websocket.manager — Telemetry client disconnected — remaining: 0
2026-07-13 16:14:19 [INFO    ] app.services.websocket.manager — Video client disconnected from port 1 — remaining for port: 0
2026-07-13 16:14:19 [INFO    ] app.services.video.manager — Stopping VideoReceiver for port 1
2026-07-13 16:14:19 [INFO    ] app.services.video.receiver — VideoReceiver stopped
2026-07-13 16:14:19 [INFO    ] app.services.video.manager — Stopping UdpTelemetryReceiver for JSON port 2
2026-07-13 16:14:19 [INFO    ] app.services.telemetry.udp_telemetry — UdpTelemetryReceiver stopped.
2026-07-13 16:14:19 [INFO    ] app.services.websocket.manager — Video client disconnected from port 5601 — remaining for port: 0
2026-07-13 16:14:19 [INFO    ] app.services.video.manager — Stopping VideoReceiver for port 5601
2026-07-13 16:14:19 [INFO    ] app.services.video.receiver — VideoReceiver stopped
2026-07-13 16:14:19 [INFO    ] app.services.video.manager — Stopping UdpTelemetryReceiver for JSON port 5002
2026-07-13 16:14:19 [INFO    ] app.services.telemetry.udp_telemetry — UdpTelemetryReceiver stopped.
2026-07-13 16:14:19 [INFO    ] app.main — Ground Station shutting down…
2026-07-13 16:14:19 [INFO    ] app.services.telemetry.udp_telemetry — UdpTelemetryReceiver stopped.
2026-07-13 16:14:19 [INFO    ] app.services.yolo.detector — YOLODetector stopped | total_inferences=0 | total_detections=0
2026-07-13 16:14:19 [INFO    ] app.main — Ground Station stopped.
2026-07-13 16:14:24 [INFO    ] app.services.video.manager — MultiStreamManager ready (fps_limit=30, jpeg_quality=80, yolo=enabled)
2026-07-13 16:14:24 [INFO    ] app.main — ═══════════════════════════════════════════
2026-07-13 16:14:24 [INFO    ] app.main —   UAV Ground Station starting up
2026-07-13 16:14:24 [INFO    ] app.main —   Web  port : 8000
2026-07-13 16:14:24 [INFO    ] app.main —   Host      : 0.0.0.0
2026-07-13 16:14:24 [INFO    ] app.main —   YOLO      : enabled
2026-07-13 16:14:24 [INFO    ] app.main — ═══════════════════════════════════════════
2026-07-13 16:14:24 [INFO    ] app.services.yolo.detector — Loading YOLO model: yolo11n.pt
2026-07-13 16:14:24 [INFO    ] app.services.yolo.detector — Class 'person' → ID 0
2026-07-13 16:14:24 [INFO    ] app.services.yolo.detector — YOLODetector started | model=yolo11n.pt | conf=0.40 | iou=0.45 | max_fps=10.0 | device='auto' | filter=[0] | ws_broadcast=enabled
2026-07-13 16:14:24 [INFO    ] app.services.yolo.detector — === Class list dari model 'yolo11n.pt' ===
2026-07-13 16:14:24 [INFO    ] app.services.yolo.detector —   [  0] person ← AKTIF
2026-07-13 16:14:24 [INFO    ] app.services.yolo.detector —   [  1] bicycle
2026-07-13 16:14:24 [INFO    ] app.services.yolo.detector —   [  2] car
2026-07-13 16:14:24 [INFO    ] app.services.yolo.detector —   [  3] motorcycle
2026-07-13 16:14:24 [INFO    ] app.services.yolo.detector —   [  4] airplane
2026-07-13 16:14:24 [INFO    ] app.services.yolo.detector —   [  5] bus
2026-07-13 16:14:24 [INFO    ] app.services.yolo.detector —   [  6] train
2026-07-13 16:14:24 [INFO    ] app.services.yolo.detector —   [  7] truck
2026-07-13 16:14:24 [INFO    ] app.services.yolo.detector —   [  8] boat
2026-07-13 16:14:24 [INFO    ] app.services.yolo.detector —   [  9] traffic light
2026-07-13 16:14:24 [INFO    ] app.services.yolo.detector —   [ 10] fire hydrant
2026-07-13 16:14:24 [INFO    ] app.services.yolo.detector —   [ 11] stop sign
2026-07-13 16:14:24 [INFO    ] app.services.yolo.detector —   [ 12] parking meter
2026-07-13 16:14:24 [INFO    ] app.services.yolo.detector —   [ 13] bench
2026-07-13 16:14:24 [INFO    ] app.services.yolo.detector —   [ 14] bird
2026-07-13 16:14:24 [INFO    ] app.services.yolo.detector —   [ 15] cat
2026-07-13 16:14:24 [INFO    ] app.services.yolo.detector —   [ 16] dog
2026-07-13 16:14:24 [INFO    ] app.services.yolo.detector —   [ 17] horse
2026-07-13 16:14:24 [INFO    ] app.services.yolo.detector —   [ 18] sheep
2026-07-13 16:14:24 [INFO    ] app.services.yolo.detector —   [ 19] cow
2026-07-13 16:14:24 [INFO    ] app.services.yolo.detector —   [ 20] elephant
2026-07-13 16:14:24 [INFO    ] app.services.yolo.detector —   [ 21] bear
2026-07-13 16:14:24 [INFO    ] app.services.yolo.detector —   [ 22] zebra
2026-07-13 16:14:24 [INFO    ] app.services.yolo.detector —   [ 23] giraffe
2026-07-13 16:14:24 [INFO    ] app.services.yolo.detector —   [ 24] backpack
2026-07-13 16:14:24 [INFO    ] app.services.yolo.detector —   [ 25] umbrella
2026-07-13 16:14:24 [INFO    ] app.services.yolo.detector —   [ 26] handbag
2026-07-13 16:14:24 [INFO    ] app.services.yolo.detector —   [ 27] tie
2026-07-13 16:14:24 [INFO    ] app.services.yolo.detector —   [ 28] suitcase
2026-07-13 16:14:24 [INFO    ] app.services.yolo.detector —   [ 29] frisbee
2026-07-13 16:14:24 [INFO    ] app.services.yolo.detector —   [ 30] skis
2026-07-13 16:14:24 [INFO    ] app.services.yolo.detector —   [ 31] snowboard
2026-07-13 16:14:24 [INFO    ] app.services.yolo.detector —   [ 32] sports ball
2026-07-13 16:14:24 [INFO    ] app.services.yolo.detector —   [ 33] kite
2026-07-13 16:14:24 [INFO    ] app.services.yolo.detector —   [ 34] baseball bat
2026-07-13 16:14:24 [INFO    ] app.services.yolo.detector —   [ 35] baseball glove
2026-07-13 16:14:24 [INFO    ] app.services.yolo.detector —   [ 36] skateboard
2026-07-13 16:14:24 [INFO    ] app.services.yolo.detector —   [ 37] surfboard
2026-07-13 16:14:24 [INFO    ] app.services.yolo.detector —   [ 38] tennis racket
2026-07-13 16:14:24 [INFO    ] app.services.yolo.detector —   [ 39] bottle
2026-07-13 16:14:24 [INFO    ] app.services.yolo.detector —   [ 40] wine glass
2026-07-13 16:14:24 [INFO    ] app.services.yolo.detector —   [ 41] cup
2026-07-13 16:14:24 [INFO    ] app.services.yolo.detector —   [ 42] fork
2026-07-13 16:14:24 [INFO    ] app.services.yolo.detector —   [ 43] knife
2026-07-13 16:14:24 [INFO    ] app.services.yolo.detector —   [ 44] spoon
2026-07-13 16:14:24 [INFO    ] app.services.yolo.detector —   [ 45] bowl
2026-07-13 16:14:24 [INFO    ] app.services.yolo.detector —   [ 46] banana
2026-07-13 16:14:24 [INFO    ] app.services.yolo.detector —   [ 47] apple
2026-07-13 16:14:24 [INFO    ] app.services.yolo.detector —   [ 48] sandwich
2026-07-13 16:14:24 [INFO    ] app.services.yolo.detector —   [ 49] orange
2026-07-13 16:14:24 [INFO    ] app.services.yolo.detector —   [ 50] broccoli
2026-07-13 16:14:24 [INFO    ] app.services.yolo.detector —   [ 51] carrot
2026-07-13 16:14:24 [INFO    ] app.services.yolo.detector —   [ 52] hot dog
2026-07-13 16:14:24 [INFO    ] app.services.yolo.detector —   [ 53] pizza
2026-07-13 16:14:24 [INFO    ] app.services.yolo.detector —   [ 54] donut
2026-07-13 16:14:24 [INFO    ] app.services.yolo.detector —   [ 55] cake
2026-07-13 16:14:24 [INFO    ] app.services.yolo.detector —   [ 56] chair
2026-07-13 16:14:24 [INFO    ] app.services.yolo.detector —   [ 57] couch
2026-07-13 16:14:24 [INFO    ] app.services.yolo.detector —   [ 58] potted plant
2026-07-13 16:14:24 [INFO    ] app.services.yolo.detector —   [ 59] bed
2026-07-13 16:14:24 [INFO    ] app.services.yolo.detector —   [ 60] dining table
2026-07-13 16:14:24 [INFO    ] app.services.yolo.detector —   [ 61] toilet
2026-07-13 16:14:24 [INFO    ] app.services.yolo.detector —   [ 62] tv
2026-07-13 16:14:24 [INFO    ] app.services.yolo.detector —   [ 63] laptop
2026-07-13 16:14:24 [INFO    ] app.services.yolo.detector —   [ 64] mouse
2026-07-13 16:14:24 [INFO    ] app.services.yolo.detector —   [ 65] remote
2026-07-13 16:14:24 [INFO    ] app.services.yolo.detector —   [ 66] keyboard
2026-07-13 16:14:24 [INFO    ] app.services.yolo.detector —   [ 67] cell phone
2026-07-13 16:14:24 [INFO    ] app.services.yolo.detector —   [ 68] microwave
2026-07-13 16:14:24 [INFO    ] app.services.yolo.detector —   [ 69] oven
2026-07-13 16:14:24 [INFO    ] app.services.yolo.detector —   [ 70] toaster
2026-07-13 16:14:24 [INFO    ] app.services.yolo.detector —   [ 71] sink
2026-07-13 16:14:24 [INFO    ] app.services.yolo.detector —   [ 72] refrigerator
2026-07-13 16:14:24 [INFO    ] app.services.yolo.detector —   [ 73] book
2026-07-13 16:14:24 [INFO    ] app.services.yolo.detector —   [ 74] clock
2026-07-13 16:14:24 [INFO    ] app.services.yolo.detector —   [ 75] vase
2026-07-13 16:14:24 [INFO    ] app.services.yolo.detector —   [ 76] scissors
2026-07-13 16:14:24 [INFO    ] app.services.yolo.detector —   [ 77] teddy bear
2026-07-13 16:14:24 [INFO    ] app.services.yolo.detector —   [ 78] hair drier
2026-07-13 16:14:24 [INFO    ] app.services.yolo.detector —   [ 79] toothbrush
2026-07-13 16:14:24 [INFO    ] app.services.yolo.detector — Filter aktif: [0]
2026-07-13 16:14:24 [INFO    ] app.main — YOLODetector started (model=yolo11n.pt)
2026-07-13 16:14:24 [INFO    ] app.main — Ground Station ready — open http://0.0.0.0:8000
2026-07-13 16:14:24 [INFO    ] app.services.video.manager — Starting new UdpTelemetryReceiver for JSON port 2
2026-07-13 16:14:24 [INFO    ] app.services.telemetry.udp_telemetry — UdpTelemetryReceiver listening on 0.0.0.0:2
2026-07-13 16:14:24 [INFO    ] app.services.video.manager — Starting new VideoReceiver for port 1
2026-07-13 16:14:24 [INFO    ] app.services.video.receiver — VideoReceiver created (Source: UDP)
2026-07-13 16:14:24 [INFO    ] app.services.video.receiver — VideoReceiver listening on UDP port 1
2026-07-13 16:14:24 [INFO    ] app.services.video.receiver — VideoReceiver thread started for udp
2026-07-13 16:14:24 [INFO    ] app.services.websocket.manager — Video client connected to port 1 — total for port: 1
2026-07-13 16:14:24 [INFO    ] app.services.video.manager — Broadcast loop started for port 1
2026-07-13 16:14:24 [INFO    ] app.services.websocket.manager — System client connected — total: 1
2026-07-13 16:14:24 [INFO    ] app.services.websocket.manager — Telemetry client connected — total: 1
2026-07-13 16:14:24 [INFO    ] app.services.websocket.manager — Telemetry client connected — total: 2
2026-07-13 16:14:24 [INFO    ] app.services.video.manager — Starting new UdpTelemetryReceiver for JSON port 1
2026-07-13 16:14:24 [INFO    ] app.services.telemetry.udp_telemetry — UdpTelemetryReceiver listening on 0.0.0.0:1
2026-07-13 16:14:24 [INFO    ] app.services.websocket.manager — Video client connected to port 1 — total for port: 2
2026-07-13 16:14:24 [INFO    ] app.services.video.manager — Starting new UdpTelemetryReceiver for JSON port 5002
2026-07-13 16:14:24 [INFO    ] app.services.telemetry.udp_telemetry — UdpTelemetryReceiver listening on 0.0.0.0:5002
2026-07-13 16:14:24 [INFO    ] app.services.video.manager — Starting new VideoReceiver for port 5601
2026-07-13 16:14:24 [INFO    ] app.services.video.receiver — VideoReceiver created (Source: UDP)
2026-07-13 16:14:24 [INFO    ] app.services.video.receiver — VideoReceiver listening on UDP port 5601
2026-07-13 16:14:24 [INFO    ] app.services.video.receiver — VideoReceiver thread started for udp
2026-07-13 16:14:24 [INFO    ] app.services.websocket.manager — Video client connected to port 5601 — total for port: 1
2026-07-13 16:14:24 [INFO    ] app.services.video.manager — Broadcast loop started for port 5601
2026-07-13 16:15:20 [INFO    ] app.services.websocket.manager — System client disconnected — remaining: 0
2026-07-13 16:15:20 [INFO    ] app.services.websocket.manager — Telemetry client disconnected — remaining: 1
2026-07-13 16:15:20 [INFO    ] app.services.websocket.manager — Video client disconnected from port 1 — remaining for port: 1
2026-07-13 16:15:21 [INFO    ] app.services.websocket.manager — System client connected — total: 1
2026-07-13 16:15:21 [INFO    ] app.services.websocket.manager — Telemetry client connected — total: 2
2026-07-13 16:15:22 [INFO    ] app.services.mavlink.connection — Connecting to MAVLink at tcp:100.121.12.16:5760
2026-07-13 16:15:23 [INFO    ] app.services.websocket.manager — System client disconnected — remaining: 0
2026-07-13 16:15:23 [INFO    ] app.services.websocket.manager — Telemetry client disconnected — remaining: 1
2026-07-13 16:15:24 [INFO    ] app.services.websocket.manager — System client connected — total: 1
2026-07-13 16:15:24 [INFO    ] app.services.websocket.manager — Telemetry client connected — total: 2
2026-07-13 16:15:24 [INFO    ] app.services.mavlink.connection — Connecting to MAVLink at tcp:100.121.12.16:5760
2026-07-13 16:15:24 [INFO    ] app.services.websocket.manager — Video client connected to port 1 — total for port: 2
2026-07-13 16:15:25 [ERROR   ] app.services.mavlink.connection — Failed to connect to tcp:100.121.12.16:5760: Connection timed out (host unreachable)
2026-07-13 16:15:25 [ERROR   ] app.services.mavlink.telemetry_bridge — Failed to connect slot 1: Connection timed out (host unreachable)
2026-07-13 16:15:25 [INFO    ] app.services.websocket.manager — Telemetry client disconnected — remaining: 1
2026-07-13 16:15:25 [INFO    ] app.services.websocket.manager — System client disconnected — remaining: 0
2026-07-13 16:15:25 [INFO    ] app.services.websocket.manager — Video client disconnected from port 1 — remaining for port: 1
2026-07-13 16:15:25 [INFO    ] app.services.websocket.manager — System client connected — total: 1
2026-07-13 16:15:25 [INFO    ] app.services.websocket.manager — Telemetry client connected — total: 2
2026-07-13 16:15:26 [INFO    ] app.services.mavlink.connection — Connecting to MAVLink at tcp:100.121.12.16:5760
2026-07-13 16:15:26 [INFO    ] app.services.websocket.manager — Video client connected to port 1 — total for port: 2
2026-07-13 16:15:27 [ERROR   ] app.services.mavlink.connection — Failed to connect to tcp:100.121.12.16:5760: Connection timed out (host unreachable)
2026-07-13 16:15:27 [ERROR   ] app.services.mavlink.telemetry_bridge — Failed to connect slot 1: Connection timed out (host unreachable)
2026-07-13 16:15:29 [ERROR   ] app.services.mavlink.connection — Failed to connect to tcp:100.121.12.16:5760: Connection timed out (host unreachable)
2026-07-13 16:15:29 [ERROR   ] app.services.mavlink.telemetry_bridge — Failed to connect slot 1: Connection timed out (host unreachable)
2026-07-13 16:15:31 [INFO    ] app.services.websocket.manager — Telemetry client disconnected — remaining: 1
2026-07-13 16:15:31 [INFO    ] app.services.websocket.manager — Video client disconnected from port 5601 — remaining for port: 0
2026-07-13 16:15:31 [INFO    ] app.services.video.manager — Stopping VideoReceiver for port 5601
2026-07-13 16:15:31 [INFO    ] app.services.video.receiver — VideoReceiver stopped
2026-07-13 16:15:31 [INFO    ] app.services.video.manager — Stopping UdpTelemetryReceiver for JSON port 5002
2026-07-13 16:15:31 [INFO    ] app.services.telemetry.udp_telemetry — UdpTelemetryReceiver stopped.
2026-07-13 16:15:31 [INFO    ] app.services.websocket.manager — Video client disconnected from port 1 — remaining for port: 1
2026-07-13 16:15:39 [INFO    ] app.services.websocket.manager — Telemetry client connected — total: 2
2026-07-13 16:15:39 [INFO    ] app.services.websocket.manager — Video client connected to port 1 — total for port: 2
2026-07-13 16:15:39 [INFO    ] app.services.video.manager — Starting new UdpTelemetryReceiver for JSON port 5002
2026-07-13 16:15:39 [INFO    ] app.services.telemetry.udp_telemetry — UdpTelemetryReceiver listening on 0.0.0.0:5002
2026-07-13 16:15:39 [INFO    ] app.services.video.manager — Starting new VideoReceiver for port 5601
2026-07-13 16:15:39 [INFO    ] app.services.video.receiver — VideoReceiver created (Source: UDP)
2026-07-13 16:15:39 [INFO    ] app.services.video.receiver — VideoReceiver listening on UDP port 5601
2026-07-13 16:15:39 [INFO    ] app.services.video.receiver — VideoReceiver thread started for udp
2026-07-13 16:15:39 [INFO    ] app.services.websocket.manager — Video client connected to port 5601 — total for port: 1
2026-07-13 16:15:39 [INFO    ] app.services.video.manager — Broadcast loop started for port 5601
2026-07-13 16:15:40 [INFO    ] app.services.mavlink.connection — Connecting to MAVLink at tcp:1:1
2026-07-13 16:15:41 [INFO    ] app.services.websocket.manager — Video client disconnected from port 1 — remaining for port: 1
2026-07-13 16:15:41 [INFO    ] app.services.websocket.manager — Video client disconnected from port 5601 — remaining for port: 0
2026-07-13 16:15:41 [INFO    ] app.services.video.manager — Stopping VideoReceiver for port 5601
2026-07-13 16:15:41 [INFO    ] app.services.video.receiver — VideoReceiver stopped
2026-07-13 16:15:41 [INFO    ] app.services.video.manager — Stopping UdpTelemetryReceiver for JSON port 5002
2026-07-13 16:15:41 [INFO    ] app.services.telemetry.udp_telemetry — UdpTelemetryReceiver stopped.
2026-07-13 16:15:41 [INFO    ] app.services.websocket.manager — Telemetry client disconnected — remaining: 1
2026-07-13 16:15:41 [INFO    ] app.services.websocket.manager — Telemetry client connected — total: 2
2026-07-13 16:15:41 [INFO    ] app.services.websocket.manager — Video client connected to port 1 — total for port: 2
2026-07-13 16:15:41 [INFO    ] app.services.video.manager — Starting new UdpTelemetryReceiver for JSON port 5002
2026-07-13 16:15:41 [INFO    ] app.services.telemetry.udp_telemetry — UdpTelemetryReceiver listening on 0.0.0.0:5002
2026-07-13 16:15:41 [INFO    ] app.services.video.manager — Starting new VideoReceiver for port 5601
2026-07-13 16:15:41 [INFO    ] app.services.video.receiver — VideoReceiver created (Source: UDP)
2026-07-13 16:15:41 [INFO    ] app.services.video.receiver — VideoReceiver listening on UDP port 5601
2026-07-13 16:15:41 [INFO    ] app.services.video.receiver — VideoReceiver thread started for udp
2026-07-13 16:15:41 [INFO    ] app.services.websocket.manager — Video client connected to port 5601 — total for port: 1
2026-07-13 16:15:41 [INFO    ] app.services.video.manager — Broadcast loop started for port 5601
2026-07-13 16:15:43 [ERROR   ] app.services.mavlink.connection — Failed to connect to tcp:1:1: [Errno 11001] getaddrinfo failed
2026-07-13 16:15:43 [ERROR   ] app.services.mavlink.telemetry_bridge — Failed to connect slot 1: [Errno 11001] getaddrinfo failed
2026-07-13 16:16:24 [INFO    ] app.services.websocket.manager — System client disconnected — remaining: 0
2026-07-13 16:16:24 [INFO    ] app.services.websocket.manager — Video client disconnected from port 1 — remaining for port: 1
2026-07-13 16:16:24 [INFO    ] app.services.websocket.manager — Telemetry client disconnected — remaining: 1
2026-07-13 16:16:24 [INFO    ] app.services.websocket.manager — System client connected — total: 1
2026-07-13 16:16:24 [INFO    ] app.services.websocket.manager — Telemetry client connected — total: 2
2026-07-13 16:16:25 [INFO    ] app.services.mavlink.connection — Connecting to MAVLink at tcp:100.121.12.16:5760
2026-07-13 16:16:28 [ERROR   ] app.services.mavlink.connection — Failed to connect to tcp:100.121.12.16:5760: Connection timed out (host unreachable)
2026-07-13 16:16:28 [ERROR   ] app.services.mavlink.telemetry_bridge — Failed to connect slot 1: Connection timed out (host unreachable)
2026-07-13 16:19:20 [INFO    ] app.services.websocket.manager — Video client disconnected from port 5601 — remaining for port: 0
2026-07-13 16:19:20 [INFO    ] app.services.video.manager — Stopping VideoReceiver for port 5601
2026-07-13 16:19:20 [INFO    ] app.services.video.receiver — VideoReceiver stopped
2026-07-13 16:19:20 [INFO    ] app.services.video.manager — Stopping UdpTelemetryReceiver for JSON port 5002
2026-07-13 16:19:20 [INFO    ] app.services.telemetry.udp_telemetry — UdpTelemetryReceiver stopped.
2026-07-13 16:19:20 [INFO    ] app.services.websocket.manager — Video client disconnected from port 1 — remaining for port: 0
2026-07-13 16:19:20 [INFO    ] app.services.video.manager — Stopping VideoReceiver for port 1
2026-07-13 16:19:20 [INFO    ] app.services.video.receiver — VideoReceiver stopped
2026-07-13 16:19:20 [INFO    ] app.services.video.manager — Stopping UdpTelemetryReceiver for JSON port 1
2026-07-13 16:19:20 [INFO    ] app.services.telemetry.udp_telemetry — UdpTelemetryReceiver stopped.
2026-07-13 16:19:20 [INFO    ] app.services.websocket.manager — Telemetry client disconnected — remaining: 1
2026-07-13 16:19:23 [INFO    ] app.services.websocket.manager — Telemetry client connected — total: 2
2026-07-13 16:19:23 [INFO    ] app.services.video.manager — Starting new UdpTelemetryReceiver for JSON port 1
2026-07-13 16:19:23 [INFO    ] app.services.telemetry.udp_telemetry — UdpTelemetryReceiver listening on 0.0.0.0:1
2026-07-13 16:19:23 [INFO    ] app.services.video.manager — Starting new VideoReceiver for port 1
2026-07-13 16:19:23 [INFO    ] app.services.video.receiver — VideoReceiver created (Source: UDP)
2026-07-13 16:19:23 [INFO    ] app.services.video.receiver — VideoReceiver listening on UDP port 1
2026-07-13 16:19:23 [INFO    ] app.services.video.receiver — VideoReceiver thread started for udp
2026-07-13 16:19:23 [INFO    ] app.services.websocket.manager — Video client connected to port 1 — total for port: 1
2026-07-13 16:19:23 [INFO    ] app.services.video.manager — Broadcast loop started for port 1
2026-07-13 16:19:23 [INFO    ] app.services.video.manager — Starting new UdpTelemetryReceiver for JSON port 5002
2026-07-13 16:19:23 [INFO    ] app.services.telemetry.udp_telemetry — UdpTelemetryReceiver listening on 0.0.0.0:5002
2026-07-13 16:19:23 [INFO    ] app.services.video.manager — Starting new VideoReceiver for port 5601
2026-07-13 16:19:23 [INFO    ] app.services.video.receiver — VideoReceiver created (Source: UDP)
2026-07-13 16:19:23 [INFO    ] app.services.video.receiver — VideoReceiver listening on UDP port 5601
2026-07-13 16:19:23 [INFO    ] app.services.video.receiver — VideoReceiver thread started for udp
2026-07-13 16:19:23 [INFO    ] app.services.websocket.manager — Video client connected to port 5601 — total for port: 1
2026-07-13 16:19:23 [INFO    ] app.services.video.manager — Broadcast loop started for port 5601
2026-07-13 16:19:23 [INFO    ] app.services.mavlink.connection — Connecting to MAVLink at tcp:1:1
2026-07-13 16:19:26 [ERROR   ] app.services.mavlink.connection — Failed to connect to tcp:1:1: [Errno 11001] getaddrinfo failed
2026-07-13 16:19:26 [ERROR   ] app.services.mavlink.telemetry_bridge — Failed to connect slot 1: [Errno 11001] getaddrinfo failed
2026-07-13 16:19:26 [INFO    ] app.services.websocket.manager — Telemetry client disconnected — remaining: 1
2026-07-13 16:19:26 [INFO    ] app.services.websocket.manager — Video client disconnected from port 5601 — remaining for port: 0
2026-07-13 16:19:26 [INFO    ] app.services.video.manager — Stopping VideoReceiver for port 5601
2026-07-13 16:19:26 [INFO    ] app.services.video.receiver — VideoReceiver stopped
2026-07-13 16:19:26 [INFO    ] app.services.video.manager — Stopping UdpTelemetryReceiver for JSON port 5002
2026-07-13 16:19:26 [INFO    ] app.services.telemetry.udp_telemetry — UdpTelemetryReceiver stopped.
2026-07-13 16:19:26 [INFO    ] app.services.websocket.manager — Video client disconnected from port 1 — remaining for port: 0
2026-07-13 16:19:26 [INFO    ] app.services.video.manager — Stopping VideoReceiver for port 1
2026-07-13 16:19:26 [INFO    ] app.services.video.receiver — VideoReceiver stopped
2026-07-13 16:19:26 [INFO    ] app.services.video.manager — Stopping UdpTelemetryReceiver for JSON port 1
2026-07-13 16:19:26 [INFO    ] app.services.telemetry.udp_telemetry — UdpTelemetryReceiver stopped.
2026-07-13 16:19:30 [INFO    ] app.services.websocket.manager — Telemetry client connected — total: 2
2026-07-13 16:19:30 [INFO    ] app.services.video.manager — Starting new UdpTelemetryReceiver for JSON port 1
2026-07-13 16:19:30 [INFO    ] app.services.telemetry.udp_telemetry — UdpTelemetryReceiver listening on 0.0.0.0:1
2026-07-13 16:19:30 [INFO    ] app.services.video.manager — Starting new VideoReceiver for port 1
2026-07-13 16:19:30 [INFO    ] app.services.video.receiver — VideoReceiver created (Source: UDP)
2026-07-13 16:19:30 [INFO    ] app.services.video.receiver — VideoReceiver listening on UDP port 1
2026-07-13 16:19:30 [INFO    ] app.services.video.receiver — VideoReceiver thread started for udp
2026-07-13 16:19:30 [INFO    ] app.services.websocket.manager — Video client connected to port 1 — total for port: 1
2026-07-13 16:19:30 [INFO    ] app.services.video.manager — Broadcast loop started for port 1
2026-07-13 16:19:30 [INFO    ] app.services.video.manager — Starting new UdpTelemetryReceiver for JSON port 5002
2026-07-13 16:19:30 [INFO    ] app.services.telemetry.udp_telemetry — UdpTelemetryReceiver listening on 0.0.0.0:5002
2026-07-13 16:19:30 [INFO    ] app.services.video.manager — Starting new VideoReceiver for port 5601
2026-07-13 16:19:30 [INFO    ] app.services.video.receiver — VideoReceiver created (Source: UDP)
2026-07-13 16:19:30 [INFO    ] app.services.video.receiver — VideoReceiver listening on UDP port 5601
2026-07-13 16:19:30 [INFO    ] app.services.video.receiver — VideoReceiver thread started for udp
2026-07-13 16:19:30 [INFO    ] app.services.websocket.manager — Video client connected to port 5601 — total for port: 1
2026-07-13 16:19:30 [INFO    ] app.services.video.manager — Broadcast loop started for port 5601
2026-07-13 16:19:31 [INFO    ] app.services.mavlink.connection — Connecting to MAVLink at tcp:1:1
2026-07-13 16:19:33 [ERROR   ] app.services.mavlink.connection — Failed to connect to tcp:1:1: [Errno 11001] getaddrinfo failed
2026-07-13 16:19:33 [ERROR   ] app.services.mavlink.telemetry_bridge — Failed to connect slot 1: [Errno 11001] getaddrinfo failed
2026-07-13 16:19:44 [INFO    ] app.services.websocket.manager — System client disconnected — remaining: 0
2026-07-13 16:19:44 [INFO    ] app.services.websocket.manager — Telemetry client disconnected — remaining: 1
2026-07-13 16:19:44 [INFO    ] app.services.websocket.manager — System client connected — total: 1
2026-07-13 16:19:44 [INFO    ] app.services.websocket.manager — Telemetry client connected — total: 2
2026-07-13 16:19:46 [INFO    ] app.services.mavlink.connection — Connecting to MAVLink at tcp:100.121.12.16:5760
2026-07-13 16:19:49 [ERROR   ] app.services.mavlink.connection — Failed to connect to tcp:100.121.12.16:5760: Connection timed out (host unreachable)
2026-07-13 16:19:49 [ERROR   ] app.services.mavlink.telemetry_bridge — Failed to connect slot 1: Connection timed out (host unreachable)
2026-07-13 16:23:53 [INFO    ] app.services.websocket.manager — Telemetry client disconnected — remaining: 1
2026-07-13 16:23:53 [INFO    ] app.services.websocket.manager — System client disconnected — remaining: 0
2026-07-13 16:23:53 [INFO    ] app.services.websocket.manager — Video client disconnected from port 5601 — remaining for port: 0
2026-07-13 16:23:53 [INFO    ] app.services.video.manager — Stopping VideoReceiver for port 5601
2026-07-13 16:23:53 [INFO    ] app.services.video.receiver — VideoReceiver stopped
2026-07-13 16:23:53 [INFO    ] app.services.video.manager — Stopping UdpTelemetryReceiver for JSON port 5002
2026-07-13 16:23:53 [INFO    ] app.services.telemetry.udp_telemetry — UdpTelemetryReceiver stopped.
2026-07-13 16:23:53 [INFO    ] app.services.websocket.manager — Telemetry client disconnected — remaining: 0
2026-07-13 16:23:53 [INFO    ] app.services.websocket.manager — Video client disconnected from port 1 — remaining for port: 0
2026-07-13 16:23:53 [INFO    ] app.services.video.manager — Stopping VideoReceiver for port 1
2026-07-13 16:23:53 [INFO    ] app.services.video.receiver — VideoReceiver stopped
2026-07-13 16:23:53 [INFO    ] app.services.video.manager — Stopping UdpTelemetryReceiver for JSON port 1
2026-07-13 16:23:53 [INFO    ] app.services.telemetry.udp_telemetry — UdpTelemetryReceiver stopped.
2026-07-13 17:10:56 [INFO    ] app.services.websocket.manager — Telemetry client connected — total: 1
2026-07-13 17:10:56 [INFO    ] app.services.websocket.manager — System client connected — total: 1
2026-07-13 17:10:58 [INFO    ] app.services.video.manager — Starting new UdpTelemetryReceiver for JSON port 1
2026-07-13 17:10:58 [INFO    ] app.services.telemetry.udp_telemetry — UdpTelemetryReceiver listening on 0.0.0.0:1
2026-07-13 17:10:58 [INFO    ] app.services.video.manager — Starting new VideoReceiver for port 1
2026-07-13 17:10:58 [INFO    ] app.services.video.receiver — VideoReceiver created (Source: UDP)
2026-07-13 17:10:58 [INFO    ] app.services.video.receiver — VideoReceiver listening on UDP port 1
2026-07-13 17:10:58 [INFO    ] app.services.video.receiver — VideoReceiver thread started for udp
2026-07-13 17:10:58 [INFO    ] app.services.websocket.manager — Video client connected to port 1 — total for port: 1
2026-07-13 17:10:58 [INFO    ] app.services.video.manager — Broadcast loop started for port 1
2026-07-13 17:10:58 [INFO    ] app.services.websocket.manager — Telemetry client connected — total: 2
2026-07-13 17:10:58 [INFO    ] app.services.video.manager — Starting new UdpTelemetryReceiver for JSON port 5002
2026-07-13 17:10:58 [INFO    ] app.services.telemetry.udp_telemetry — UdpTelemetryReceiver listening on 0.0.0.0:5002
2026-07-13 17:10:58 [INFO    ] app.services.video.manager — Starting new VideoReceiver for port 5601
2026-07-13 17:10:58 [INFO    ] app.services.video.receiver — VideoReceiver created (Source: UDP)
2026-07-13 17:10:58 [INFO    ] app.services.video.receiver — VideoReceiver listening on UDP port 5601
2026-07-13 17:10:58 [INFO    ] app.services.video.receiver — VideoReceiver thread started for udp
2026-07-13 17:10:58 [INFO    ] app.services.websocket.manager — Video client connected to port 5601 — total for port: 1
2026-07-13 17:10:58 [INFO    ] app.services.video.manager — Broadcast loop started for port 5601
2026-07-13 17:12:28 [INFO    ] app.services.websocket.manager — Telemetry client disconnected — remaining: 1
2026-07-13 17:12:28 [INFO    ] app.services.websocket.manager — Telemetry client disconnected — remaining: 0
2026-07-13 17:12:28 [INFO    ] app.services.websocket.manager — Video client disconnected from port 5601 — remaining for port: 0
2026-07-13 17:12:28 [INFO    ] app.services.video.manager — Stopping VideoReceiver for port 5601
2026-07-13 17:12:28 [INFO    ] app.services.video.receiver — VideoReceiver stopped
2026-07-13 17:12:28 [INFO    ] app.services.video.manager — Stopping UdpTelemetryReceiver for JSON port 5002
2026-07-13 17:12:28 [INFO    ] app.services.telemetry.udp_telemetry — UdpTelemetryReceiver stopped.
2026-07-13 17:12:28 [INFO    ] app.services.websocket.manager — Video client disconnected from port 1 — remaining for port: 0
2026-07-13 17:12:28 [INFO    ] app.services.video.manager — Stopping VideoReceiver for port 1
2026-07-13 17:12:28 [INFO    ] app.services.video.receiver — VideoReceiver stopped
2026-07-13 17:12:28 [INFO    ] app.services.video.manager — Stopping UdpTelemetryReceiver for JSON port 1
2026-07-13 17:12:28 [INFO    ] app.services.telemetry.udp_telemetry — UdpTelemetryReceiver stopped.
2026-07-13 17:12:28 [INFO    ] app.services.websocket.manager — System client disconnected — remaining: 0
2026-07-13 17:12:28 [INFO    ] app.main — Ground Station shutting down…
2026-07-13 17:12:28 [INFO    ] app.services.telemetry.udp_telemetry — UdpTelemetryReceiver stopped.
2026-07-13 17:12:28 [INFO    ] app.services.yolo.detector — YOLODetector stopped | total_inferences=0 | total_detections=0
2026-07-13 17:12:28 [INFO    ] app.main — Ground Station stopped.
2026-07-13 17:12:37 [INFO    ] app.services.video.manager — MultiStreamManager ready (fps_limit=30, jpeg_quality=80, yolo=enabled)
2026-07-13 17:12:37 [INFO    ] app.main — ═══════════════════════════════════════════
2026-07-13 17:12:37 [INFO    ] app.main —   UAV Ground Station starting up
2026-07-13 17:12:37 [INFO    ] app.main —   Web  port : 8000
2026-07-13 17:12:37 [INFO    ] app.main —   Host      : 0.0.0.0
2026-07-13 17:12:37 [INFO    ] app.main —   YOLO      : enabled
2026-07-13 17:12:37 [INFO    ] app.main — ═══════════════════════════════════════════
2026-07-13 17:12:37 [INFO    ] app.services.yolo.detector — Loading YOLO model: yolo11n.pt
2026-07-13 17:12:37 [INFO    ] app.services.yolo.detector — Class 'person' → ID 0
2026-07-13 17:12:37 [INFO    ] app.services.yolo.detector — YOLODetector started | model=yolo11n.pt | conf=0.40 | iou=0.45 | max_fps=10.0 | device='auto' | filter=[0] | ws_broadcast=enabled
2026-07-13 17:12:37 [INFO    ] app.services.yolo.detector — === Class list dari model 'yolo11n.pt' ===
2026-07-13 17:12:37 [INFO    ] app.services.yolo.detector —   [  0] person ← AKTIF
2026-07-13 17:12:37 [INFO    ] app.services.yolo.detector —   [  1] bicycle
2026-07-13 17:12:37 [INFO    ] app.services.yolo.detector —   [  2] car
2026-07-13 17:12:37 [INFO    ] app.services.yolo.detector —   [  3] motorcycle
2026-07-13 17:12:37 [INFO    ] app.services.yolo.detector —   [  4] airplane
2026-07-13 17:12:37 [INFO    ] app.services.yolo.detector —   [  5] bus
2026-07-13 17:12:37 [INFO    ] app.services.yolo.detector —   [  6] train
2026-07-13 17:12:37 [INFO    ] app.services.yolo.detector —   [  7] truck
2026-07-13 17:12:37 [INFO    ] app.services.yolo.detector —   [  8] boat
2026-07-13 17:12:37 [INFO    ] app.services.yolo.detector —   [  9] traffic light
2026-07-13 17:12:37 [INFO    ] app.services.yolo.detector —   [ 10] fire hydrant
2026-07-13 17:12:37 [INFO    ] app.services.yolo.detector —   [ 11] stop sign
2026-07-13 17:12:37 [INFO    ] app.services.yolo.detector —   [ 12] parking meter
2026-07-13 17:12:37 [INFO    ] app.services.yolo.detector —   [ 13] bench
2026-07-13 17:12:37 [INFO    ] app.services.yolo.detector —   [ 14] bird
2026-07-13 17:12:37 [INFO    ] app.services.yolo.detector —   [ 15] cat
2026-07-13 17:12:37 [INFO    ] app.services.yolo.detector —   [ 16] dog
2026-07-13 17:12:37 [INFO    ] app.services.yolo.detector —   [ 17] horse
2026-07-13 17:12:37 [INFO    ] app.services.yolo.detector —   [ 18] sheep
2026-07-13 17:12:37 [INFO    ] app.services.yolo.detector —   [ 19] cow
2026-07-13 17:12:37 [INFO    ] app.services.yolo.detector —   [ 20] elephant
2026-07-13 17:12:37 [INFO    ] app.services.yolo.detector —   [ 21] bear
2026-07-13 17:12:37 [INFO    ] app.services.yolo.detector —   [ 22] zebra
2026-07-13 17:12:37 [INFO    ] app.services.yolo.detector —   [ 23] giraffe
2026-07-13 17:12:37 [INFO    ] app.services.yolo.detector —   [ 24] backpack
2026-07-13 17:12:37 [INFO    ] app.services.yolo.detector —   [ 25] umbrella
2026-07-13 17:12:37 [INFO    ] app.services.yolo.detector —   [ 26] handbag
2026-07-13 17:12:37 [INFO    ] app.services.yolo.detector —   [ 27] tie
2026-07-13 17:12:37 [INFO    ] app.services.yolo.detector —   [ 28] suitcase
2026-07-13 17:12:37 [INFO    ] app.services.yolo.detector —   [ 29] frisbee
2026-07-13 17:12:37 [INFO    ] app.services.yolo.detector —   [ 30] skis
2026-07-13 17:12:37 [INFO    ] app.services.yolo.detector —   [ 31] snowboard
2026-07-13 17:12:37 [INFO    ] app.services.yolo.detector —   [ 32] sports ball
2026-07-13 17:12:37 [INFO    ] app.services.yolo.detector —   [ 33] kite
2026-07-13 17:12:37 [INFO    ] app.services.yolo.detector —   [ 34] baseball bat
2026-07-13 17:12:37 [INFO    ] app.services.yolo.detector —   [ 35] baseball glove
2026-07-13 17:12:37 [INFO    ] app.services.yolo.detector —   [ 36] skateboard
2026-07-13 17:12:37 [INFO    ] app.services.yolo.detector —   [ 37] surfboard
2026-07-13 17:12:37 [INFO    ] app.services.yolo.detector —   [ 38] tennis racket
2026-07-13 17:12:37 [INFO    ] app.services.yolo.detector —   [ 39] bottle
2026-07-13 17:12:37 [INFO    ] app.services.yolo.detector —   [ 40] wine glass
2026-07-13 17:12:37 [INFO    ] app.services.yolo.detector —   [ 41] cup
2026-07-13 17:12:37 [INFO    ] app.services.yolo.detector —   [ 42] fork
2026-07-13 17:12:37 [INFO    ] app.services.yolo.detector —   [ 43] knife
2026-07-13 17:12:37 [INFO    ] app.services.yolo.detector —   [ 44] spoon
2026-07-13 17:12:37 [INFO    ] app.services.yolo.detector —   [ 45] bowl
2026-07-13 17:12:37 [INFO    ] app.services.yolo.detector —   [ 46] banana
2026-07-13 17:12:37 [INFO    ] app.services.yolo.detector —   [ 47] apple
2026-07-13 17:12:37 [INFO    ] app.services.yolo.detector —   [ 48] sandwich
2026-07-13 17:12:37 [INFO    ] app.services.yolo.detector —   [ 49] orange
2026-07-13 17:12:37 [INFO    ] app.services.yolo.detector —   [ 50] broccoli
2026-07-13 17:12:37 [INFO    ] app.services.yolo.detector —   [ 51] carrot
2026-07-13 17:12:37 [INFO    ] app.services.yolo.detector —   [ 52] hot dog
2026-07-13 17:12:37 [INFO    ] app.services.yolo.detector —   [ 53] pizza
2026-07-13 17:12:37 [INFO    ] app.services.yolo.detector —   [ 54] donut
2026-07-13 17:12:37 [INFO    ] app.services.yolo.detector —   [ 55] cake
2026-07-13 17:12:37 [INFO    ] app.services.yolo.detector —   [ 56] chair
2026-07-13 17:12:37 [INFO    ] app.services.yolo.detector —   [ 57] couch
2026-07-13 17:12:37 [INFO    ] app.services.yolo.detector —   [ 58] potted plant
2026-07-13 17:12:37 [INFO    ] app.services.yolo.detector —   [ 59] bed
2026-07-13 17:12:37 [INFO    ] app.services.yolo.detector —   [ 60] dining table
2026-07-13 17:12:37 [INFO    ] app.services.yolo.detector —   [ 61] toilet
2026-07-13 17:12:37 [INFO    ] app.services.yolo.detector —   [ 62] tv
2026-07-13 17:12:37 [INFO    ] app.services.yolo.detector —   [ 63] laptop
2026-07-13 17:12:37 [INFO    ] app.services.yolo.detector —   [ 64] mouse
2026-07-13 17:12:37 [INFO    ] app.services.yolo.detector —   [ 65] remote
2026-07-13 17:12:37 [INFO    ] app.services.yolo.detector —   [ 66] keyboard
2026-07-13 17:12:37 [INFO    ] app.services.yolo.detector —   [ 67] cell phone
2026-07-13 17:12:37 [INFO    ] app.services.yolo.detector —   [ 68] microwave
2026-07-13 17:12:37 [INFO    ] app.services.yolo.detector —   [ 69] oven
2026-07-13 17:12:37 [INFO    ] app.services.yolo.detector —   [ 70] toaster
2026-07-13 17:12:37 [INFO    ] app.services.yolo.detector —   [ 71] sink
2026-07-13 17:12:37 [INFO    ] app.services.yolo.detector —   [ 72] refrigerator
2026-07-13 17:12:37 [INFO    ] app.services.yolo.detector —   [ 73] book
2026-07-13 17:12:37 [INFO    ] app.services.yolo.detector —   [ 74] clock
2026-07-13 17:12:37 [INFO    ] app.services.yolo.detector —   [ 75] vase
2026-07-13 17:12:37 [INFO    ] app.services.yolo.detector —   [ 76] scissors
2026-07-13 17:12:37 [INFO    ] app.services.yolo.detector —   [ 77] teddy bear
2026-07-13 17:12:37 [INFO    ] app.services.yolo.detector —   [ 78] hair drier
2026-07-13 17:12:37 [INFO    ] app.services.yolo.detector —   [ 79] toothbrush
2026-07-13 17:12:37 [INFO    ] app.services.yolo.detector — Filter aktif: [0]
2026-07-13 17:12:37 [INFO    ] app.main — YOLODetector started (model=yolo11n.pt)
2026-07-13 17:12:37 [INFO    ] app.main — Ground Station ready — open http://0.0.0.0:8000
2026-07-13 17:12:37 [INFO    ] app.services.video.manager — Starting new UdpTelemetryReceiver for JSON port 5002
2026-07-13 17:12:37 [INFO    ] app.services.telemetry.udp_telemetry — UdpTelemetryReceiver listening on 0.0.0.0:5002
2026-07-13 17:12:37 [INFO    ] app.services.video.manager — Starting new VideoReceiver for port 5601
2026-07-13 17:12:37 [INFO    ] app.services.video.receiver — VideoReceiver created (Source: UDP)
2026-07-13 17:12:37 [INFO    ] app.services.video.receiver — VideoReceiver listening on UDP port 5601
2026-07-13 17:12:37 [INFO    ] app.services.video.receiver — VideoReceiver thread started for udp
2026-07-13 17:12:37 [INFO    ] app.services.websocket.manager — Video client connected to port 5601 — total for port: 1
2026-07-13 17:12:37 [INFO    ] app.services.video.manager — Broadcast loop started for port 5601
2026-07-13 17:12:37 [INFO    ] app.services.websocket.manager — Telemetry client connected — total: 1
2026-07-13 17:12:37 [INFO    ] app.services.websocket.manager — Telemetry client connected — total: 2
2026-07-13 17:12:37 [INFO    ] app.services.video.manager — Starting new UdpTelemetryReceiver for JSON port 1
2026-07-13 17:12:37 [INFO    ] app.services.telemetry.udp_telemetry — UdpTelemetryReceiver listening on 0.0.0.0:1
2026-07-13 17:12:37 [INFO    ] app.services.video.manager — Starting new VideoReceiver for port 1
2026-07-13 17:12:37 [INFO    ] app.services.video.receiver — VideoReceiver created (Source: UDP)
2026-07-13 17:12:37 [INFO    ] app.services.video.receiver — VideoReceiver listening on UDP port 1
2026-07-13 17:12:37 [INFO    ] app.services.video.receiver — VideoReceiver thread started for udp
2026-07-13 17:12:37 [INFO    ] app.services.websocket.manager — Video client connected to port 1 — total for port: 1
2026-07-13 17:12:37 [INFO    ] app.services.video.manager — Broadcast loop started for port 1
2026-07-13 17:12:37 [INFO    ] app.services.websocket.manager — System client connected — total: 1
2026-07-13 17:12:43 [INFO    ] app.services.websocket.manager — Telemetry client disconnected — remaining: 1
2026-07-13 17:12:43 [INFO    ] app.services.websocket.manager — Video client disconnected from port 5601 — remaining for port: 0
2026-07-13 17:12:43 [INFO    ] app.services.video.manager — Stopping VideoReceiver for port 5601
2026-07-13 17:12:43 [INFO    ] app.services.video.receiver — VideoReceiver stopped
2026-07-13 17:12:43 [INFO    ] app.services.video.manager — Stopping UdpTelemetryReceiver for JSON port 5002
2026-07-13 17:12:43 [INFO    ] app.services.telemetry.udp_telemetry — UdpTelemetryReceiver stopped.
2026-07-13 17:12:43 [INFO    ] app.services.websocket.manager — Video client disconnected from port 1 — remaining for port: 0
2026-07-13 17:12:43 [INFO    ] app.services.video.manager — Stopping VideoReceiver for port 1
2026-07-13 17:12:43 [INFO    ] app.services.video.receiver — VideoReceiver stopped
2026-07-13 17:12:43 [INFO    ] app.services.video.manager — Stopping UdpTelemetryReceiver for JSON port 1
2026-07-13 17:12:43 [INFO    ] app.services.telemetry.udp_telemetry — UdpTelemetryReceiver stopped.
2026-07-13 17:12:43 [INFO    ] app.services.websocket.manager — Telemetry client disconnected — remaining: 0
2026-07-13 17:12:43 [INFO    ] app.services.websocket.manager — System client disconnected — remaining: 0
2026-07-13 17:12:43 [INFO    ] app.main — Ground Station shutting down…
2026-07-13 17:12:43 [INFO    ] app.services.yolo.detector — YOLODetector stopped | total_inferences=0 | total_detections=0
2026-07-13 17:12:43 [INFO    ] app.main — Ground Station stopped.
2026-07-13 17:12:47 [INFO    ] app.services.video.manager — MultiStreamManager ready (fps_limit=30, jpeg_quality=80, yolo=enabled)
2026-07-13 17:12:47 [INFO    ] app.main — ═══════════════════════════════════════════
2026-07-13 17:12:47 [INFO    ] app.main —   UAV Ground Station starting up
2026-07-13 17:12:47 [INFO    ] app.main —   Web  port : 8000
2026-07-13 17:12:47 [INFO    ] app.main —   Host      : 0.0.0.0
2026-07-13 17:12:47 [INFO    ] app.main —   YOLO      : enabled
2026-07-13 17:12:47 [INFO    ] app.main — ═══════════════════════════════════════════
2026-07-13 17:12:47 [INFO    ] app.services.yolo.detector — Loading YOLO model: yolo11n.pt
2026-07-13 17:12:47 [INFO    ] app.services.yolo.detector — Class 'person' → ID 0
2026-07-13 17:12:47 [INFO    ] app.services.yolo.detector — YOLODetector started | model=yolo11n.pt | conf=0.40 | iou=0.45 | max_fps=10.0 | device='auto' | filter=[0] | ws_broadcast=enabled
2026-07-13 17:12:47 [INFO    ] app.services.yolo.detector — === Class list dari model 'yolo11n.pt' ===
2026-07-13 17:12:47 [INFO    ] app.services.yolo.detector —   [  0] person ← AKTIF
2026-07-13 17:12:47 [INFO    ] app.services.yolo.detector —   [  1] bicycle
2026-07-13 17:12:47 [INFO    ] app.services.yolo.detector —   [  2] car
2026-07-13 17:12:47 [INFO    ] app.services.yolo.detector —   [  3] motorcycle
2026-07-13 17:12:47 [INFO    ] app.services.yolo.detector —   [  4] airplane
2026-07-13 17:12:47 [INFO    ] app.services.yolo.detector —   [  5] bus
2026-07-13 17:12:47 [INFO    ] app.services.yolo.detector —   [  6] train
2026-07-13 17:12:47 [INFO    ] app.services.yolo.detector —   [  7] truck
2026-07-13 17:12:47 [INFO    ] app.services.yolo.detector —   [  8] boat
2026-07-13 17:12:47 [INFO    ] app.services.yolo.detector —   [  9] traffic light
2026-07-13 17:12:47 [INFO    ] app.services.yolo.detector —   [ 10] fire hydrant
2026-07-13 17:12:47 [INFO    ] app.services.yolo.detector —   [ 11] stop sign
2026-07-13 17:12:47 [INFO    ] app.services.yolo.detector —   [ 12] parking meter
2026-07-13 17:12:47 [INFO    ] app.services.yolo.detector —   [ 13] bench
2026-07-13 17:12:47 [INFO    ] app.services.yolo.detector —   [ 14] bird
2026-07-13 17:12:47 [INFO    ] app.services.yolo.detector —   [ 15] cat
2026-07-13 17:12:47 [INFO    ] app.services.yolo.detector —   [ 16] dog
2026-07-13 17:12:47 [INFO    ] app.services.yolo.detector —   [ 17] horse
2026-07-13 17:12:47 [INFO    ] app.services.yolo.detector —   [ 18] sheep
2026-07-13 17:12:47 [INFO    ] app.services.yolo.detector —   [ 19] cow
2026-07-13 17:12:47 [INFO    ] app.services.yolo.detector —   [ 20] elephant
2026-07-13 17:12:47 [INFO    ] app.services.yolo.detector —   [ 21] bear
2026-07-13 17:12:47 [INFO    ] app.services.yolo.detector —   [ 22] zebra
2026-07-13 17:12:47 [INFO    ] app.services.yolo.detector —   [ 23] giraffe
2026-07-13 17:12:47 [INFO    ] app.services.yolo.detector —   [ 24] backpack
2026-07-13 17:12:47 [INFO    ] app.services.yolo.detector —   [ 25] umbrella
2026-07-13 17:12:47 [INFO    ] app.services.yolo.detector —   [ 26] handbag
2026-07-13 17:12:47 [INFO    ] app.services.yolo.detector —   [ 27] tie
2026-07-13 17:12:47 [INFO    ] app.services.yolo.detector —   [ 28] suitcase
2026-07-13 17:12:47 [INFO    ] app.services.yolo.detector —   [ 29] frisbee
2026-07-13 17:12:47 [INFO    ] app.services.yolo.detector —   [ 30] skis
2026-07-13 17:12:47 [INFO    ] app.services.yolo.detector —   [ 31] snowboard
2026-07-13 17:12:47 [INFO    ] app.services.yolo.detector —   [ 32] sports ball
2026-07-13 17:12:47 [INFO    ] app.services.yolo.detector —   [ 33] kite
2026-07-13 17:12:47 [INFO    ] app.services.yolo.detector —   [ 34] baseball bat
2026-07-13 17:12:47 [INFO    ] app.services.yolo.detector —   [ 35] baseball glove
2026-07-13 17:12:47 [INFO    ] app.services.yolo.detector —   [ 36] skateboard
2026-07-13 17:12:47 [INFO    ] app.services.yolo.detector —   [ 37] surfboard
2026-07-13 17:12:47 [INFO    ] app.services.yolo.detector —   [ 38] tennis racket
2026-07-13 17:12:47 [INFO    ] app.services.yolo.detector —   [ 39] bottle
2026-07-13 17:12:47 [INFO    ] app.services.yolo.detector —   [ 40] wine glass
2026-07-13 17:12:47 [INFO    ] app.services.yolo.detector —   [ 41] cup
2026-07-13 17:12:47 [INFO    ] app.services.yolo.detector —   [ 42] fork
2026-07-13 17:12:47 [INFO    ] app.services.yolo.detector —   [ 43] knife
2026-07-13 17:12:47 [INFO    ] app.services.yolo.detector —   [ 44] spoon
2026-07-13 17:12:47 [INFO    ] app.services.yolo.detector —   [ 45] bowl
2026-07-13 17:12:47 [INFO    ] app.services.yolo.detector —   [ 46] banana
2026-07-13 17:12:47 [INFO    ] app.services.yolo.detector —   [ 47] apple
2026-07-13 17:12:47 [INFO    ] app.services.yolo.detector —   [ 48] sandwich
2026-07-13 17:12:47 [INFO    ] app.services.yolo.detector —   [ 49] orange
2026-07-13 17:12:47 [INFO    ] app.services.yolo.detector —   [ 50] broccoli
2026-07-13 17:12:47 [INFO    ] app.services.yolo.detector —   [ 51] carrot
2026-07-13 17:12:47 [INFO    ] app.services.yolo.detector —   [ 52] hot dog
2026-07-13 17:12:47 [INFO    ] app.services.yolo.detector —   [ 53] pizza
2026-07-13 17:12:47 [INFO    ] app.services.yolo.detector —   [ 54] donut
2026-07-13 17:12:47 [INFO    ] app.services.yolo.detector —   [ 55] cake
2026-07-13 17:12:47 [INFO    ] app.services.yolo.detector —   [ 56] chair
2026-07-13 17:12:47 [INFO    ] app.services.yolo.detector —   [ 57] couch
2026-07-13 17:12:47 [INFO    ] app.services.yolo.detector —   [ 58] potted plant
2026-07-13 17:12:47 [INFO    ] app.services.yolo.detector —   [ 59] bed
2026-07-13 17:12:47 [INFO    ] app.services.yolo.detector —   [ 60] dining table
2026-07-13 17:12:47 [INFO    ] app.services.yolo.detector —   [ 61] toilet
2026-07-13 17:12:47 [INFO    ] app.services.yolo.detector —   [ 62] tv
2026-07-13 17:12:47 [INFO    ] app.services.yolo.detector —   [ 63] laptop
2026-07-13 17:12:47 [INFO    ] app.services.yolo.detector —   [ 64] mouse
2026-07-13 17:12:47 [INFO    ] app.services.yolo.detector —   [ 65] remote
2026-07-13 17:12:47 [INFO    ] app.services.yolo.detector —   [ 66] keyboard
2026-07-13 17:12:47 [INFO    ] app.services.yolo.detector —   [ 67] cell phone
2026-07-13 17:12:47 [INFO    ] app.services.yolo.detector —   [ 68] microwave
2026-07-13 17:12:47 [INFO    ] app.services.yolo.detector —   [ 69] oven
2026-07-13 17:12:47 [INFO    ] app.services.yolo.detector —   [ 70] toaster
2026-07-13 17:12:47 [INFO    ] app.services.yolo.detector —   [ 71] sink
2026-07-13 17:12:47 [INFO    ] app.services.yolo.detector —   [ 72] refrigerator
2026-07-13 17:12:47 [INFO    ] app.services.yolo.detector —   [ 73] book
2026-07-13 17:12:47 [INFO    ] app.services.yolo.detector —   [ 74] clock
2026-07-13 17:12:47 [INFO    ] app.services.yolo.detector —   [ 75] vase
2026-07-13 17:12:47 [INFO    ] app.services.yolo.detector —   [ 76] scissors
2026-07-13 17:12:47 [INFO    ] app.services.yolo.detector —   [ 77] teddy bear
2026-07-13 17:12:47 [INFO    ] app.services.yolo.detector —   [ 78] hair drier
2026-07-13 17:12:47 [INFO    ] app.services.yolo.detector —   [ 79] toothbrush
2026-07-13 17:12:47 [INFO    ] app.services.yolo.detector — Filter aktif: [0]
2026-07-13 17:12:47 [INFO    ] app.main — YOLODetector started (model=yolo11n.pt)
2026-07-13 17:12:47 [INFO    ] app.main — Ground Station ready — open http://0.0.0.0:8000
2026-07-13 17:12:47 [INFO    ] app.services.websocket.manager — Telemetry client connected — total: 1
2026-07-13 17:12:47 [INFO    ] app.services.websocket.manager — System client connected — total: 1
2026-07-13 17:12:47 [INFO    ] app.services.video.manager — Starting new UdpTelemetryReceiver for JSON port 5002
2026-07-13 17:12:47 [INFO    ] app.services.telemetry.udp_telemetry — UdpTelemetryReceiver listening on 0.0.0.0:5002
2026-07-13 17:12:47 [INFO    ] app.services.video.manager — Starting new VideoReceiver for port 5601
2026-07-13 17:12:47 [INFO    ] app.services.video.receiver — VideoReceiver created (Source: UDP)
2026-07-13 17:12:47 [INFO    ] app.services.video.receiver — VideoReceiver listening on UDP port 5601
2026-07-13 17:12:47 [INFO    ] app.services.video.receiver — VideoReceiver thread started for udp
2026-07-13 17:12:47 [INFO    ] app.services.websocket.manager — Video client connected to port 5601 — total for port: 1
2026-07-13 17:12:47 [INFO    ] app.services.video.manager — Broadcast loop started for port 5601
2026-07-13 17:12:47 [INFO    ] app.services.video.manager — Starting new UdpTelemetryReceiver for JSON port 1
2026-07-13 17:12:47 [INFO    ] app.services.telemetry.udp_telemetry — UdpTelemetryReceiver listening on 0.0.0.0:1
2026-07-13 17:12:47 [INFO    ] app.services.video.manager — Starting new VideoReceiver for port 1
2026-07-13 17:12:47 [INFO    ] app.services.video.receiver — VideoReceiver created (Source: UDP)
2026-07-13 17:12:47 [INFO    ] app.services.video.receiver — VideoReceiver listening on UDP port 1
2026-07-13 17:12:47 [INFO    ] app.services.video.receiver — VideoReceiver thread started for udp
2026-07-13 17:12:47 [INFO    ] app.services.websocket.manager — Video client connected to port 1 — total for port: 1
2026-07-13 17:12:47 [INFO    ] app.services.video.manager — Broadcast loop started for port 1
2026-07-13 17:12:47 [INFO    ] app.services.websocket.manager — Telemetry client connected — total: 2
2026-07-13 17:13:42 [INFO    ] app.services.websocket.manager — Telemetry client disconnected — remaining: 1
2026-07-13 17:13:42 [INFO    ] app.services.websocket.manager — Video client disconnected from port 1 — remaining for port: 0
2026-07-13 17:13:42 [INFO    ] app.services.video.manager — Stopping VideoReceiver for port 1
2026-07-13 17:13:42 [INFO    ] app.services.video.receiver — VideoReceiver stopped
2026-07-13 17:13:42 [INFO    ] app.services.video.manager — Stopping UdpTelemetryReceiver for JSON port 1
2026-07-13 17:13:42 [INFO    ] app.services.telemetry.udp_telemetry — UdpTelemetryReceiver stopped.
2026-07-13 17:13:42 [INFO    ] app.services.websocket.manager — Video client disconnected from port 5601 — remaining for port: 0
2026-07-13 17:13:42 [INFO    ] app.services.video.manager — Stopping VideoReceiver for port 5601
2026-07-13 17:13:42 [INFO    ] app.services.video.receiver — VideoReceiver stopped
2026-07-13 17:13:42 [INFO    ] app.services.video.manager — Stopping UdpTelemetryReceiver for JSON port 5002
2026-07-13 17:13:42 [INFO    ] app.services.telemetry.udp_telemetry — UdpTelemetryReceiver stopped.
2026-07-13 17:13:42 [INFO    ] app.services.video.manager — Starting new UdpTelemetryReceiver for JSON port 1
2026-07-13 17:13:42 [INFO    ] app.services.telemetry.udp_telemetry — UdpTelemetryReceiver listening on 0.0.0.0:1
2026-07-13 17:13:42 [INFO    ] app.services.video.manager — Starting new VideoReceiver for port 1
2026-07-13 17:13:42 [INFO    ] app.services.video.receiver — VideoReceiver created (Source: UDP)
2026-07-13 17:13:42 [INFO    ] app.services.video.receiver — VideoReceiver listening on UDP port 1
2026-07-13 17:13:42 [INFO    ] app.services.video.receiver — VideoReceiver thread started for udp
2026-07-13 17:13:42 [INFO    ] app.services.websocket.manager — Video client connected to port 1 — total for port: 1
2026-07-13 17:13:42 [INFO    ] app.services.video.manager — Broadcast loop started for port 1
2026-07-13 17:13:42 [INFO    ] app.services.video.manager — Starting new UdpTelemetryReceiver for JSON port 5002
2026-07-13 17:13:42 [INFO    ] app.services.telemetry.udp_telemetry — UdpTelemetryReceiver listening on 0.0.0.0:5002
2026-07-13 17:13:42 [INFO    ] app.services.video.manager — Starting new VideoReceiver for port 5601
2026-07-13 17:13:42 [INFO    ] app.services.video.receiver — VideoReceiver created (Source: UDP)
2026-07-13 17:13:42 [INFO    ] app.services.video.receiver — VideoReceiver listening on UDP port 5601
2026-07-13 17:13:42 [INFO    ] app.services.video.receiver — VideoReceiver thread started for udp
2026-07-13 17:13:42 [INFO    ] app.services.websocket.manager — Video client connected to port 5601 — total for port: 1
2026-07-13 17:13:42 [INFO    ] app.services.video.manager — Broadcast loop started for port 5601
2026-07-13 17:13:42 [INFO    ] app.services.websocket.manager — Telemetry client connected — total: 2
2026-07-13 17:13:43 [INFO    ] app.services.mavlink.connection — Connecting to MAVLink at tcp:1:1
2026-07-13 17:13:46 [ERROR   ] app.services.mavlink.connection — Failed to connect to tcp:1:1: [Errno 11001] getaddrinfo failed
2026-07-13 17:13:46 [ERROR   ] app.services.mavlink.telemetry_bridge — Failed to connect slot 1: [Errno 11001] getaddrinfo failed
2026-07-13 17:13:59 [INFO    ] app.services.websocket.manager — Telemetry client disconnected — remaining: 1
2026-07-13 17:14:00 [INFO    ] app.services.websocket.manager — Telemetry client connected — total: 2
2026-07-13 17:18:19 [INFO    ] app.services.websocket.manager — Telemetry client disconnected — remaining: 1
2026-07-13 17:18:19 [INFO    ] app.services.websocket.manager — Video client disconnected from port 5601 — remaining for port: 0
2026-07-13 17:18:19 [INFO    ] app.services.video.manager — Stopping VideoReceiver for port 5601
2026-07-13 17:18:19 [INFO    ] app.services.video.receiver — VideoReceiver stopped
2026-07-13 17:18:19 [INFO    ] app.services.video.manager — Stopping UdpTelemetryReceiver for JSON port 5002
2026-07-13 17:18:19 [INFO    ] app.services.telemetry.udp_telemetry — UdpTelemetryReceiver stopped.
2026-07-13 17:18:19 [INFO    ] app.services.websocket.manager — Video client disconnected from port 1 — remaining for port: 0
2026-07-13 17:18:19 [INFO    ] app.services.video.manager — Stopping VideoReceiver for port 1
2026-07-13 17:18:19 [INFO    ] app.services.video.receiver — VideoReceiver stopped
2026-07-13 17:18:19 [INFO    ] app.services.video.manager — Stopping UdpTelemetryReceiver for JSON port 1
2026-07-13 17:18:19 [INFO    ] app.services.telemetry.udp_telemetry — UdpTelemetryReceiver stopped.
2026-07-13 17:18:22 [INFO    ] app.services.websocket.manager — Telemetry client connected — total: 2
2026-07-13 17:18:22 [INFO    ] app.services.video.manager — Starting new UdpTelemetryReceiver for JSON port 1
2026-07-13 17:18:22 [INFO    ] app.services.telemetry.udp_telemetry — UdpTelemetryReceiver listening on 0.0.0.0:1
2026-07-13 17:18:22 [INFO    ] app.services.video.manager — Starting new VideoReceiver for port 1
2026-07-13 17:18:22 [INFO    ] app.services.video.receiver — VideoReceiver created (Source: UDP)
2026-07-13 17:18:22 [INFO    ] app.services.video.receiver — VideoReceiver listening on UDP port 1
2026-07-13 17:18:22 [INFO    ] app.services.video.receiver — VideoReceiver thread started for udp
2026-07-13 17:18:22 [INFO    ] app.services.websocket.manager — Video client connected to port 1 — total for port: 1
2026-07-13 17:18:22 [INFO    ] app.services.video.manager — Broadcast loop started for port 1
2026-07-13 17:18:22 [INFO    ] app.services.video.manager — Starting new UdpTelemetryReceiver for JSON port 5002
2026-07-13 17:18:22 [INFO    ] app.services.telemetry.udp_telemetry — UdpTelemetryReceiver listening on 0.0.0.0:5002
2026-07-13 17:18:22 [INFO    ] app.services.video.manager — Starting new VideoReceiver for port 5601
2026-07-13 17:18:22 [INFO    ] app.services.video.receiver — VideoReceiver created (Source: UDP)
2026-07-13 17:18:22 [INFO    ] app.services.video.receiver — VideoReceiver listening on UDP port 5601
2026-07-13 17:18:22 [INFO    ] app.services.video.receiver — VideoReceiver thread started for udp
2026-07-13 17:18:22 [INFO    ] app.services.websocket.manager — Video client connected to port 5601 — total for port: 1
2026-07-13 17:18:22 [INFO    ] app.services.video.manager — Broadcast loop started for port 5601
2026-07-13 17:18:23 [INFO    ] app.services.mavlink.connection — Connecting to MAVLink at tcp:1:1
2026-07-13 17:18:26 [ERROR   ] app.services.mavlink.connection — Failed to connect to tcp:1:1: [Errno 11001] getaddrinfo failed
2026-07-13 17:18:26 [ERROR   ] app.services.mavlink.telemetry_bridge — Failed to connect slot 1: [Errno 11001] getaddrinfo failed
2026-07-13 17:20:32 [INFO    ] app.services.websocket.manager — Telemetry client disconnected — remaining: 1
2026-07-13 17:20:32 [INFO    ] app.services.websocket.manager — Telemetry client connected — total: 2
2026-07-13 17:21:29 [INFO    ] app.services.websocket.manager — Video client disconnected from port 1 — remaining for port: 0
2026-07-13 17:21:29 [INFO    ] app.services.video.manager — Stopping VideoReceiver for port 1
2026-07-13 17:21:29 [INFO    ] app.services.video.receiver — VideoReceiver stopped
2026-07-13 17:21:29 [INFO    ] app.services.video.manager — Stopping UdpTelemetryReceiver for JSON port 1
2026-07-13 17:21:29 [INFO    ] app.services.telemetry.udp_telemetry — UdpTelemetryReceiver stopped.
2026-07-13 17:21:30 [INFO    ] app.services.websocket.manager — Video client disconnected from port 5601 — remaining for port: 0
2026-07-13 17:21:30 [INFO    ] app.services.video.manager — Stopping VideoReceiver for port 5601
2026-07-13 17:21:30 [INFO    ] app.services.video.receiver — VideoReceiver stopped
2026-07-13 17:21:30 [INFO    ] app.services.video.manager — Stopping UdpTelemetryReceiver for JSON port 5002
2026-07-13 17:21:30 [INFO    ] app.services.telemetry.udp_telemetry — UdpTelemetryReceiver stopped.
2026-07-13 17:21:37 [INFO    ] app.services.websocket.manager — Telemetry client disconnected — remaining: 1
2026-07-13 17:21:37 [INFO    ] app.services.websocket.manager — System client disconnected — remaining: 0
2026-07-13 17:21:39 [INFO    ] app.services.websocket.manager — Telemetry client disconnected — remaining: 0
2026-07-13 17:22:08 [INFO    ] app.services.websocket.manager — Telemetry client connected — total: 1
2026-07-13 17:22:08 [INFO    ] app.services.video.manager — Starting new UdpTelemetryReceiver for JSON port 1
2026-07-13 17:22:08 [INFO    ] app.services.telemetry.udp_telemetry — UdpTelemetryReceiver listening on 0.0.0.0:1
2026-07-13 17:22:08 [INFO    ] app.services.video.manager — Starting new VideoReceiver for port 1
2026-07-13 17:22:08 [INFO    ] app.services.video.receiver — VideoReceiver created (Source: UDP)
2026-07-13 17:22:08 [INFO    ] app.services.video.receiver — VideoReceiver listening on UDP port 1
2026-07-13 17:22:08 [INFO    ] app.services.video.receiver — VideoReceiver thread started for udp
2026-07-13 17:22:08 [INFO    ] app.services.websocket.manager — Video client connected to port 1 — total for port: 1
2026-07-13 17:22:08 [INFO    ] app.services.video.manager — Broadcast loop started for port 1
2026-07-13 17:22:08 [INFO    ] app.services.video.manager — Starting new UdpTelemetryReceiver for JSON port 5002
2026-07-13 17:22:08 [INFO    ] app.services.telemetry.udp_telemetry — UdpTelemetryReceiver listening on 0.0.0.0:5002
2026-07-13 17:22:08 [INFO    ] app.services.video.manager — Starting new VideoReceiver for port 5601
2026-07-13 17:22:08 [INFO    ] app.services.video.receiver — VideoReceiver created (Source: UDP)
2026-07-13 17:22:08 [INFO    ] app.services.video.receiver — VideoReceiver listening on UDP port 5601
2026-07-13 17:22:08 [INFO    ] app.services.video.receiver — VideoReceiver thread started for udp
2026-07-13 17:22:08 [INFO    ] app.services.websocket.manager — Video client connected to port 5601 — total for port: 1
2026-07-13 17:22:08 [INFO    ] app.services.video.manager — Broadcast loop started for port 5601
2026-07-13 17:22:09 [INFO    ] app.services.mavlink.connection — Connecting to MAVLink at tcp:1:1
2026-07-13 17:22:11 [ERROR   ] app.services.mavlink.connection — Failed to connect to tcp:1:1: [Errno 11001] getaddrinfo failed
2026-07-13 17:22:11 [ERROR   ] app.services.mavlink.telemetry_bridge — Failed to connect slot 1: [Errno 11001] getaddrinfo failed
2026-07-13 17:23:49 [INFO    ] app.services.websocket.manager — Video client disconnected from port 5601 — remaining for port: 0
2026-07-13 17:23:49 [INFO    ] app.services.video.manager — Stopping VideoReceiver for port 5601
2026-07-13 17:23:49 [INFO    ] app.services.video.receiver — VideoReceiver stopped
2026-07-13 17:23:49 [INFO    ] app.services.video.manager — Stopping UdpTelemetryReceiver for JSON port 5002
2026-07-13 17:23:49 [INFO    ] app.services.telemetry.udp_telemetry — UdpTelemetryReceiver stopped.
2026-07-13 17:23:49 [INFO    ] app.services.websocket.manager — Video client disconnected from port 1 — remaining for port: 0
2026-07-13 17:23:49 [INFO    ] app.services.video.manager — Stopping VideoReceiver for port 1
2026-07-13 17:23:49 [INFO    ] app.services.video.receiver — VideoReceiver stopped
2026-07-13 17:23:49 [INFO    ] app.services.video.manager — Stopping UdpTelemetryReceiver for JSON port 1
2026-07-13 17:23:49 [INFO    ] app.services.telemetry.udp_telemetry — UdpTelemetryReceiver stopped.
2026-07-13 17:23:49 [INFO    ] app.services.websocket.manager — Telemetry client disconnected — remaining: 0
2026-07-13 17:23:49 [INFO    ] app.main — Ground Station shutting down…
2026-07-13 17:23:49 [INFO    ] app.services.yolo.detector — YOLODetector stopped | total_inferences=0 | total_detections=0
2026-07-13 17:23:49 [INFO    ] app.main — Ground Station stopped.
2026-07-13 17:23:57 [INFO    ] app.services.video.manager — MultiStreamManager ready (fps_limit=30, jpeg_quality=80, yolo=enabled)
2026-07-13 17:23:57 [INFO    ] app.main — ═══════════════════════════════════════════
2026-07-13 17:23:57 [INFO    ] app.main —   UAV Ground Station starting up
2026-07-13 17:23:57 [INFO    ] app.main —   Web  port : 8000
2026-07-13 17:23:57 [INFO    ] app.main —   Host      : 0.0.0.0
2026-07-13 17:23:57 [INFO    ] app.main —   YOLO      : enabled
2026-07-13 17:23:57 [INFO    ] app.main — ═══════════════════════════════════════════
2026-07-13 17:23:57 [INFO    ] app.services.yolo.detector — Loading YOLO model: yolo11n.pt
2026-07-13 17:23:57 [INFO    ] app.services.yolo.detector — Class 'person' → ID 0
2026-07-13 17:23:57 [INFO    ] app.services.yolo.detector — YOLODetector started | model=yolo11n.pt | conf=0.40 | iou=0.45 | max_fps=10.0 | device='auto' | filter=[0] | ws_broadcast=enabled
2026-07-13 17:23:57 [INFO    ] app.services.yolo.detector — === Class list dari model 'yolo11n.pt' ===
2026-07-13 17:23:57 [INFO    ] app.services.yolo.detector —   [  0] person ← AKTIF
2026-07-13 17:23:57 [INFO    ] app.services.yolo.detector —   [  1] bicycle
2026-07-13 17:23:57 [INFO    ] app.services.yolo.detector —   [  2] car
2026-07-13 17:23:57 [INFO    ] app.services.yolo.detector —   [  3] motorcycle
2026-07-13 17:23:57 [INFO    ] app.services.yolo.detector —   [  4] airplane
2026-07-13 17:23:57 [INFO    ] app.services.yolo.detector —   [  5] bus
2026-07-13 17:23:57 [INFO    ] app.services.yolo.detector —   [  6] train
2026-07-13 17:23:57 [INFO    ] app.services.yolo.detector —   [  7] truck
2026-07-13 17:23:57 [INFO    ] app.services.yolo.detector —   [  8] boat
2026-07-13 17:23:57 [INFO    ] app.services.yolo.detector —   [  9] traffic light
2026-07-13 17:23:57 [INFO    ] app.services.yolo.detector —   [ 10] fire hydrant
2026-07-13 17:23:57 [INFO    ] app.services.yolo.detector —   [ 11] stop sign
2026-07-13 17:23:57 [INFO    ] app.services.yolo.detector —   [ 12] parking meter
2026-07-13 17:23:57 [INFO    ] app.services.yolo.detector —   [ 13] bench
2026-07-13 17:23:57 [INFO    ] app.services.yolo.detector —   [ 14] bird
2026-07-13 17:23:57 [INFO    ] app.services.yolo.detector —   [ 15] cat
2026-07-13 17:23:57 [INFO    ] app.services.yolo.detector —   [ 16] dog
2026-07-13 17:23:57 [INFO    ] app.services.yolo.detector —   [ 17] horse
2026-07-13 17:23:57 [INFO    ] app.services.yolo.detector —   [ 18] sheep
2026-07-13 17:23:57 [INFO    ] app.services.yolo.detector —   [ 19] cow
2026-07-13 17:23:57 [INFO    ] app.services.yolo.detector —   [ 20] elephant
2026-07-13 17:23:57 [INFO    ] app.services.yolo.detector —   [ 21] bear
2026-07-13 17:23:57 [INFO    ] app.services.yolo.detector —   [ 22] zebra
2026-07-13 17:23:57 [INFO    ] app.services.yolo.detector —   [ 23] giraffe
2026-07-13 17:23:57 [INFO    ] app.services.yolo.detector —   [ 24] backpack
2026-07-13 17:23:57 [INFO    ] app.services.yolo.detector —   [ 25] umbrella
2026-07-13 17:23:57 [INFO    ] app.services.yolo.detector —   [ 26] handbag
2026-07-13 17:23:57 [INFO    ] app.services.yolo.detector —   [ 27] tie
2026-07-13 17:23:57 [INFO    ] app.services.yolo.detector —   [ 28] suitcase
2026-07-13 17:23:57 [INFO    ] app.services.yolo.detector —   [ 29] frisbee
2026-07-13 17:23:57 [INFO    ] app.services.yolo.detector —   [ 30] skis
2026-07-13 17:23:57 [INFO    ] app.services.yolo.detector —   [ 31] snowboard
2026-07-13 17:23:57 [INFO    ] app.services.yolo.detector —   [ 32] sports ball
2026-07-13 17:23:57 [INFO    ] app.services.yolo.detector —   [ 33] kite
2026-07-13 17:23:57 [INFO    ] app.services.yolo.detector —   [ 34] baseball bat
2026-07-13 17:23:57 [INFO    ] app.services.yolo.detector —   [ 35] baseball glove
2026-07-13 17:23:57 [INFO    ] app.services.yolo.detector —   [ 36] skateboard
2026-07-13 17:23:57 [INFO    ] app.services.yolo.detector —   [ 37] surfboard
2026-07-13 17:23:57 [INFO    ] app.services.yolo.detector —   [ 38] tennis racket
2026-07-13 17:23:57 [INFO    ] app.services.yolo.detector —   [ 39] bottle
2026-07-13 17:23:57 [INFO    ] app.services.yolo.detector —   [ 40] wine glass
2026-07-13 17:23:57 [INFO    ] app.services.yolo.detector —   [ 41] cup
2026-07-13 17:23:57 [INFO    ] app.services.yolo.detector —   [ 42] fork
2026-07-13 17:23:57 [INFO    ] app.services.yolo.detector —   [ 43] knife
2026-07-13 17:23:57 [INFO    ] app.services.yolo.detector —   [ 44] spoon
2026-07-13 17:23:57 [INFO    ] app.services.yolo.detector —   [ 45] bowl
2026-07-13 17:23:57 [INFO    ] app.services.yolo.detector —   [ 46] banana
2026-07-13 17:23:57 [INFO    ] app.services.yolo.detector —   [ 47] apple
2026-07-13 17:23:57 [INFO    ] app.services.yolo.detector —   [ 48] sandwich
2026-07-13 17:23:57 [INFO    ] app.services.yolo.detector —   [ 49] orange
2026-07-13 17:23:57 [INFO    ] app.services.yolo.detector —   [ 50] broccoli
2026-07-13 17:23:57 [INFO    ] app.services.yolo.detector —   [ 51] carrot
2026-07-13 17:23:57 [INFO    ] app.services.yolo.detector —   [ 52] hot dog
2026-07-13 17:23:57 [INFO    ] app.services.yolo.detector —   [ 53] pizza
2026-07-13 17:23:57 [INFO    ] app.services.yolo.detector —   [ 54] donut
2026-07-13 17:23:57 [INFO    ] app.services.yolo.detector —   [ 55] cake
2026-07-13 17:23:57 [INFO    ] app.services.yolo.detector —   [ 56] chair
2026-07-13 17:23:57 [INFO    ] app.services.yolo.detector —   [ 57] couch
2026-07-13 17:23:57 [INFO    ] app.services.yolo.detector —   [ 58] potted plant
2026-07-13 17:23:57 [INFO    ] app.services.yolo.detector —   [ 59] bed
2026-07-13 17:23:57 [INFO    ] app.services.yolo.detector —   [ 60] dining table
2026-07-13 17:23:57 [INFO    ] app.services.yolo.detector —   [ 61] toilet
2026-07-13 17:23:57 [INFO    ] app.services.yolo.detector —   [ 62] tv
2026-07-13 17:23:57 [INFO    ] app.services.yolo.detector —   [ 63] laptop
2026-07-13 17:23:57 [INFO    ] app.services.yolo.detector —   [ 64] mouse
2026-07-13 17:23:57 [INFO    ] app.services.yolo.detector —   [ 65] remote
2026-07-13 17:23:57 [INFO    ] app.services.yolo.detector —   [ 66] keyboard
2026-07-13 17:23:57 [INFO    ] app.services.yolo.detector —   [ 67] cell phone
2026-07-13 17:23:57 [INFO    ] app.services.yolo.detector —   [ 68] microwave
2026-07-13 17:23:57 [INFO    ] app.services.yolo.detector —   [ 69] oven
2026-07-13 17:23:57 [INFO    ] app.services.yolo.detector —   [ 70] toaster
2026-07-13 17:23:57 [INFO    ] app.services.yolo.detector —   [ 71] sink
2026-07-13 17:23:57 [INFO    ] app.services.yolo.detector —   [ 72] refrigerator
2026-07-13 17:23:57 [INFO    ] app.services.yolo.detector —   [ 73] book
2026-07-13 17:23:57 [INFO    ] app.services.yolo.detector —   [ 74] clock
2026-07-13 17:23:57 [INFO    ] app.services.yolo.detector —   [ 75] vase
2026-07-13 17:23:57 [INFO    ] app.services.yolo.detector —   [ 76] scissors
2026-07-13 17:23:57 [INFO    ] app.services.yolo.detector —   [ 77] teddy bear
2026-07-13 17:23:57 [INFO    ] app.services.yolo.detector —   [ 78] hair drier
2026-07-13 17:23:57 [INFO    ] app.services.yolo.detector —   [ 79] toothbrush
2026-07-13 17:23:57 [INFO    ] app.services.yolo.detector — Filter aktif: [0]
2026-07-13 17:23:57 [INFO    ] app.main — YOLODetector started (model=yolo11n.pt)
2026-07-13 17:23:57 [INFO    ] app.main — Ground Station ready — open http://0.0.0.0:8000
2026-07-13 17:23:57 [INFO    ] app.services.video.manager — Starting new UdpTelemetryReceiver for JSON port 5002
2026-07-13 17:23:57 [INFO    ] app.services.telemetry.udp_telemetry — UdpTelemetryReceiver listening on 0.0.0.0:5002
2026-07-13 17:23:57 [INFO    ] app.services.video.manager — Starting new VideoReceiver for port 5601
2026-07-13 17:23:57 [INFO    ] app.services.video.receiver — VideoReceiver created (Source: UDP)
2026-07-13 17:23:57 [INFO    ] app.services.video.receiver — VideoReceiver listening on UDP port 5601
2026-07-13 17:23:57 [INFO    ] app.services.video.receiver — VideoReceiver thread started for udp
2026-07-13 17:23:57 [INFO    ] app.services.websocket.manager — Video client connected to port 5601 — total for port: 1
2026-07-13 17:23:57 [INFO    ] app.services.video.manager — Broadcast loop started for port 5601
2026-07-13 17:23:57 [INFO    ] app.services.video.manager — Starting new UdpTelemetryReceiver for JSON port 1
2026-07-13 17:23:57 [INFO    ] app.services.telemetry.udp_telemetry — UdpTelemetryReceiver listening on 0.0.0.0:1
2026-07-13 17:23:57 [INFO    ] app.services.video.manager — Starting new VideoReceiver for port 1
2026-07-13 17:23:57 [INFO    ] app.services.video.receiver — VideoReceiver created (Source: UDP)
2026-07-13 17:23:57 [INFO    ] app.services.video.receiver — VideoReceiver listening on UDP port 1
2026-07-13 17:23:57 [INFO    ] app.services.video.receiver — VideoReceiver thread started for udp
2026-07-13 17:23:57 [INFO    ] app.services.websocket.manager — Video client connected to port 1 — total for port: 1
2026-07-13 17:23:57 [INFO    ] app.services.video.manager — Broadcast loop started for port 1
2026-07-13 17:23:57 [INFO    ] app.services.websocket.manager — Telemetry client connected — total: 1
2026-07-13 17:24:46 [INFO    ] app.services.websocket.manager — Video client disconnected from port 1 — remaining for port: 0
2026-07-13 17:24:46 [INFO    ] app.services.video.manager — Stopping VideoReceiver for port 1
2026-07-13 17:24:46 [INFO    ] app.services.video.receiver — VideoReceiver stopped
2026-07-13 17:24:46 [INFO    ] app.services.video.manager — Stopping UdpTelemetryReceiver for JSON port 1
2026-07-13 17:24:46 [INFO    ] app.services.telemetry.udp_telemetry — UdpTelemetryReceiver stopped.
2026-07-13 17:24:46 [INFO    ] app.services.websocket.manager — Video client disconnected from port 5601 — remaining for port: 0
2026-07-13 17:24:46 [INFO    ] app.services.video.manager — Stopping VideoReceiver for port 5601
2026-07-13 17:24:46 [INFO    ] app.services.video.receiver — VideoReceiver stopped
2026-07-13 17:24:46 [INFO    ] app.services.video.manager — Stopping UdpTelemetryReceiver for JSON port 5002
2026-07-13 17:24:46 [INFO    ] app.services.telemetry.udp_telemetry — UdpTelemetryReceiver stopped.
2026-07-13 17:24:46 [INFO    ] app.services.websocket.manager — Telemetry client disconnected — remaining: 0
2026-07-13 17:26:24 [INFO    ] app.services.websocket.manager — Telemetry client connected — total: 1
2026-07-13 17:26:24 [INFO    ] app.services.video.manager — Starting new UdpTelemetryReceiver for JSON port 1
2026-07-13 17:26:24 [INFO    ] app.services.telemetry.udp_telemetry — UdpTelemetryReceiver listening on 0.0.0.0:1
2026-07-13 17:26:24 [INFO    ] app.services.video.manager — Starting new VideoReceiver for port 1
2026-07-13 17:26:24 [INFO    ] app.services.video.receiver — VideoReceiver created (Source: UDP)
2026-07-13 17:26:24 [INFO    ] app.services.video.receiver — VideoReceiver listening on UDP port 1
2026-07-13 17:26:24 [INFO    ] app.services.video.receiver — VideoReceiver thread started for udp
2026-07-13 17:26:24 [INFO    ] app.services.websocket.manager — Video client connected to port 1 — total for port: 1
2026-07-13 17:26:24 [INFO    ] app.services.video.manager — Broadcast loop started for port 1
2026-07-13 17:26:24 [INFO    ] app.services.video.manager — Starting new UdpTelemetryReceiver for JSON port 5002
2026-07-13 17:26:24 [INFO    ] app.services.telemetry.udp_telemetry — UdpTelemetryReceiver listening on 0.0.0.0:5002
2026-07-13 17:26:24 [INFO    ] app.services.video.manager — Starting new VideoReceiver for port 5601
2026-07-13 17:26:24 [INFO    ] app.services.video.receiver — VideoReceiver created (Source: UDP)
2026-07-13 17:26:24 [INFO    ] app.services.video.receiver — VideoReceiver listening on UDP port 5601
2026-07-13 17:26:24 [INFO    ] app.services.video.receiver — VideoReceiver thread started for udp
2026-07-13 17:26:24 [INFO    ] app.services.websocket.manager — Video client connected to port 5601 — total for port: 1
2026-07-13 17:26:24 [INFO    ] app.services.video.manager — Broadcast loop started for port 5601
2026-07-13 17:26:25 [INFO    ] app.services.mavlink.connection — Connecting to MAVLink at tcp:1:1
2026-07-13 17:26:27 [ERROR   ] app.services.mavlink.connection — Failed to connect to tcp:1:1: [Errno 11001] getaddrinfo failed
2026-07-13 17:26:27 [ERROR   ] app.services.mavlink.telemetry_bridge — Failed to connect slot 1: [Errno 11001] getaddrinfo failed
2026-07-13 17:28:00 [INFO    ] app.services.websocket.manager — Telemetry client disconnected — remaining: 0
2026-07-13 17:28:00 [INFO    ] app.services.websocket.manager — Video client disconnected from port 1 — remaining for port: 0
2026-07-13 17:28:00 [INFO    ] app.services.video.manager — Stopping VideoReceiver for port 1
2026-07-13 17:28:00 [INFO    ] app.services.video.receiver — VideoReceiver stopped
2026-07-13 17:28:00 [INFO    ] app.services.video.manager — Stopping UdpTelemetryReceiver for JSON port 1
2026-07-13 17:28:00 [INFO    ] app.services.telemetry.udp_telemetry — UdpTelemetryReceiver stopped.
2026-07-13 17:28:00 [INFO    ] app.services.websocket.manager — Video client disconnected from port 5601 — remaining for port: 0
2026-07-13 17:28:00 [INFO    ] app.services.video.manager — Stopping VideoReceiver for port 5601
2026-07-13 17:28:00 [INFO    ] app.services.video.receiver — VideoReceiver stopped
2026-07-13 17:28:00 [INFO    ] app.services.video.manager — Stopping UdpTelemetryReceiver for JSON port 5002
2026-07-13 17:28:00 [INFO    ] app.services.telemetry.udp_telemetry — UdpTelemetryReceiver stopped.
2026-07-13 17:29:43 [INFO    ] app.services.websocket.manager — Telemetry client connected — total: 1
2026-07-13 17:29:43 [INFO    ] app.services.video.manager — Starting new UdpTelemetryReceiver for JSON port 1002
2026-07-13 17:29:43 [INFO    ] app.services.telemetry.udp_telemetry — UdpTelemetryReceiver listening on 0.0.0.0:1002
2026-07-13 17:29:43 [INFO    ] app.services.video.manager — Starting new VideoReceiver for port 1001
2026-07-13 17:29:43 [INFO    ] app.services.video.receiver — VideoReceiver created (Source: UDP)
2026-07-13 17:29:43 [INFO    ] app.services.video.receiver — VideoReceiver listening on UDP port 1001
2026-07-13 17:29:43 [INFO    ] app.services.video.receiver — VideoReceiver thread started for udp
2026-07-13 17:29:43 [INFO    ] app.services.websocket.manager — Video client connected to port 1001 — total for port: 1
2026-07-13 17:29:43 [INFO    ] app.services.video.manager — Broadcast loop started for port 1001
2026-07-13 17:29:44 [INFO    ] app.services.video.manager — Starting new UdpTelemetryReceiver for JSON port 5002
2026-07-13 17:29:44 [INFO    ] app.services.telemetry.udp_telemetry — UdpTelemetryReceiver listening on 0.0.0.0:5002
2026-07-13 17:29:44 [INFO    ] app.services.video.manager — Starting new VideoReceiver for port 5601
2026-07-13 17:29:44 [INFO    ] app.services.video.receiver — VideoReceiver created (Source: UDP)
2026-07-13 17:29:44 [INFO    ] app.services.video.receiver — VideoReceiver listening on UDP port 5601
2026-07-13 17:29:44 [INFO    ] app.services.video.receiver — VideoReceiver thread started for udp
2026-07-13 17:29:44 [INFO    ] app.services.websocket.manager — Video client connected to port 5601 — total for port: 1
2026-07-13 17:29:44 [INFO    ] app.services.video.manager — Broadcast loop started for port 5601
2026-07-13 17:29:44 [INFO    ] app.services.mavlink.connection — Connecting to MAVLink at tcp:100.121.12.16:5760
2026-07-13 17:29:47 [ERROR   ] app.services.mavlink.connection — Failed to connect to tcp:100.121.12.16:5760: Connection timed out (host unreachable)
2026-07-13 17:29:47 [ERROR   ] app.services.mavlink.telemetry_bridge — Failed to connect slot 1: Connection timed out (host unreachable)
2026-07-13 17:30:06 [INFO    ] app.services.websocket.manager — System client connected — total: 1
2026-07-13 17:30:06 [INFO    ] app.services.websocket.manager — Telemetry client connected — total: 2
2026-07-13 17:30:08 [INFO    ] app.services.mavlink.connection — Connecting to MAVLink at tcp:100.121.12.16:5760
2026-07-13 17:30:11 [ERROR   ] app.services.mavlink.connection — Failed to connect to tcp:100.121.12.16:5760: Connection timed out (host unreachable)
2026-07-13 17:30:11 [ERROR   ] app.services.mavlink.telemetry_bridge — Failed to connect slot 1: Connection timed out (host unreachable)
2026-07-13 17:35:45 [INFO    ] app.services.websocket.manager — Telemetry client disconnected — remaining: 1
2026-07-13 17:35:45 [INFO    ] app.services.websocket.manager — Video client disconnected from port 5601 — remaining for port: 0
2026-07-13 17:35:45 [INFO    ] app.services.video.manager — Stopping VideoReceiver for port 5601
2026-07-13 17:35:45 [INFO    ] app.services.video.receiver — VideoReceiver stopped
2026-07-13 17:35:45 [INFO    ] app.services.video.manager — Stopping UdpTelemetryReceiver for JSON port 5002
2026-07-13 17:35:45 [INFO    ] app.services.telemetry.udp_telemetry — UdpTelemetryReceiver stopped.
2026-07-13 17:35:45 [INFO    ] app.services.websocket.manager — Telemetry client disconnected — remaining: 0
2026-07-13 17:35:45 [INFO    ] app.services.websocket.manager — Video client disconnected from port 1001 — remaining for port: 0
2026-07-13 17:35:45 [INFO    ] app.services.video.manager — Stopping VideoReceiver for port 1001
2026-07-13 17:35:45 [INFO    ] app.services.video.receiver — VideoReceiver stopped
2026-07-13 17:35:45 [INFO    ] app.services.video.manager — Stopping UdpTelemetryReceiver for JSON port 1002
2026-07-13 17:35:45 [INFO    ] app.services.telemetry.udp_telemetry — UdpTelemetryReceiver stopped.
2026-07-13 17:35:45 [INFO    ] app.services.websocket.manager — System client disconnected — remaining: 0
2026-07-13 19:13:18 [INFO    ] app.services.websocket.manager — Telemetry client connected — total: 1
2026-07-13 19:13:18 [INFO    ] app.services.websocket.manager — System client connected — total: 1
2026-07-13 19:13:18 [INFO    ] app.services.video.manager — Starting new UdpTelemetryReceiver for JSON port 5002
2026-07-13 19:13:18 [INFO    ] app.services.telemetry.udp_telemetry — UdpTelemetryReceiver listening on 0.0.0.0:5002
2026-07-13 19:13:18 [INFO    ] app.services.video.manager — Starting new VideoReceiver for port 5601
2026-07-13 19:13:18 [INFO    ] app.services.video.receiver — VideoReceiver created (Source: UDP)
2026-07-13 19:13:18 [INFO    ] app.services.video.receiver — VideoReceiver listening on UDP port 5601
2026-07-13 19:13:18 [INFO    ] app.services.video.receiver — VideoReceiver thread started for udp
2026-07-13 19:13:18 [INFO    ] app.services.websocket.manager — Video client connected to port 5601 — total for port: 1
2026-07-13 19:13:18 [INFO    ] app.services.video.manager — Broadcast loop started for port 5601
2026-07-13 19:13:18 [INFO    ] app.services.websocket.manager — Telemetry client connected — total: 2
2026-07-13 19:13:18 [INFO    ] app.services.video.manager — Starting new UdpTelemetryReceiver for JSON port 1002
2026-07-13 19:13:18 [INFO    ] app.services.telemetry.udp_telemetry — UdpTelemetryReceiver listening on 0.0.0.0:1002
2026-07-13 19:13:18 [INFO    ] app.services.video.manager — Starting new VideoReceiver for port 1001
2026-07-13 19:13:18 [INFO    ] app.services.video.receiver — VideoReceiver created (Source: UDP)
2026-07-13 19:13:18 [INFO    ] app.services.video.receiver — VideoReceiver listening on UDP port 1001
2026-07-13 19:13:18 [INFO    ] app.services.video.receiver — VideoReceiver thread started for udp
2026-07-13 19:13:18 [INFO    ] app.services.websocket.manager — Video client connected to port 1001 — total for port: 1
2026-07-13 19:13:18 [INFO    ] app.services.video.manager — Broadcast loop started for port 1001
2026-07-13 19:13:24 [INFO    ] app.services.websocket.manager — Telemetry client disconnected — remaining: 1
2026-07-13 19:13:24 [INFO    ] app.services.websocket.manager — System client disconnected — remaining: 0
2026-07-13 19:14:32 [INFO    ] app.services.websocket.manager — System client connected — total: 1
2026-07-13 19:14:32 [INFO    ] app.services.websocket.manager — Telemetry client connected — total: 2
2026-07-13 19:14:33 [INFO    ] app.services.mavlink.connection — Connecting to MAVLink at tcp:100.121.12.16:5760
2026-07-13 19:14:33 [INFO    ] app.services.video.manager — Starting new UdpTelemetryReceiver for JSON port 2
2026-07-13 19:14:33 [INFO    ] app.services.telemetry.udp_telemetry — UdpTelemetryReceiver listening on 0.0.0.0:2
2026-07-13 19:14:33 [INFO    ] app.services.video.manager — Starting new VideoReceiver for port 1
2026-07-13 19:14:33 [INFO    ] app.services.video.receiver — VideoReceiver created (Source: UDP)
2026-07-13 19:14:33 [INFO    ] app.services.video.receiver — VideoReceiver listening on UDP port 1
2026-07-13 19:14:33 [INFO    ] app.services.video.receiver — VideoReceiver thread started for udp
2026-07-13 19:14:33 [INFO    ] app.services.websocket.manager — Video client connected to port 1 — total for port: 1
2026-07-13 19:14:33 [INFO    ] app.services.video.manager — Broadcast loop started for port 1
2026-07-13 19:14:36 [ERROR   ] app.services.mavlink.connection — Failed to connect to tcp:100.121.12.16:5760: Connection timed out (host unreachable)
2026-07-13 19:14:36 [ERROR   ] app.services.mavlink.telemetry_bridge — Failed to connect slot 1: Connection timed out (host unreachable)
2026-07-13 19:14:39 [INFO    ] app.services.websocket.manager — Video client disconnected from port 1001 — remaining for port: 0
2026-07-13 19:14:39 [INFO    ] app.services.video.manager — Stopping VideoReceiver for port 1001
2026-07-13 19:14:39 [INFO    ] app.services.video.receiver — VideoReceiver stopped
2026-07-13 19:14:39 [INFO    ] app.services.video.manager — Stopping UdpTelemetryReceiver for JSON port 1002
2026-07-13 19:14:39 [INFO    ] app.services.telemetry.udp_telemetry — UdpTelemetryReceiver stopped.
2026-07-13 19:17:43 [INFO    ] app.services.websocket.manager — Video client disconnected from port 1 — remaining for port: 0
2026-07-13 19:17:43 [INFO    ] app.services.video.manager — Stopping VideoReceiver for port 1
2026-07-13 19:17:43 [INFO    ] app.services.video.receiver — VideoReceiver stopped
2026-07-13 19:17:43 [INFO    ] app.services.video.manager — Stopping UdpTelemetryReceiver for JSON port 2
2026-07-13 19:17:43 [INFO    ] app.services.telemetry.udp_telemetry — UdpTelemetryReceiver stopped.
2026-07-13 19:17:43 [INFO    ] app.services.websocket.manager — Telemetry client disconnected — remaining: 1
2026-07-13 19:17:43 [INFO    ] app.services.websocket.manager — System client disconnected — remaining: 0
2026-07-13 20:46:43 [INFO    ] app.services.websocket.manager — Telemetry client disconnected — remaining: 0
2026-07-13 20:46:43 [INFO    ] app.services.websocket.manager — Video client disconnected from port 5601 — remaining for port: 0
2026-07-13 20:46:43 [INFO    ] app.services.video.manager — Stopping VideoReceiver for port 5601
2026-07-13 20:46:43 [INFO    ] app.services.video.receiver — VideoReceiver stopped
2026-07-13 20:46:43 [INFO    ] app.services.video.manager — Stopping UdpTelemetryReceiver for JSON port 5002
2026-07-13 20:46:43 [INFO    ] app.services.telemetry.udp_telemetry — UdpTelemetryReceiver stopped.
2026-07-14 11:45:51 [INFO    ] app.services.video.manager — MultiStreamManager ready (fps_limit=30, jpeg_quality=80, yolo=enabled)
2026-07-14 11:45:51 [INFO    ] app.main — ═══════════════════════════════════════════
2026-07-14 11:45:51 [INFO    ] app.main —   UAV Ground Station starting up
2026-07-14 11:45:51 [INFO    ] app.main —   Web  port : 8000
2026-07-14 11:45:51 [INFO    ] app.main —   Host      : 0.0.0.0
2026-07-14 11:45:51 [INFO    ] app.main —   YOLO      : enabled
2026-07-14 11:45:51 [INFO    ] app.main — ═══════════════════════════════════════════
2026-07-14 11:45:51 [INFO    ] app.services.yolo.detector — Loading YOLO model: yolo11n.pt
2026-07-14 11:45:51 [INFO    ] app.services.yolo.detector — Class 'person' → ID 0
2026-07-14 11:45:51 [INFO    ] app.services.yolo.detector — YOLODetector started | model=yolo11n.pt | conf=0.40 | iou=0.45 | max_fps=10.0 | device='auto' | filter=[0] | ws_broadcast=enabled
2026-07-14 11:45:51 [INFO    ] app.services.yolo.detector — === Class list dari model 'yolo11n.pt' ===
2026-07-14 11:45:51 [INFO    ] app.services.yolo.detector —   [  0] person ← AKTIF
2026-07-14 11:45:51 [INFO    ] app.services.yolo.detector —   [  1] bicycle
2026-07-14 11:45:51 [INFO    ] app.services.yolo.detector —   [  2] car
2026-07-14 11:45:51 [INFO    ] app.services.yolo.detector —   [  3] motorcycle
2026-07-14 11:45:51 [INFO    ] app.services.yolo.detector —   [  4] airplane
2026-07-14 11:45:51 [INFO    ] app.services.yolo.detector —   [  5] bus
2026-07-14 11:45:51 [INFO    ] app.services.yolo.detector —   [  6] train
2026-07-14 11:45:51 [INFO    ] app.services.yolo.detector —   [  7] truck
2026-07-14 11:45:51 [INFO    ] app.services.yolo.detector —   [  8] boat
2026-07-14 11:45:51 [INFO    ] app.services.yolo.detector —   [  9] traffic light
2026-07-14 11:45:51 [INFO    ] app.services.yolo.detector —   [ 10] fire hydrant
2026-07-14 11:45:51 [INFO    ] app.services.yolo.detector —   [ 11] stop sign
2026-07-14 11:45:51 [INFO    ] app.services.yolo.detector —   [ 12] parking meter
2026-07-14 11:45:51 [INFO    ] app.services.yolo.detector —   [ 13] bench
2026-07-14 11:45:51 [INFO    ] app.services.yolo.detector —   [ 14] bird
2026-07-14 11:45:51 [INFO    ] app.services.yolo.detector —   [ 15] cat
2026-07-14 11:45:51 [INFO    ] app.services.yolo.detector —   [ 16] dog
2026-07-14 11:45:51 [INFO    ] app.services.yolo.detector —   [ 17] horse
2026-07-14 11:45:51 [INFO    ] app.services.yolo.detector —   [ 18] sheep
2026-07-14 11:45:51 [INFO    ] app.services.yolo.detector —   [ 19] cow
2026-07-14 11:45:51 [INFO    ] app.services.yolo.detector —   [ 20] elephant
2026-07-14 11:45:51 [INFO    ] app.services.yolo.detector —   [ 21] bear
2026-07-14 11:45:51 [INFO    ] app.services.yolo.detector —   [ 22] zebra
2026-07-14 11:45:51 [INFO    ] app.services.yolo.detector —   [ 23] giraffe
2026-07-14 11:45:51 [INFO    ] app.services.yolo.detector —   [ 24] backpack
2026-07-14 11:45:51 [INFO    ] app.services.yolo.detector —   [ 25] umbrella
2026-07-14 11:45:51 [INFO    ] app.services.yolo.detector —   [ 26] handbag
2026-07-14 11:45:51 [INFO    ] app.services.yolo.detector —   [ 27] tie
2026-07-14 11:45:51 [INFO    ] app.services.yolo.detector —   [ 28] suitcase
2026-07-14 11:45:51 [INFO    ] app.services.yolo.detector —   [ 29] frisbee
2026-07-14 11:45:51 [INFO    ] app.services.yolo.detector —   [ 30] skis
2026-07-14 11:45:51 [INFO    ] app.services.yolo.detector —   [ 31] snowboard
2026-07-14 11:45:51 [INFO    ] app.services.yolo.detector —   [ 32] sports ball
2026-07-14 11:45:51 [INFO    ] app.services.yolo.detector —   [ 33] kite
2026-07-14 11:45:51 [INFO    ] app.services.yolo.detector —   [ 34] baseball bat
2026-07-14 11:45:51 [INFO    ] app.services.yolo.detector —   [ 35] baseball glove
2026-07-14 11:45:51 [INFO    ] app.services.yolo.detector —   [ 36] skateboard
2026-07-14 11:45:51 [INFO    ] app.services.yolo.detector —   [ 37] surfboard
2026-07-14 11:45:51 [INFO    ] app.services.yolo.detector —   [ 38] tennis racket
2026-07-14 11:45:51 [INFO    ] app.services.yolo.detector —   [ 39] bottle
2026-07-14 11:45:51 [INFO    ] app.services.yolo.detector —   [ 40] wine glass
2026-07-14 11:45:51 [INFO    ] app.services.yolo.detector —   [ 41] cup
2026-07-14 11:45:51 [INFO    ] app.services.yolo.detector —   [ 42] fork
2026-07-14 11:45:51 [INFO    ] app.services.yolo.detector —   [ 43] knife
2026-07-14 11:45:51 [INFO    ] app.services.yolo.detector —   [ 44] spoon
2026-07-14 11:45:51 [INFO    ] app.services.yolo.detector —   [ 45] bowl
2026-07-14 11:45:51 [INFO    ] app.services.yolo.detector —   [ 46] banana
2026-07-14 11:45:51 [INFO    ] app.services.yolo.detector —   [ 47] apple
2026-07-14 11:45:51 [INFO    ] app.services.yolo.detector —   [ 48] sandwich
2026-07-14 11:45:51 [INFO    ] app.services.yolo.detector —   [ 49] orange
2026-07-14 11:45:51 [INFO    ] app.services.yolo.detector —   [ 50] broccoli
2026-07-14 11:45:51 [INFO    ] app.services.yolo.detector —   [ 51] carrot
2026-07-14 11:45:51 [INFO    ] app.services.yolo.detector —   [ 52] hot dog
2026-07-14 11:45:51 [INFO    ] app.services.yolo.detector —   [ 53] pizza
2026-07-14 11:45:51 [INFO    ] app.services.yolo.detector —   [ 54] donut
2026-07-14 11:45:51 [INFO    ] app.services.yolo.detector —   [ 55] cake
2026-07-14 11:45:51 [INFO    ] app.services.yolo.detector —   [ 56] chair
2026-07-14 11:45:51 [INFO    ] app.services.yolo.detector —   [ 57] couch
2026-07-14 11:45:51 [INFO    ] app.services.yolo.detector —   [ 58] potted plant
2026-07-14 11:45:51 [INFO    ] app.services.yolo.detector —   [ 59] bed
2026-07-14 11:45:51 [INFO    ] app.services.yolo.detector —   [ 60] dining table
2026-07-14 11:45:51 [INFO    ] app.services.yolo.detector —   [ 61] toilet
2026-07-14 11:45:51 [INFO    ] app.services.yolo.detector —   [ 62] tv
2026-07-14 11:45:51 [INFO    ] app.services.yolo.detector —   [ 63] laptop
2026-07-14 11:45:51 [INFO    ] app.services.yolo.detector —   [ 64] mouse
2026-07-14 11:45:51 [INFO    ] app.services.yolo.detector —   [ 65] remote
2026-07-14 11:45:51 [INFO    ] app.services.yolo.detector —   [ 66] keyboard
2026-07-14 11:45:51 [INFO    ] app.services.yolo.detector —   [ 67] cell phone
2026-07-14 11:45:51 [INFO    ] app.services.yolo.detector —   [ 68] microwave
2026-07-14 11:45:51 [INFO    ] app.services.yolo.detector —   [ 69] oven
2026-07-14 11:45:51 [INFO    ] app.services.yolo.detector —   [ 70] toaster
2026-07-14 11:45:51 [INFO    ] app.services.yolo.detector —   [ 71] sink
2026-07-14 11:45:51 [INFO    ] app.services.yolo.detector —   [ 72] refrigerator
2026-07-14 11:45:51 [INFO    ] app.services.yolo.detector —   [ 73] book
2026-07-14 11:45:51 [INFO    ] app.services.yolo.detector —   [ 74] clock
2026-07-14 11:45:51 [INFO    ] app.services.yolo.detector —   [ 75] vase
2026-07-14 11:45:51 [INFO    ] app.services.yolo.detector —   [ 76] scissors
2026-07-14 11:45:51 [INFO    ] app.services.yolo.detector —   [ 77] teddy bear
2026-07-14 11:45:51 [INFO    ] app.services.yolo.detector —   [ 78] hair drier
2026-07-14 11:45:51 [INFO    ] app.services.yolo.detector —   [ 79] toothbrush
2026-07-14 11:45:51 [INFO    ] app.services.yolo.detector — Filter aktif: [0]
2026-07-14 11:45:51 [INFO    ] app.main — YOLODetector started (model=yolo11n.pt)
2026-07-14 11:45:51 [INFO    ] app.main — Ground Station ready — open http://0.0.0.0:8000
2026-07-14 11:45:55 [INFO    ] app.services.websocket.manager — System client connected — total: 1
2026-07-14 11:45:55 [INFO    ] app.services.websocket.manager — Telemetry client connected — total: 1
2026-07-14 11:46:07 [INFO    ] app.services.websocket.manager — System client disconnected — remaining: 0
2026-07-14 11:46:07 [INFO    ] app.services.websocket.manager — Telemetry client disconnected — remaining: 0
2026-07-14 11:46:53 [INFO    ] app.services.video.manager — Starting new UdpTelemetryReceiver for JSON port 1002
2026-07-14 11:46:53 [INFO    ] app.services.telemetry.udp_telemetry — UdpTelemetryReceiver listening on 0.0.0.0:1002
2026-07-14 11:46:53 [INFO    ] app.services.video.manager — Starting new VideoReceiver for port 1001
2026-07-14 11:46:53 [INFO    ] app.services.video.receiver — VideoReceiver created (Source: UDP)
2026-07-14 11:46:53 [INFO    ] app.services.video.receiver — VideoReceiver listening on UDP port 1001
2026-07-14 11:46:53 [INFO    ] app.services.video.receiver — VideoReceiver thread started for udp
2026-07-14 11:46:53 [INFO    ] app.services.websocket.manager — Video client connected to port 1001 — total for port: 1
2026-07-14 11:46:53 [INFO    ] app.services.video.manager — Broadcast loop started for port 1001
2026-07-14 11:46:53 [INFO    ] app.services.video.manager — Starting new UdpTelemetryReceiver for JSON port 5002
2026-07-14 11:46:53 [INFO    ] app.services.telemetry.udp_telemetry — UdpTelemetryReceiver listening on 0.0.0.0:5002
2026-07-14 11:46:53 [INFO    ] app.services.video.manager — Starting new VideoReceiver for port 5601
2026-07-14 11:46:53 [INFO    ] app.services.video.receiver — VideoReceiver created (Source: UDP)
2026-07-14 11:46:53 [INFO    ] app.services.video.receiver — VideoReceiver listening on UDP port 5601
2026-07-14 11:46:53 [INFO    ] app.services.video.receiver — VideoReceiver thread started for udp
2026-07-14 11:46:53 [INFO    ] app.services.websocket.manager — Video client connected to port 5601 — total for port: 1
2026-07-14 11:46:53 [INFO    ] app.services.video.manager — Broadcast loop started for port 5601
2026-07-14 11:46:53 [INFO    ] app.services.websocket.manager — Telemetry client connected — total: 1
2026-07-14 11:46:53 [INFO    ] app.services.mavlink.connection — Connecting to MAVLink at tcp:100.121.12.16:5760
2026-07-14 11:46:55 [ERROR   ] app.services.mavlink.connection — Failed to connect to tcp:100.121.12.16:5760: [WinError 10061] No connection could be made because the target machine actively refused it
2026-07-14 11:46:55 [ERROR   ] app.services.mavlink.telemetry_bridge — Failed to connect slot 1: [WinError 10061] No connection could be made because the target machine actively refused it
2026-07-14 11:47:36 [INFO    ] app.services.websocket.manager — Video client disconnected from port 1001 — remaining for port: 0
2026-07-14 11:47:36 [INFO    ] app.services.video.manager — Stopping VideoReceiver for port 1001
2026-07-14 11:47:36 [INFO    ] app.services.video.receiver — VideoReceiver stopped
2026-07-14 11:47:36 [INFO    ] app.services.video.manager — Stopping UdpTelemetryReceiver for JSON port 1002
2026-07-14 11:47:36 [INFO    ] app.services.telemetry.udp_telemetry — UdpTelemetryReceiver stopped.
2026-07-14 11:47:37 [INFO    ] app.services.video.manager — Starting new UdpTelemetryReceiver for JSON port 1002
2026-07-14 11:47:37 [INFO    ] app.services.telemetry.udp_telemetry — UdpTelemetryReceiver listening on 0.0.0.0:1002
2026-07-14 11:47:37 [INFO    ] app.services.video.manager — Starting new VideoReceiver for port 1002
2026-07-14 11:47:37 [INFO    ] app.services.video.receiver — VideoReceiver created (Source: UDP)
2026-07-14 11:47:37 [INFO    ] app.services.video.receiver — VideoReceiver listening on UDP port 1002
2026-07-14 11:47:37 [INFO    ] app.services.video.receiver — VideoReceiver thread started for udp
2026-07-14 11:47:37 [INFO    ] app.services.websocket.manager — Video client connected to port 1002 — total for port: 1
2026-07-14 11:47:37 [INFO    ] app.services.video.manager — Broadcast loop started for port 1002
2026-07-14 11:47:49 [INFO    ] app.services.websocket.manager — Video client disconnected from port 1002 — remaining for port: 0
2026-07-14 11:47:49 [INFO    ] app.services.video.manager — Stopping VideoReceiver for port 1002
2026-07-14 11:47:49 [INFO    ] app.services.video.receiver — VideoReceiver stopped
2026-07-14 11:47:49 [INFO    ] app.services.video.manager — Stopping UdpTelemetryReceiver for JSON port 1002
2026-07-14 11:47:49 [INFO    ] app.services.telemetry.udp_telemetry — UdpTelemetryReceiver stopped.
2026-07-14 11:47:49 [INFO    ] app.services.video.manager — Starting new UdpTelemetryReceiver for JSON port 1001
2026-07-14 11:47:49 [INFO    ] app.services.telemetry.udp_telemetry — UdpTelemetryReceiver listening on 0.0.0.0:1001
2026-07-14 11:47:49 [INFO    ] app.services.video.manager — Starting new VideoReceiver for port 1002
2026-07-14 11:47:49 [INFO    ] app.services.video.receiver — VideoReceiver created (Source: UDP)
2026-07-14 11:47:49 [INFO    ] app.services.video.receiver — VideoReceiver listening on UDP port 1002
2026-07-14 11:47:49 [INFO    ] app.services.video.receiver — VideoReceiver thread started for udp
2026-07-14 11:47:49 [INFO    ] app.services.websocket.manager — Video client connected to port 1002 — total for port: 1
2026-07-14 11:47:49 [INFO    ] app.services.video.manager — Broadcast loop started for port 1002
2026-07-14 11:47:50 [INFO    ] app.services.mavlink.connection — Connecting to MAVLink at tcp:100.121.12.16:5760
2026-07-14 11:47:50 [INFO    ] app.services.mavlink.connection — Connecting to MAVLink at tcp:192.168.1.11:5762
2026-07-14 11:47:53 [ERROR   ] app.services.mavlink.connection — Failed to connect to tcp:100.121.12.16:5760: Connection timed out (host unreachable)
2026-07-14 11:47:53 [ERROR   ] app.services.mavlink.telemetry_bridge — Failed to connect slot 1: Connection timed out (host unreachable)
2026-07-14 11:47:53 [ERROR   ] app.services.mavlink.connection — Failed to connect to tcp:192.168.1.11:5762: Connection timed out (host unreachable)
2026-07-14 11:47:53 [ERROR   ] app.services.mavlink.telemetry_bridge — Failed to connect slot 2: Connection timed out (host unreachable)
2026-07-14 12:33:55 [INFO    ] app.services.websocket.manager — Video client disconnected from port 5601 — remaining for port: 0
2026-07-14 12:33:56 [INFO    ] app.services.video.manager — Stopping VideoReceiver for port 5601
2026-07-14 12:33:56 [INFO    ] app.services.video.receiver — VideoReceiver stopped
2026-07-14 12:33:56 [INFO    ] app.services.video.manager — Stopping UdpTelemetryReceiver for JSON port 5002
2026-07-14 12:33:56 [INFO    ] app.services.telemetry.udp_telemetry — UdpTelemetryReceiver stopped.
2026-07-14 12:33:56 [INFO    ] app.services.websocket.manager — Video client disconnected from port 1002 — remaining for port: 0
2026-07-14 12:33:56 [INFO    ] app.services.video.manager — Stopping VideoReceiver for port 1002
2026-07-14 12:33:56 [INFO    ] app.services.video.receiver — VideoReceiver stopped
2026-07-14 12:33:56 [INFO    ] app.services.video.manager — Stopping UdpTelemetryReceiver for JSON port 1001
2026-07-14 12:33:56 [INFO    ] app.services.telemetry.udp_telemetry — UdpTelemetryReceiver stopped.
2026-07-14 12:33:56 [INFO    ] app.services.websocket.manager — Telemetry client disconnected — remaining: 0
2026-07-14 12:37:42 [INFO    ] app.main — Ground Station shutting down…
2026-07-14 12:37:43 [INFO    ] app.services.yolo.detector — YOLODetector stopped | total_inferences=57 | total_detections=22
2026-07-14 12:37:43 [INFO    ] app.main — Ground Station stopped.
2026-07-14 15:44:15 [INFO    ] app.services.video.manager — MultiStreamManager ready (fps_limit=30, jpeg_quality=80, yolo=enabled)
2026-07-14 15:44:15 [INFO    ] app.main — ═══════════════════════════════════════════
2026-07-14 15:44:15 [INFO    ] app.main —   UAV Ground Station starting up
2026-07-14 15:44:15 [INFO    ] app.main —   Web  port : 8000
2026-07-14 15:44:15 [INFO    ] app.main —   Host      : 0.0.0.0
2026-07-14 15:44:15 [INFO    ] app.main —   YOLO      : enabled
2026-07-14 15:44:15 [INFO    ] app.main — ═══════════════════════════════════════════
2026-07-14 15:44:15 [INFO    ] app.services.yolo.detector — Loading YOLO model: yolo11n.pt
2026-07-14 15:44:15 [INFO    ] app.services.yolo.detector — Class 'person' → ID 0
2026-07-14 15:44:15 [INFO    ] app.services.yolo.detector — YOLODetector started | model=yolo11n.pt | conf=0.40 | iou=0.45 | max_fps=10.0 | device='auto' | filter=[0] | ws_broadcast=enabled
2026-07-14 15:44:15 [INFO    ] app.services.yolo.detector — === Class list dari model 'yolo11n.pt' ===
2026-07-14 15:44:15 [INFO    ] app.services.yolo.detector —   [  0] person ← AKTIF
2026-07-14 15:44:15 [INFO    ] app.services.yolo.detector —   [  1] bicycle
2026-07-14 15:44:15 [INFO    ] app.services.yolo.detector —   [  2] car
2026-07-14 15:44:15 [INFO    ] app.services.yolo.detector —   [  3] motorcycle
2026-07-14 15:44:15 [INFO    ] app.services.yolo.detector —   [  4] airplane
2026-07-14 15:44:15 [INFO    ] app.services.yolo.detector —   [  5] bus
2026-07-14 15:44:15 [INFO    ] app.services.yolo.detector —   [  6] train
2026-07-14 15:44:15 [INFO    ] app.services.yolo.detector —   [  7] truck
2026-07-14 15:44:15 [INFO    ] app.services.yolo.detector —   [  8] boat
2026-07-14 15:44:15 [INFO    ] app.services.yolo.detector —   [  9] traffic light
2026-07-14 15:44:15 [INFO    ] app.services.yolo.detector —   [ 10] fire hydrant
2026-07-14 15:44:15 [INFO    ] app.services.yolo.detector —   [ 11] stop sign
2026-07-14 15:44:15 [INFO    ] app.services.yolo.detector —   [ 12] parking meter
2026-07-14 15:44:15 [INFO    ] app.services.yolo.detector —   [ 13] bench
2026-07-14 15:44:15 [INFO    ] app.services.yolo.detector —   [ 14] bird
2026-07-14 15:44:15 [INFO    ] app.services.yolo.detector —   [ 15] cat
2026-07-14 15:44:15 [INFO    ] app.services.yolo.detector —   [ 16] dog
2026-07-14 15:44:15 [INFO    ] app.services.yolo.detector —   [ 17] horse
2026-07-14 15:44:15 [INFO    ] app.services.yolo.detector —   [ 18] sheep
2026-07-14 15:44:15 [INFO    ] app.services.yolo.detector —   [ 19] cow
2026-07-14 15:44:15 [INFO    ] app.services.yolo.detector —   [ 20] elephant
2026-07-14 15:44:15 [INFO    ] app.services.yolo.detector —   [ 21] bear
2026-07-14 15:44:15 [INFO    ] app.services.yolo.detector —   [ 22] zebra
2026-07-14 15:44:15 [INFO    ] app.services.yolo.detector —   [ 23] giraffe
2026-07-14 15:44:15 [INFO    ] app.services.yolo.detector —   [ 24] backpack
2026-07-14 15:44:15 [INFO    ] app.services.yolo.detector —   [ 25] umbrella
2026-07-14 15:44:15 [INFO    ] app.services.yolo.detector —   [ 26] handbag
2026-07-14 15:44:15 [INFO    ] app.services.yolo.detector —   [ 27] tie
2026-07-14 15:44:15 [INFO    ] app.services.yolo.detector —   [ 28] suitcase
2026-07-14 15:44:15 [INFO    ] app.services.yolo.detector —   [ 29] frisbee
2026-07-14 15:44:15 [INFO    ] app.services.yolo.detector —   [ 30] skis
2026-07-14 15:44:15 [INFO    ] app.services.yolo.detector —   [ 31] snowboard
2026-07-14 15:44:15 [INFO    ] app.services.yolo.detector —   [ 32] sports ball
2026-07-14 15:44:15 [INFO    ] app.services.yolo.detector —   [ 33] kite
2026-07-14 15:44:15 [INFO    ] app.services.yolo.detector —   [ 34] baseball bat
2026-07-14 15:44:15 [INFO    ] app.services.yolo.detector —   [ 35] baseball glove
2026-07-14 15:44:15 [INFO    ] app.services.yolo.detector —   [ 36] skateboard
2026-07-14 15:44:15 [INFO    ] app.services.yolo.detector —   [ 37] surfboard
2026-07-14 15:44:15 [INFO    ] app.services.yolo.detector —   [ 38] tennis racket
2026-07-14 15:44:15 [INFO    ] app.services.yolo.detector —   [ 39] bottle
2026-07-14 15:44:15 [INFO    ] app.services.yolo.detector —   [ 40] wine glass
2026-07-14 15:44:15 [INFO    ] app.services.yolo.detector —   [ 41] cup
2026-07-14 15:44:15 [INFO    ] app.services.yolo.detector —   [ 42] fork
2026-07-14 15:44:15 [INFO    ] app.services.yolo.detector —   [ 43] knife
2026-07-14 15:44:15 [INFO    ] app.services.yolo.detector —   [ 44] spoon
2026-07-14 15:44:15 [INFO    ] app.services.yolo.detector —   [ 45] bowl
2026-07-14 15:44:15 [INFO    ] app.services.yolo.detector —   [ 46] banana
2026-07-14 15:44:15 [INFO    ] app.services.yolo.detector —   [ 47] apple
2026-07-14 15:44:15 [INFO    ] app.services.yolo.detector —   [ 48] sandwich
2026-07-14 15:44:15 [INFO    ] app.services.yolo.detector —   [ 49] orange
2026-07-14 15:44:15 [INFO    ] app.services.yolo.detector —   [ 50] broccoli
2026-07-14 15:44:15 [INFO    ] app.services.yolo.detector —   [ 51] carrot
2026-07-14 15:44:15 [INFO    ] app.services.yolo.detector —   [ 52] hot dog
2026-07-14 15:44:15 [INFO    ] app.services.yolo.detector —   [ 53] pizza
2026-07-14 15:44:15 [INFO    ] app.services.yolo.detector —   [ 54] donut
2026-07-14 15:44:15 [INFO    ] app.services.yolo.detector —   [ 55] cake
2026-07-14 15:44:15 [INFO    ] app.services.yolo.detector —   [ 56] chair
2026-07-14 15:44:15 [INFO    ] app.services.yolo.detector —   [ 57] couch
2026-07-14 15:44:15 [INFO    ] app.services.yolo.detector —   [ 58] potted plant
2026-07-14 15:44:15 [INFO    ] app.services.yolo.detector —   [ 59] bed
2026-07-14 15:44:15 [INFO    ] app.services.yolo.detector —   [ 60] dining table
2026-07-14 15:44:15 [INFO    ] app.services.yolo.detector —   [ 61] toilet
2026-07-14 15:44:15 [INFO    ] app.services.yolo.detector —   [ 62] tv
2026-07-14 15:44:15 [INFO    ] app.services.yolo.detector —   [ 63] laptop
2026-07-14 15:44:15 [INFO    ] app.services.yolo.detector —   [ 64] mouse
2026-07-14 15:44:15 [INFO    ] app.services.yolo.detector —   [ 65] remote
2026-07-14 15:44:15 [INFO    ] app.services.yolo.detector —   [ 66] keyboard
2026-07-14 15:44:15 [INFO    ] app.services.yolo.detector —   [ 67] cell phone
2026-07-14 15:44:15 [INFO    ] app.services.yolo.detector —   [ 68] microwave
2026-07-14 15:44:15 [INFO    ] app.services.yolo.detector —   [ 69] oven
2026-07-14 15:44:15 [INFO    ] app.services.yolo.detector —   [ 70] toaster
2026-07-14 15:44:15 [INFO    ] app.services.yolo.detector —   [ 71] sink
2026-07-14 15:44:15 [INFO    ] app.services.yolo.detector —   [ 72] refrigerator
2026-07-14 15:44:15 [INFO    ] app.services.yolo.detector —   [ 73] book
2026-07-14 15:44:15 [INFO    ] app.services.yolo.detector —   [ 74] clock
2026-07-14 15:44:15 [INFO    ] app.services.yolo.detector —   [ 75] vase
2026-07-14 15:44:15 [INFO    ] app.services.yolo.detector —   [ 76] scissors
2026-07-14 15:44:15 [INFO    ] app.services.yolo.detector —   [ 77] teddy bear
2026-07-14 15:44:15 [INFO    ] app.services.yolo.detector —   [ 78] hair drier
2026-07-14 15:44:15 [INFO    ] app.services.yolo.detector —   [ 79] toothbrush
2026-07-14 15:44:15 [INFO    ] app.services.yolo.detector — Filter aktif: [0]
2026-07-14 15:44:15 [INFO    ] app.main — YOLODetector started (model=yolo11n.pt)
2026-07-14 15:44:15 [INFO    ] app.main — Ground Station ready — open http://0.0.0.0:8000
2026-07-14 15:44:45 [INFO    ] app.services.video.manager — Starting new UdpTelemetryReceiver for JSON port 1001
2026-07-14 15:44:45 [INFO    ] app.services.telemetry.udp_telemetry — UdpTelemetryReceiver listening on 0.0.0.0:1001
2026-07-14 15:44:45 [INFO    ] app.services.video.manager — Starting new VideoReceiver for port 1002
2026-07-14 15:44:45 [INFO    ] app.services.video.receiver — VideoReceiver created (Source: UDP)
2026-07-14 15:44:45 [INFO    ] app.services.video.receiver — VideoReceiver listening on UDP port 1002
2026-07-14 15:44:45 [INFO    ] app.services.video.receiver — VideoReceiver thread started for udp
2026-07-14 15:44:45 [INFO    ] app.services.websocket.manager — Video client connected to port 1002 — total for port: 1
2026-07-14 15:44:45 [INFO    ] app.services.video.manager — Broadcast loop started for port 1002
2026-07-14 15:44:45 [INFO    ] app.services.video.manager — Starting new UdpTelemetryReceiver for JSON port 5002
2026-07-14 15:44:45 [INFO    ] app.services.telemetry.udp_telemetry — UdpTelemetryReceiver listening on 0.0.0.0:5002
2026-07-14 15:44:45 [INFO    ] app.services.video.manager — Starting new VideoReceiver for port 5601
2026-07-14 15:44:45 [INFO    ] app.services.video.receiver — VideoReceiver created (Source: UDP)
2026-07-14 15:44:45 [INFO    ] app.services.video.receiver — VideoReceiver listening on UDP port 5601
2026-07-14 15:44:45 [INFO    ] app.services.video.receiver — VideoReceiver thread started for udp
2026-07-14 15:44:45 [INFO    ] app.services.websocket.manager — Video client connected to port 5601 — total for port: 1
2026-07-14 15:44:45 [INFO    ] app.services.video.manager — Broadcast loop started for port 5601
2026-07-14 15:44:45 [INFO    ] app.services.mavlink.connection — Connecting to MAVLink at tcp:100.121.12.16:5760
2026-07-14 15:44:45 [INFO    ] app.services.websocket.manager — Telemetry client connected — total: 1
2026-07-14 15:44:45 [INFO    ] app.services.mavlink.connection — Connecting to MAVLink at tcp:192.168.1.11:5762
2026-07-14 15:44:46 [INFO    ] app.services.mavlink.connection — Waiting for heartbeat from tcp:100.121.12.16:5760...
2026-07-14 15:44:46 [INFO    ] app.services.mavlink.connection — Heartbeat received from tcp:100.121.12.16:5760!
2026-07-14 15:44:48 [ERROR   ] app.services.mavlink.connection — Failed to connect to tcp:192.168.1.11:5762: Connection timed out (host unreachable)
2026-07-14 15:44:48 [ERROR   ] app.services.mavlink.telemetry_bridge — Failed to connect slot 2: Connection timed out (host unreachable)
2026-07-14 15:45:38 [INFO    ] app.services.mavlink.connection — Disconnected from tcp:100.121.12.16:5760
2026-07-14 15:45:38 [INFO    ] app.services.mavlink.connection — Connecting to MAVLink at tcp:100.121.12.16:5761
2026-07-14 15:45:41 [ERROR   ] app.services.mavlink.connection — Failed to connect to tcp:100.121.12.16:5761: [WinError 10061] No connection could be made because the target machine actively refused it
2026-07-14 15:45:41 [ERROR   ] app.services.mavlink.telemetry_bridge — Failed to connect slot 1: [WinError 10061] No connection could be made because the target machine actively refused it
2026-07-14 15:45:44 [INFO    ] app.services.mavlink.connection — Connecting to MAVLink at tcp:100.121.12.16:5760
2026-07-14 15:45:44 [INFO    ] app.services.mavlink.connection — Waiting for heartbeat from tcp:100.121.12.16:5760...
2026-07-14 15:45:44 [INFO    ] app.services.mavlink.connection — Heartbeat received from tcp:100.121.12.16:5760!
2026-07-14 15:52:04 [INFO    ] app.services.mavlink.connection — Disconnected from tcp:100.121.12.16:5760
2026-07-14 15:52:04 [INFO    ] app.services.mavlink.connection — Connecting to MAVLink at tcp:100.121.12.16:5760
2026-07-14 15:52:06 [INFO    ] app.services.mavlink.connection — Waiting for heartbeat from tcp:100.121.12.16:5760...
2026-07-14 15:52:07 [ERROR   ] app.services.mavlink.connection — Failed to connect to tcp:100.121.12.16:5760: Connection timed out (host unreachable)
2026-07-14 15:52:07 [ERROR   ] app.services.mavlink.telemetry_bridge — Failed to connect slot 1: Connection timed out (host unreachable)
2026-07-14 15:52:25 [INFO    ] app.services.mavlink.connection — Connecting to MAVLink at tcp:100.121.12.16:5760
2026-07-14 15:52:25 [INFO    ] app.services.mavlink.connection — Connecting to MAVLink at tcp:192.168.1.11:5762
2026-07-14 15:52:25 [INFO    ] app.services.mavlink.connection — Waiting for heartbeat from tcp:100.121.12.16:5760...
2026-07-14 15:52:27 [ERROR   ] app.services.mavlink.connection — Failed to connect to tcp:100.121.12.16:5760: Heartbeat timeout
2026-07-14 15:52:27 [ERROR   ] app.services.mavlink.telemetry_bridge — Failed to connect slot 1: Heartbeat timeout
2026-07-14 15:52:28 [ERROR   ] app.services.mavlink.connection — Failed to connect to tcp:192.168.1.11:5762: Connection timed out (host unreachable)
2026-07-14 15:52:28 [ERROR   ] app.services.mavlink.telemetry_bridge — Failed to connect slot 2: Connection timed out (host unreachable)
2026-07-14 15:52:49 [INFO    ] app.services.mavlink.connection — Connecting to MAVLink at tcp:100.121.12.16:5760
2026-07-14 15:52:52 [ERROR   ] app.services.mavlink.connection — Failed to connect to tcp:100.121.12.16:5760: Connection timed out (host unreachable)
2026-07-14 15:52:52 [ERROR   ] app.services.mavlink.telemetry_bridge — Failed to connect slot 1: Connection timed out (host unreachable)
2026-07-14 15:53:28 [INFO    ] app.services.mavlink.connection — Connecting to MAVLink at tcp:100.121.12.16:5760
2026-07-14 15:53:28 [INFO    ] app.services.mavlink.connection — Waiting for heartbeat from tcp:100.121.12.16:5760...
2026-07-14 15:53:29 [INFO    ] app.services.mavlink.connection — Heartbeat received from tcp:100.121.12.16:5760!
2026-07-14 15:54:37 [INFO    ] app.services.mavlink.connection — Disconnected from tcp:100.121.12.16:5760
2026-07-14 15:54:37 [INFO    ] app.services.mavlink.connection — Connecting to MAVLink at tcp:100.121.12.16:5761
2026-07-14 15:54:40 [ERROR   ] app.services.mavlink.connection — Failed to connect to tcp:100.121.12.16:5761: [WinError 10061] No connection could be made because the target machine actively refused it
2026-07-14 15:54:40 [ERROR   ] app.services.mavlink.telemetry_bridge — Failed to connect slot 1: [WinError 10061] No connection could be made because the target machine actively refused it
2026-07-14 16:01:04 [INFO    ] app.services.mavlink.connection — Connecting to MAVLink at tcp:100.121.12.16:5760
2026-07-14 16:01:04 [INFO    ] app.services.mavlink.connection — Waiting for heartbeat from tcp:100.121.12.16:5760...
2026-07-14 16:01:04 [INFO    ] app.services.mavlink.connection — Heartbeat received from tcp:100.121.12.16:5760!
2026-07-14 16:06:09 [INFO    ] app.services.websocket.manager — System client connected — total: 1
2026-07-14 16:06:09 [INFO    ] app.services.websocket.manager — Telemetry client connected — total: 2
2026-07-14 16:06:11 [INFO    ] app.services.websocket.manager — Telemetry client disconnected — remaining: 1
2026-07-14 16:06:11 [INFO    ] app.services.websocket.manager — Video client disconnected from port 5601 — remaining for port: 0
2026-07-14 16:06:11 [INFO    ] app.services.video.manager — Stopping VideoReceiver for port 5601
2026-07-14 16:06:11 [INFO    ] app.services.video.receiver — VideoReceiver stopped
2026-07-14 16:06:11 [INFO    ] app.services.video.manager — Stopping UdpTelemetryReceiver for JSON port 5002
2026-07-14 16:06:11 [INFO    ] app.services.telemetry.udp_telemetry — UdpTelemetryReceiver stopped.
2026-07-14 16:06:11 [INFO    ] app.services.websocket.manager — Video client disconnected from port 1002 — remaining for port: 0
2026-07-14 16:06:11 [INFO    ] app.services.video.manager — Stopping VideoReceiver for port 1002
2026-07-14 16:06:11 [INFO    ] app.services.video.receiver — VideoReceiver stopped
2026-07-14 16:06:11 [INFO    ] app.services.video.manager — Stopping UdpTelemetryReceiver for JSON port 1001
2026-07-14 16:06:11 [INFO    ] app.services.telemetry.udp_telemetry — UdpTelemetryReceiver stopped.
2026-07-14 16:06:24 [INFO    ] app.services.mavlink.connection — Disconnected from tcp:100.121.12.16:5760
2026-07-14 16:06:24 [INFO    ] app.services.mavlink.connection — Connecting to MAVLink at tcp:100.121.12.16:5760
2026-07-14 16:06:24 [INFO    ] app.services.video.manager — Starting new UdpTelemetryReceiver for JSON port 2
2026-07-14 16:06:24 [INFO    ] app.services.telemetry.udp_telemetry — UdpTelemetryReceiver listening on 0.0.0.0:2
2026-07-14 16:06:24 [INFO    ] app.services.video.manager — Starting new VideoReceiver for port 1
2026-07-14 16:06:24 [INFO    ] app.services.video.receiver — VideoReceiver created (Source: UDP)
2026-07-14 16:06:24 [INFO    ] app.services.video.receiver — VideoReceiver listening on UDP port 1
2026-07-14 16:06:24 [INFO    ] app.services.video.receiver — VideoReceiver thread started for udp
2026-07-14 16:06:24 [INFO    ] app.services.websocket.manager — Video client connected to port 1 — total for port: 1
2026-07-14 16:06:24 [INFO    ] app.services.video.manager — Broadcast loop started for port 1
2026-07-14 16:06:24 [INFO    ] app.services.mavlink.connection — Waiting for heartbeat from tcp:100.121.12.16:5760...
2026-07-14 16:06:25 [INFO    ] app.services.mavlink.connection — Heartbeat received from tcp:100.121.12.16:5760!
2026-07-14 16:06:31 [INFO    ] app.services.websocket.manager — Video client disconnected from port 1 — remaining for port: 0
2026-07-14 16:06:31 [INFO    ] app.services.video.manager — Stopping VideoReceiver for port 1
2026-07-14 16:06:31 [INFO    ] app.services.video.receiver — VideoReceiver stopped
2026-07-14 16:06:31 [INFO    ] app.services.video.manager — Stopping UdpTelemetryReceiver for JSON port 2
2026-07-14 16:06:31 [INFO    ] app.services.telemetry.udp_telemetry — UdpTelemetryReceiver stopped.
2026-07-14 16:06:31 [INFO    ] app.services.video.manager — Starting new UdpTelemetryReceiver for JSON port 2
2026-07-14 16:06:31 [INFO    ] app.services.telemetry.udp_telemetry — UdpTelemetryReceiver listening on 0.0.0.0:2
2026-07-14 16:06:31 [INFO    ] app.services.video.manager — Starting new VideoReceiver for port 1002
2026-07-14 16:06:31 [INFO    ] app.services.video.receiver — VideoReceiver created (Source: UDP)
2026-07-14 16:06:31 [INFO    ] app.services.video.receiver — VideoReceiver listening on UDP port 1002
2026-07-14 16:06:31 [INFO    ] app.services.video.receiver — VideoReceiver thread started for udp
2026-07-14 16:06:31 [INFO    ] app.services.websocket.manager — Video client connected to port 1002 — total for port: 1
2026-07-14 16:06:31 [INFO    ] app.services.video.manager — Broadcast loop started for port 1002
2026-07-14 16:14:32 [INFO    ] app.services.mavlink.connection — Disconnected from tcp:100.121.12.16:5760
2026-07-14 16:14:32 [INFO    ] app.services.mavlink.connection — Connecting to MAVLink at tcp:100.121.12.16:5760
2026-07-14 16:14:32 [INFO    ] app.services.mavlink.connection — Waiting for heartbeat from tcp:100.121.12.16:5760...
2026-07-14 16:14:32 [INFO    ] app.services.mavlink.connection — Heartbeat received from tcp:100.121.12.16:5760!
2026-07-14 16:24:05 [INFO    ] app.services.websocket.manager — Telemetry client disconnected — remaining: 0
2026-07-14 16:24:05 [INFO    ] app.services.websocket.manager — Video client disconnected from port 1002 — remaining for port: 0
2026-07-14 16:24:05 [INFO    ] app.services.video.manager — Stopping VideoReceiver for port 1002
2026-07-14 16:24:05 [INFO    ] app.services.video.receiver — VideoReceiver stopped
2026-07-14 16:24:05 [INFO    ] app.services.video.manager — Stopping UdpTelemetryReceiver for JSON port 2
2026-07-14 16:24:05 [INFO    ] app.services.telemetry.udp_telemetry — UdpTelemetryReceiver stopped.
2026-07-14 16:24:05 [INFO    ] app.services.websocket.manager — System client disconnected — remaining: 0
2026-07-14 16:24:32 [INFO    ] app.services.video.manager — Starting new UdpTelemetryReceiver for JSON port 1001
2026-07-14 16:24:32 [INFO    ] app.services.telemetry.udp_telemetry — UdpTelemetryReceiver listening on 0.0.0.0:1001
2026-07-14 16:24:32 [INFO    ] app.services.video.manager — Starting new VideoReceiver for port 1002
2026-07-14 16:24:32 [INFO    ] app.services.video.receiver — VideoReceiver created (Source: UDP)
2026-07-14 16:24:32 [INFO    ] app.services.video.receiver — VideoReceiver listening on UDP port 1002
2026-07-14 16:24:32 [INFO    ] app.services.video.receiver — VideoReceiver thread started for udp
2026-07-14 16:24:32 [INFO    ] app.services.websocket.manager — Video client connected to port 1002 — total for port: 1
2026-07-14 16:24:32 [INFO    ] app.services.video.manager — Broadcast loop started for port 1002
2026-07-14 16:24:33 [INFO    ] app.services.mavlink.connection — Disconnected from tcp:100.121.12.16:5760
2026-07-14 16:24:33 [INFO    ] app.services.mavlink.connection — Connecting to MAVLink at tcp:100.121.12.16:5760
2026-07-14 16:24:33 [INFO    ] app.services.video.manager — Starting new UdpTelemetryReceiver for JSON port 5002
2026-07-14 16:24:33 [INFO    ] app.services.telemetry.udp_telemetry — UdpTelemetryReceiver listening on 0.0.0.0:5002
2026-07-14 16:24:33 [INFO    ] app.services.video.manager — Starting new VideoReceiver for port 5601
2026-07-14 16:24:33 [INFO    ] app.services.video.receiver — VideoReceiver created (Source: UDP)
2026-07-14 16:24:33 [INFO    ] app.services.video.receiver — VideoReceiver listening on UDP port 5601
2026-07-14 16:24:33 [INFO    ] app.services.video.receiver — VideoReceiver thread started for udp
2026-07-14 16:24:33 [INFO    ] app.services.websocket.manager — Video client connected to port 5601 — total for port: 1
2026-07-14 16:24:33 [INFO    ] app.services.mavlink.connection — Connecting to MAVLink at tcp:192.168.1.11:5762
2026-07-14 16:24:33 [INFO    ] app.services.video.manager — Broadcast loop started for port 5601
2026-07-14 16:24:33 [INFO    ] app.services.websocket.manager — Telemetry client connected — total: 1
2026-07-14 16:24:35 [ERROR   ] app.services.mavlink.connection — Failed to connect to tcp:100.121.12.16:5760: [WinError 10061] No connection could be made because the target machine actively refused it
2026-07-14 16:24:35 [ERROR   ] app.services.mavlink.telemetry_bridge — Failed to connect slot 1: [WinError 10061] No connection could be made because the target machine actively refused it
2026-07-14 16:24:36 [ERROR   ] app.services.mavlink.connection — Failed to connect to tcp:192.168.1.11:5762: Connection timed out (host unreachable)
2026-07-14 16:24:36 [ERROR   ] app.services.mavlink.telemetry_bridge — Failed to connect slot 2: Connection timed out (host unreachable)
2026-07-14 16:25:52 [INFO    ] app.services.mavlink.connection — Connecting to MAVLink at tcp:100.121.12.16:5760
2026-07-14 16:25:52 [INFO    ] app.services.mavlink.connection — Connecting to MAVLink at tcp:192.168.1.11:5762
2026-07-14 16:25:53 [INFO    ] app.services.mavlink.connection — Connecting to MAVLink at tcp:100.121.12.16:5760
2026-07-14 16:25:54 [ERROR   ] app.services.mavlink.connection — Failed to connect to tcp:100.121.12.16:5760: [WinError 10061] No connection could be made because the target machine actively refused it
2026-07-14 16:25:54 [ERROR   ] app.services.mavlink.telemetry_bridge — Failed to connect slot 1: [WinError 10061] No connection could be made because the target machine actively refused it
2026-07-14 16:25:55 [ERROR   ] app.services.mavlink.connection — Failed to connect to tcp:192.168.1.11:5762: Connection timed out (host unreachable)
2026-07-14 16:25:55 [ERROR   ] app.services.mavlink.telemetry_bridge — Failed to connect slot 2: Connection timed out (host unreachable)
2026-07-14 16:25:56 [ERROR   ] app.services.mavlink.connection — Failed to connect to tcp:100.121.12.16:5760: [WinError 10061] No connection could be made because the target machine actively refused it
2026-07-14 16:25:56 [ERROR   ] app.services.mavlink.telemetry_bridge — Failed to connect slot 1: [WinError 10061] No connection could be made because the target machine actively refused it
2026-07-14 16:26:03 [INFO    ] app.services.mavlink.connection — Connecting to MAVLink at tcp:100.121.12.16:5760
2026-07-14 16:26:05 [ERROR   ] app.services.mavlink.connection — Failed to connect to tcp:100.121.12.16:5760: [WinError 10061] No connection could be made because the target machine actively refused it
2026-07-14 16:26:05 [ERROR   ] app.services.mavlink.telemetry_bridge — Failed to connect slot 1: [WinError 10061] No connection could be made because the target machine actively refused it
2026-07-14 16:26:13 [INFO    ] app.services.mavlink.connection — Connecting to MAVLink at tcp:100.121.12.16:5760
2026-07-14 16:26:13 [INFO    ] app.services.mavlink.connection — Waiting for heartbeat from tcp:100.121.12.16:5760...
2026-07-14 16:26:13 [INFO    ] app.services.mavlink.connection — Heartbeat received from tcp:100.121.12.16:5760!
2026-07-14 16:26:55 [INFO    ] app.services.websocket.manager — Telemetry client disconnected — remaining: 0
2026-07-14 16:26:55 [INFO    ] app.services.websocket.manager — Video client disconnected from port 5601 — remaining for port: 0
2026-07-14 16:26:55 [INFO    ] app.services.video.manager — Stopping VideoReceiver for port 5601
2026-07-14 16:26:55 [INFO    ] app.services.video.receiver — VideoReceiver stopped
2026-07-14 16:26:55 [INFO    ] app.services.video.manager — Stopping UdpTelemetryReceiver for JSON port 5002
2026-07-14 16:26:55 [INFO    ] app.services.telemetry.udp_telemetry — UdpTelemetryReceiver stopped.
2026-07-14 16:26:55 [INFO    ] app.services.websocket.manager — Video client disconnected from port 1002 — remaining for port: 0
2026-07-14 16:26:55 [INFO    ] app.services.video.manager — Stopping VideoReceiver for port 1002
2026-07-14 16:26:55 [INFO    ] app.services.video.receiver — VideoReceiver stopped
2026-07-14 16:26:55 [INFO    ] app.services.video.manager — Stopping UdpTelemetryReceiver for JSON port 1001
2026-07-14 16:26:55 [INFO    ] app.services.telemetry.udp_telemetry — UdpTelemetryReceiver stopped.
